rawName,canonicalName,source,confidenceScore,method,timestamp
DoorDash,DoorDash,Y Combinator,0.8,DeterministicRuleCleaned,2026-09-10T13:58:52.987834+00:00
Airbnb,Airbnb,Y Combinator,0.8,DeterministicRuleCleaned,2026-09-10T13:58:52.992667+00:00
Coinbase,Coinbase,Y Combinator,0.8,DeterministicRuleCleaned,2026-09-10T13:58:52.996719+00:00
Groww,Groww,Y Combinator,0.8,DeterministicRuleCleaned,2026-09-10T13:58:52.999742+00:00
Instacart,Instacart,Y Combinator,0.8,DeterministicRuleCleaned,2026-09-10T13:58:53.003793+00:00
Meesho,Meesho,Y Combinator,0.8,DeterministicRuleCleaned,2026-09-10T13:58:53.008644+00:00
GitLab,GitLab,Y Combinator,0.8,DeterministicRuleCleaned,2026-09-10T13:58:53.012123+00:00
Oklo,Oklo,Y Combinator,0.8,DeterministicRuleCleaned,2026-09-10T13:58:53.015004+00:00
Rigetti Computing,Rigetti Computing,Y Combinator,0.8,DeterministicRuleCleaned,2026-09-10T13:58:53.020520+00:00
Dropbox,Dropbox,Y Combinator,0.8,DeterministicRuleCleaned,2026-09-10T13:58:53.025853+00:00
BillionToOne,BillionToOne,Y Combinator,0.8,DeterministicRuleCleaned,2026-09-10T13:58:53.030407+00:00
EquipmentShare,EquipmentShare,Y Combinator,0.8,DeterministicRuleCleaned,2026-09-10T13:58:53.035679+00:00
Matterport,Matterport,Y Combinator,0.8,DeterministicRuleCleaned,2026-09-10T13:58:53.042185+00:00
Amplitude,Amplitude,Y Combinator,0.8,DeterministicRuleCleaned,2026-09-10T13:58:53.046572+00:00
PagerDuty,PagerDuty,Y Combinator,0.8,DeterministicRuleCleaned,2026-09-10T13:58:53.050573+00:00
Weave,Weave,Y Combinator,0.8,DeterministicRuleCleaned,2026-09-10T13:58:53.053963+00:00
Ginkgo Bioworks,Ginkgo Bioworks,Y Combinator,0.8,DeterministicRuleCleaned,2026-09-10T13:58:53.060361+00:00
Pardes Biosciences,Pardes Biosciences,Y Combinator,0.8,DeterministicRuleCleaned,2026-09-10T13:58:53.066577+00:00
Momentus,Momentus,Y Combinator,0.8,DeterministicRuleCleaned,2026-09-10T13:58:53.070445+00:00
Embark Trucks,Embark Trucks,Y Combinator,0.8,DeterministicRuleCleaned,2026-09-10T13:58:53.078088+00:00
Lucira Health,Lucira Health,Y Combinator,0.8,DeterministicRuleCleaned,2026-09-10T13:58:53.082926+00:00
Segment,Segment,Y Combinator,0.8,DeterministicRuleCleaned,2026-09-10T13:58:53.086802+00:00
Algolia,Algolia,Y Combinator,0.8,DeterministicRuleCleaned,2026-09-10T13:58:53.092982+00:00
Truebill,Truebill,Y Combinator,0.8,DeterministicRuleCleaned,2026-09-10T13:58:53.097087+00:00
Twitch,Twitch,Y Combinator,0.8,DeterministicRuleCleaned,2026-09-10T13:58:53.100517+00:00
PlanGrid,PlanGrid,Y Combinator,0.8,DeterministicRuleCleaned,2026-09-10T13:58:53.105802+00:00
Bellabeat,Bellabeat,Y Combinator,0.8,DeterministicRuleCleaned,2026-09-10T13:58:53.110484+00:00
Cruise,Cruise,Y Combinator,0.8,DeterministicRuleCleaned,2026-09-10T13:58:53.113941+00:00
Benchling,Benchling,Y Combinator,0.8,DeterministicRuleCleaned,2026-09-10T13:58:53.117829+00:00
Casetext,Casetext,Y Combinator,0.8,DeterministicRuleCleaned,2026-09-10T13:58:53.123803+00:00
Bird,Bird,Y Combinator,0.8,DeterministicRuleCleaned,2026-09-10T13:58:53.126982+00:00
Brex,Brex,Y Combinator,0.8,DeterministicRuleCleaned,2026-09-10T13:58:53.129961+00:00
The Athletic,The Athletic,Y Combinator,0.8,DeterministicRuleCleaned,2026-09-10T13:58:53.134553+00:00
Codecademy,Codecademy,Y Combinator,0.8,DeterministicRuleCleaned,2026-09-10T13:58:53.140680+00:00
Checkr,Checkr,Y Combinator,0.8,DeterministicRuleCleaned,2026-09-10T13:58:53.143927+00:00
Lever,Lever,Y Combinator,0.8,DeterministicRuleCleaned,2026-09-10T13:58:53.147030+00:00
Clipboard,Clipboard,Y Combinator,0.8,DeterministicRuleCleaned,2026-09-10T13:58:53.150882+00:00
Heap,Heap,Y Combinator,0.8,DeterministicRuleCleaned,2026-09-10T13:58:53.155541+00:00
Sendwave,Sendwave,Y Combinator,0.8,DeterministicRuleCleaned,2026-09-10T13:58:53.159990+00:00
Deel,Deel,Y Combinator,0.8,DeterministicRuleCleaned,2026-09-10T13:58:53.163042+00:00
Clever,Clever,Y Combinator,0.8,DeterministicRuleCleaned,2026-09-10T13:58:53.166464+00:00
Caper,Caper,Y Combinator,0.8,DeterministicRuleCleaned,2026-09-10T13:58:53.169771+00:00
Reddit,Reddit,Y Combinator,0.8,DeterministicRuleCleaned,2026-09-10T13:58:53.175221+00:00
Fivestars,Fivestars,Y Combinator,0.8,DeterministicRuleCleaned,2026-09-10T13:58:53.179241+00:00
Machine Zone,Machine Zone,Y Combinator,0.8,DeterministicRuleCleaned,2026-09-10T13:58:53.183913+00:00
Faire,Faire,Y Combinator,0.8,DeterministicRuleCleaned,2026-09-10T13:58:53.187246+00:00
Fivetran,Fivetran,Y Combinator,0.8,DeterministicRuleCleaned,2026-09-10T13:58:53.192627+00:00
Optimizely,Optimizely,Y Combinator,0.8,DeterministicRuleCleaned,2026-09-10T13:58:53.196974+00:00
Flexport,Flexport,Y Combinator,0.8,DeterministicRuleCleaned,2026-09-10T13:58:53.200754+00:00
WePay,WePay,Y Combinator,0.8,DeterministicRuleCleaned,2026-09-10T13:58:53.205434+00:00
Weebly,Weebly,Y Combinator,0.8,DeterministicRuleCleaned,2026-09-10T13:58:53.209612+00:00
Flock Safety,Flock Safety,Y Combinator,0.8,DeterministicRuleCleaned,2026-09-10T13:58:53.213993+00:00
Sqreen,Sqreen,Y Combinator,0.8,DeterministicRuleCleaned,2026-09-10T13:58:53.217777+00:00
NURX,NURX,Y Combinator,0.8,DeterministicRuleCleaned,2026-09-10T13:58:53.221754+00:00
Go1,Go1,Y Combinator,0.8,DeterministicRuleCleaned,2026-09-10T13:58:53.224928+00:00
CoreOS,CoreOS,Y Combinator,0.8,DeterministicRuleCleaned,2026-09-10T13:58:53.228315+00:00
Bear Flag Robotics,Bear Flag Robotics,Y Combinator,0.8,DeterministicRuleCleaned,2026-09-10T13:58:53.234411+00:00
GOAT Group,GOAT Group,Y Combinator,0.8,DeterministicRuleCleaned,2026-09-10T13:58:53.240435+00:00
Heroku,Heroku,Y Combinator,0.8,DeterministicRuleCleaned,2026-09-10T13:58:53.243761+00:00
GrubMarket,GrubMarket,Y Combinator,0.8,DeterministicRuleCleaned,2026-09-10T13:58:53.248045+00:00
HelloSign,HelloSign,Y Combinator,0.8,DeterministicRuleCleaned,2026-09-10T13:58:53.252296+00:00
Zenefits,Zenefits,Y Combinator,0.8,DeterministicRuleCleaned,2026-09-10T13:58:53.258265+00:00
Gusto,Gusto,Y Combinator,0.8,DeterministicRuleCleaned,2026-09-10T13:58:53.261383+00:00
Honeylove,Honeylove,Y Combinator,0.8,DeterministicRuleCleaned,2026-09-10T13:58:53.265612+00:00
Modern Fertility,Modern Fertility,Y Combinator,0.8,DeterministicRuleCleaned,2026-09-10T13:58:53.272331+00:00
Cognito,Cognito,Y Combinator,0.8,DeterministicRuleCleaned,2026-09-10T13:58:53.276087+00:00
OpenInvest,OpenInvest,Y Combinator,0.8,DeterministicRuleCleaned,2026-09-10T13:58:53.280322+00:00
Mixpanel,Mixpanel,Y Combinator,0.8,DeterministicRuleCleaned,2026-09-10T13:58:53.284226+00:00
Paystack,Paystack,Y Combinator,0.8,DeterministicRuleCleaned,2026-09-10T13:58:53.289780+00:00
Moxion Power Co.,Moxion Power,Y Combinator,0.8,DeterministicRuleCleaned,2026-09-10T13:58:53.294862+00:00
DrChrono,DrChrono,Y Combinator,0.8,DeterministicRuleCleaned,2026-09-10T13:58:53.298566+00:00
OMGPop,OMGPop,Y Combinator,0.8,DeterministicRuleCleaned,2026-09-10T13:58:53.301520+00:00
Newfront,Newfront,Y Combinator,0.8,DeterministicRuleCleaned,2026-09-10T13:58:53.306847+00:00
North,North,Y Combinator,0.8,DeterministicRuleCleaned,2026-09-10T13:58:53.310179+00:00
Nowports,Nowports,Y Combinator,0.8,DeterministicRuleCleaned,2026-09-10T13:58:53.313754+00:00
Odeko,Odeko,Y Combinator,0.8,DeterministicRuleCleaned,2026-09-10T13:58:53.316915+00:00
GitPrime,GitPrime,Y Combinator,0.8,DeterministicRuleCleaned,2026-09-10T13:58:53.322049+00:00
Proxy,Proxy,Y Combinator,0.8,DeterministicRuleCleaned,2026-09-10T13:58:53.325556+00:00
FutureAdvisor,FutureAdvisor,Y Combinator,0.8,DeterministicRuleCleaned,2026-09-10T13:58:53.330386+00:00
Podium,Podium,Y Combinator,0.8,DeterministicRuleCleaned,2026-09-10T13:58:53.333800+00:00
Rappi,Rappi,Y Combinator,0.8,DeterministicRuleCleaned,2026-09-10T13:58:53.338246+00:00
Razorpay,Razorpay,Y Combinator,0.8,DeterministicRuleCleaned,2026-09-10T13:58:53.342717+00:00
Rippling,Rippling,Y Combinator,0.8,DeterministicRuleCleaned,2026-09-10T13:58:53.346573+00:00
Scale AI,Scale AI,Y Combinator,1.0,ExactSeedMatch,2026-09-10T13:58:53.346605+00:00
Scentbird,Scentbird,Y Combinator,0.8,DeterministicRuleCleaned,2026-09-10T13:58:53.350593+00:00
Scribd,Scribd,Y Combinator,0.8,DeterministicRuleCleaned,2026-09-10T13:58:53.355378+00:00
ShipBob,ShipBob,Y Combinator,0.8,DeterministicRuleCleaned,2026-09-10T13:58:53.359167+00:00
SmartAsset,SmartAsset,Y Combinator,0.8,DeterministicRuleCleaned,2026-09-10T13:58:53.363350+00:00
Stripe,Stripe,Y Combinator,0.8,DeterministicRuleCleaned,2026-09-10T13:58:53.367051+00:00
Wave,Wave,Y Combinator,0.8,DeterministicRuleCleaned,2026-09-10T13:58:53.370174+00:00
Webflow,Webflow,Y Combinator,0.8,DeterministicRuleCleaned,2026-09-10T13:58:53.375564+00:00
Whatnot,Whatnot,Y Combinator,0.8,DeterministicRuleCleaned,2026-09-10T13:58:53.379361+00:00
Zapier,Zapier,Y Combinator,0.8,DeterministicRuleCleaned,2026-09-10T13:58:53.383011+00:00
Zepto,Zepto,Y Combinator,0.8,DeterministicRuleCleaned,2026-09-10T13:58:53.386547+00:00
Focal Systems,Focal,Y Combinator,0.8,DeterministicRuleCleaned,2026-09-10T13:58:53.393271+00:00
Mio,Mio,Y Combinator,0.8,DeterministicRuleCleaned,2026-09-10T13:58:53.396195+00:00
Daily,Daily,Y Combinator,0.8,DeterministicRuleCleaned,2026-09-10T13:58:53.399470+00:00
Petcube,Petcube,Y Combinator,0.8,DeterministicRuleCleaned,2026-09-10T13:58:53.403305+00:00
Outschool,Outschool,Y Combinator,0.8,DeterministicRuleCleaned,2026-09-10T13:58:53.409114+00:00
Mason,Mason,Y Combinator,0.8,DeterministicRuleCleaned,2026-09-10T13:58:53.412490+00:00
MagicBus,MagicBus,Y Combinator,0.8,DeterministicRuleCleaned,2026-09-10T13:58:54.487843+00:00
Tovala,Tovala,Y Combinator,0.8,DeterministicRuleCleaned,2026-09-10T13:58:54.491864+00:00
iSono Health,iSono Health,Y Combinator,0.8,DeterministicRuleCleaned,2026-09-10T13:58:54.496588+00:00
GetAccept,GetAccept,Y Combinator,0.8,DeterministicRuleCleaned,2026-09-10T13:58:54.501008+00:00
Chatfuel,Chatfuel,Y Combinator,0.8,DeterministicRuleCleaned,2026-09-10T13:58:54.506410+00:00
Yardbook,Yardbook,Y Combinator,0.8,DeterministicRuleCleaned,2026-09-10T13:58:54.510102+00:00
GoCardless,GoCardless,Y Combinator,0.8,DeterministicRuleCleaned,2026-09-10T13:58:54.514208+00:00
Stealth Worker,Stealth Worker,Y Combinator,0.8,DeterministicRuleCleaned,2026-09-10T13:58:54.520709+00:00
Deepgram,Deepgram,Y Combinator,0.8,DeterministicRuleCleaned,2026-09-10T13:58:54.526173+00:00
SOUNDBOKS,SOUNDBOKS,Y Combinator,0.8,DeterministicRuleCleaned,2026-09-10T13:58:54.529962+00:00
Lattice,Lattice,Y Combinator,0.8,DeterministicRuleCleaned,2026-09-10T13:58:54.534250+00:00
Mux,Mux,Y Combinator,0.8,DeterministicRuleCleaned,2026-09-10T13:58:54.538177+00:00
Human Interest,Human Interest,Y Combinator,0.8,DeterministicRuleCleaned,2026-09-10T13:58:54.543595+00:00
Flirtey (SkyDrop),Flirtey (SkyDrop),Y Combinator,0.8,DeterministicRuleCleaned,2026-09-10T13:58:54.548816+00:00
Eight Sleep,Eight Sleep,Y Combinator,0.8,DeterministicRuleCleaned,2026-09-10T13:58:54.554825+00:00
Instawork,Instawork,Y Combinator,0.8,DeterministicRuleCleaned,2026-09-10T13:58:54.558662+00:00
Cofactor Genomics,Cofactor Genomics,Y Combinator,0.8,DeterministicRuleCleaned,2026-09-10T13:58:54.564055+00:00
Bitmovin,Bitmovin,Y Combinator,0.8,DeterministicRuleCleaned,2026-09-10T13:58:54.567734+00:00
TetraScience,TetraScience,Y Combinator,0.8,DeterministicRuleCleaned,2026-09-10T13:58:54.574713+00:00
The Ticket Fairy,The Ticket Fairy,Y Combinator,0.8,DeterministicRuleCleaned,2026-09-10T13:58:54.579983+00:00
Font Awesome,Font Awesome,Y Combinator,0.8,DeterministicRuleCleaned,2026-09-10T13:58:54.584452+00:00
"80,000 Hours","80,000 Hours",Y Combinator,0.8,DeterministicRuleCleaned,2026-09-10T13:58:54.590214+00:00
Xendit,Xendit,Y Combinator,0.8,DeterministicRuleCleaned,2026-09-10T13:58:54.593890+00:00
Shred Video,Shred Video,Y Combinator,0.8,DeterministicRuleCleaned,2026-09-10T13:58:54.598793+00:00
Shape (ShapeScale),Shape (ShapeScale),Y Combinator,0.8,DeterministicRuleCleaned,2026-09-10T13:58:54.606225+00:00
RedCarpetUp,RedCarpetUp,Y Combinator,0.8,DeterministicRuleCleaned,2026-09-10T13:58:54.610708+00:00
Plate IQ,Plate IQ,Y Combinator,0.8,DeterministicRuleCleaned,2026-09-10T13:58:54.614782+00:00
PickTrace,PickTrace,Y Combinator,0.8,DeterministicRuleCleaned,2026-09-10T13:58:54.618802+00:00
Fountain,Fountain,Y Combinator,0.8,DeterministicRuleCleaned,2026-09-10T13:58:54.624586+00:00
Microhealth,Microhealth,Y Combinator,0.8,DeterministicRuleCleaned,2026-09-10T13:58:54.629118+00:00
Zeplin,Zeplin,Y Combinator,0.8,DeterministicRuleCleaned,2026-09-10T13:58:54.632745+00:00
Markhor,Markhor,Y Combinator,0.8,DeterministicRuleCleaned,2026-09-10T13:58:54.637695+00:00
Circle Medical,Circle Medical,Y Combinator,0.8,DeterministicRuleCleaned,2026-09-10T13:58:54.643137+00:00
GiveCampus,GiveCampus,Y Combinator,0.8,DeterministicRuleCleaned,2026-09-10T13:58:54.647425+00:00
Drip Capital,Drip Capital,Y Combinator,0.8,DeterministicRuleCleaned,2026-09-10T13:58:54.652119+00:00
Chaldal,Chaldal,Y Combinator,0.8,DeterministicRuleCleaned,2026-09-10T13:58:54.657654+00:00
Clerky,Clerky,Y Combinator,0.8,DeterministicRuleCleaned,2026-09-10T13:58:54.660958+00:00
Bodyport,Bodyport,Y Combinator,0.8,DeterministicRuleCleaned,2026-09-10T13:58:54.664398+00:00
Verge Genomics,Verge Genomics,Y Combinator,0.8,DeterministicRuleCleaned,2026-09-10T13:58:54.670913+00:00
Thrive Agritech,Thrive Agritech,Y Combinator,0.8,DeterministicRuleCleaned,2026-09-10T13:58:54.677094+00:00
Tesorio,Tesorio,Y Combinator,0.8,DeterministicRuleCleaned,2026-09-10T13:58:54.680894+00:00
AgileMD,AgileMD,Y Combinator,0.8,DeterministicRuleCleaned,2026-09-10T13:58:54.684629+00:00
Reach,Reach,Y Combinator,0.8,DeterministicRuleCleaned,2026-09-10T13:58:54.689594+00:00
SunFarmer,SunFarmer,Y Combinator,0.8,DeterministicRuleCleaned,2026-09-10T13:58:54.693665+00:00
Confident LIMS,Confident LIMS,Y Combinator,0.8,DeterministicRuleCleaned,2026-09-10T13:58:54.698473+00:00
Branch8,Branch8,Y Combinator,0.8,DeterministicRuleCleaned,2026-09-10T13:58:54.702000+00:00
Heroic Labs,Heroic,Y Combinator,0.8,DeterministicRuleCleaned,2026-09-10T13:58:54.708204+00:00
SnapMagic,SnapMagic,Y Combinator,0.8,DeterministicRuleCleaned,2026-09-10T13:58:54.712390+00:00
Assembly,Assembly,Y Combinator,0.8,DeterministicRuleCleaned,2026-09-10T13:58:54.715956+00:00
Gemnote,Gemnote,Y Combinator,0.8,DeterministicRuleCleaned,2026-09-10T13:58:54.721088+00:00
New Story,New Story,Y Combinator,0.8,DeterministicRuleCleaned,2026-09-10T13:58:54.725432+00:00
Ironclad,Ironclad,Y Combinator,0.8,DeterministicRuleCleaned,2026-09-10T13:58:54.729230+00:00
Leaders In Tech,Leaders In Tech,Y Combinator,0.8,DeterministicRuleCleaned,2026-09-10T13:58:54.734201+00:00
teaBOT,teaBOT,Y Combinator,0.8,DeterministicRuleCleaned,2026-09-10T13:58:54.743640+00:00
Teleport,Teleport,Y Combinator,0.8,DeterministicRuleCleaned,2026-09-10T13:58:54.747416+00:00
Lugg,Lugg,Y Combinator,0.8,DeterministicRuleCleaned,2026-09-10T13:58:54.750348+00:00
Shasqi,Shasqi,Y Combinator,0.8,DeterministicRuleCleaned,2026-09-10T13:58:54.757703+00:00
Mashgin,Mashgin,Y Combinator,0.8,DeterministicRuleCleaned,2026-09-10T13:58:54.762046+00:00
NimbleRx,NimbleRx,Y Combinator,0.8,DeterministicRuleCleaned,2026-09-10T13:58:54.766640+00:00
Quartzy,Quartzy,Y Combinator,0.8,DeterministicRuleCleaned,2026-09-10T13:58:54.772669+00:00
Replika,Replika,Y Combinator,0.8,DeterministicRuleCleaned,2026-09-10T13:58:54.777278+00:00
Tara AI,Tara AI,Y Combinator,0.8,DeterministicRuleCleaned,2026-09-10T13:58:54.781564+00:00
Flip,Flip,Y Combinator,0.8,DeterministicRuleCleaned,2026-09-10T13:58:54.787314+00:00
X-Zell,X-Zell,Y Combinator,0.8,DeterministicRuleCleaned,2026-09-10T13:58:54.792804+00:00
Zenflow,Zenflow,Y Combinator,0.8,DeterministicRuleCleaned,2026-09-10T13:58:54.796643+00:00
Tab,Tab,Y Combinator,0.8,DeterministicRuleCleaned,2026-09-10T13:58:54.799593+00:00
Streak,Streak,Y Combinator,0.8,DeterministicRuleCleaned,2026-09-10T13:58:54.804990+00:00
Meadow,Meadow,Y Combinator,0.8,DeterministicRuleCleaned,2026-09-10T13:58:54.808556+00:00
Level Frames,Level Frames,Y Combinator,0.8,DeterministicRuleCleaned,2026-09-10T13:58:54.813187+00:00
Industrial Microbes,Industrial Microbes,Y Combinator,0.8,DeterministicRuleCleaned,2026-09-10T13:58:54.818452+00:00
Giveffect,Giveffect,Y Combinator,0.8,DeterministicRuleCleaned,2026-09-10T13:58:54.824092+00:00
eBrandvalue,eBrandvalue,Y Combinator,0.8,DeterministicRuleCleaned,2026-09-10T13:58:54.828706+00:00
Quantierra,Quantierra,Y Combinator,0.8,DeterministicRuleCleaned,2026-09-10T13:58:54.833103+00:00
Cleanly,Cleanly,Y Combinator,0.8,DeterministicRuleCleaned,2026-09-10T13:58:54.838274+00:00
Resolve,Resolve,Y Combinator,0.8,DeterministicRuleCleaned,2026-09-10T13:58:54.841908+00:00
Makrwatch,Makrwatch,Y Combinator,0.8,DeterministicRuleCleaned,2026-09-10T13:58:54.846146+00:00
TeamNote,TeamNote,Y Combinator,0.8,DeterministicRuleCleaned,2026-09-10T13:58:54.850140+00:00
Tempo,Tempo,Y Combinator,0.8,DeterministicRuleCleaned,2026-09-10T13:58:54.855194+00:00
SIRUM,SIRUM,Y Combinator,0.8,DeterministicRuleCleaned,2026-09-10T13:58:54.858505+00:00
Sails Co.,Sails,Y Combinator,0.8,DeterministicRuleCleaned,2026-09-10T13:58:54.862487+00:00
ReadMe,ReadMe,Y Combinator,0.8,DeterministicRuleCleaned,2026-09-10T13:58:54.866205+00:00
BuildScience,BuildScience,Y Combinator,0.8,DeterministicRuleCleaned,2026-09-10T13:58:54.872548+00:00
Platzi,Platzi,Y Combinator,0.8,DeterministicRuleCleaned,2026-09-10T13:58:54.876452+00:00
Labdoor,Labdoor,Y Combinator,0.8,DeterministicRuleCleaned,2026-09-10T13:58:54.879912+00:00
GiveMeTap,GiveMeTap,Y Combinator,0.8,DeterministicRuleCleaned,2026-09-10T13:58:54.883909+00:00
Bankjoy,Bankjoy,Y Combinator,0.8,DeterministicRuleCleaned,2026-09-10T13:58:54.888969+00:00
Zeitview,Zeitview,Y Combinator,0.8,DeterministicRuleCleaned,2026-09-10T13:58:54.893062+00:00
The Human Utility,The Human Utility,Y Combinator,0.8,DeterministicRuleCleaned,2026-09-10T13:58:54.898600+00:00
Democracy Earth,Democracy Earth,Y Combinator,0.8,DeterministicRuleCleaned,2026-09-10T13:58:54.905966+00:00
OneSignal,OneSignal,Y Combinator,0.8,DeterministicRuleCleaned,2026-09-10T13:58:54.910222+00:00
Numerion Labs,Numerion,Y Combinator,0.8,DeterministicRuleCleaned,2026-09-10T13:58:54.914994+00:00
Bright,Bright,Y Combinator,0.8,DeterministicRuleCleaned,2026-09-10T13:58:54.918426+00:00
Magic,Magic,Y Combinator,0.8,DeterministicRuleCleaned,2026-09-10T13:58:54.924067+00:00
Mezmo,Mezmo,Y Combinator,0.8,DeterministicRuleCleaned,2026-09-10T13:58:54.927183+00:00
Akido Labs,Akido,Y Combinator,0.8,DeterministicRuleCleaned,2026-09-10T13:58:54.931319+00:00
Qventus,Qventus,Y Combinator,0.8,DeterministicRuleCleaned,2026-09-10T13:58:54.934849+00:00
Bayes Impact,Bayes Impact,Y Combinator,0.8,DeterministicRuleCleaned,2026-09-10T13:58:54.941766+00:00
Helion Energy,Helion Energy,Y Combinator,0.8,DeterministicRuleCleaned,2026-09-10T13:58:54.946624+00:00
HackerRank,HackerRank,Y Combinator,0.8,DeterministicRuleCleaned,2026-09-10T13:58:54.950730+00:00
Front,Front,Y Combinator,0.8,DeterministicRuleCleaned,2026-09-10T13:58:54.956617+00:00
Apollo,Apollo,Y Combinator,0.8,DeterministicRuleCleaned,2026-09-10T13:58:56.433284+00:00
Roomstorm,Roomstorm,Y Combinator,0.8,DeterministicRuleCleaned,2026-09-10T13:58:56.439572+00:00
Hive,Hive,Y Combinator,0.8,DeterministicRuleCleaned,2026-09-10T13:58:56.442781+00:00
SpotAngels,SpotAngels,Y Combinator,0.8,DeterministicRuleCleaned,2026-09-10T13:58:56.447223+00:00
UserGems,UserGems,Y Combinator,0.8,DeterministicRuleCleaned,2026-09-10T13:58:56.452463+00:00
SFOX,SFOX,Y Combinator,0.8,DeterministicRuleCleaned,2026-09-10T13:58:56.455875+00:00
PicnicAI,PicnicAI,Y Combinator,0.8,DeterministicRuleCleaned,2026-09-10T13:58:56.459845+00:00
Permutive,Permutive,Y Combinator,0.8,DeterministicRuleCleaned,2026-09-10T13:58:56.463917+00:00
Alchemy,Alchemy,Y Combinator,0.8,DeterministicRuleCleaned,2026-09-10T13:58:56.469546+00:00
MTailor,MTailor,Y Combinator,0.8,DeterministicRuleCleaned,2026-09-10T13:58:56.473315+00:00
MetricWire,MetricWire,Y Combinator,0.8,DeterministicRuleCleaned,2026-09-10T13:58:56.477716+00:00
Protocol Labs,Protocol,Y Combinator,0.8,DeterministicRuleCleaned,2026-09-10T13:58:56.482413+00:00
Greentoe,Greentoe,Y Combinator,0.8,DeterministicRuleCleaned,2026-09-10T13:58:56.488656+00:00
Hyperpad,Hyperpad,Y Combinator,0.8,DeterministicRuleCleaned,2026-09-10T13:58:56.492517+00:00
Flaviar,Flaviar,Y Combinator,0.8,DeterministicRuleCleaned,2026-09-10T13:58:56.496552+00:00
Clear,Clear,Y Combinator,0.8,DeterministicRuleCleaned,2026-09-10T13:58:56.499902+00:00
Backpack,Backpack,Y Combinator,0.8,DeterministicRuleCleaned,2026-09-10T13:58:56.505114+00:00
Immunity Project,Immunity Project,Y Combinator,0.8,DeterministicRuleCleaned,2026-09-10T13:58:56.510039+00:00
Dyspatch,Dyspatch,Y Combinator,0.8,DeterministicRuleCleaned,2026-09-10T13:58:56.514607+00:00
OpenCurriculum,OpenCurriculum,Y Combinator,0.8,DeterministicRuleCleaned,2026-09-10T13:58:56.520695+00:00
MixerBox,MixerBox,Y Combinator,0.8,DeterministicRuleCleaned,2026-09-10T13:58:56.524463+00:00
Y Combinator,Y Combinator,Y Combinator,0.8,DeterministicRuleCleaned,2026-09-10T13:58:56.529221+00:00
GBatteries,GBatteries,Y Combinator,0.8,DeterministicRuleCleaned,2026-09-10T13:58:56.533601+00:00
Zinc,Zinc,Y Combinator,0.8,DeterministicRuleCleaned,2026-09-10T13:58:56.539064+00:00
Zidisha,Zidisha,Y Combinator,0.8,DeterministicRuleCleaned,2026-09-10T13:58:56.543114+00:00
TrueVault,TrueVault,Y Combinator,0.8,DeterministicRuleCleaned,2026-09-10T13:58:56.547329+00:00
Guesty,Guesty,Y Combinator,0.8,DeterministicRuleCleaned,2026-09-10T13:58:56.550758+00:00
Snapdocs,Snapdocs,Y Combinator,0.8,DeterministicRuleCleaned,2026-09-10T13:58:56.556657+00:00
Medmonk,Medmonk,Y Combinator,0.8,DeterministicRuleCleaned,2026-09-10T13:58:56.560374+00:00
Shoobs,Shoobs,Y Combinator,0.8,DeterministicRuleCleaned,2026-09-10T13:58:56.563513+00:00
Pushbullet,Pushbullet,Y Combinator,0.8,DeterministicRuleCleaned,2026-09-10T13:58:56.568592+00:00
Povio,Povio,Y Combinator,0.8,DeterministicRuleCleaned,2026-09-10T13:58:56.573685+00:00
PiinPoint,PiinPoint,Y Combinator,0.8,DeterministicRuleCleaned,2026-09-10T13:58:56.577629+00:00
One Degree,One Degree,Y Combinator,0.8,DeterministicRuleCleaned,2026-09-10T13:58:56.581642+00:00
MBX,MBX,Y Combinator,0.8,DeterministicRuleCleaned,2026-09-10T13:58:56.585024+00:00
Emailio,Emailio,Y Combinator,0.8,DeterministicRuleCleaned,2026-09-10T13:58:56.590208+00:00
CodeNow,CodeNow,Y Combinator,0.8,DeterministicRuleCleaned,2026-09-10T13:58:56.593679+00:00
CodeCombat,CodeCombat,Y Combinator,0.8,DeterministicRuleCleaned,2026-09-10T13:58:56.597649+00:00
Noora Health,Noora Health,Y Combinator,0.8,DeterministicRuleCleaned,2026-09-10T13:58:56.604120+00:00
Cambly,Cambly,Y Combinator,0.8,DeterministicRuleCleaned,2026-09-10T13:58:56.607708+00:00
AptDeco,AptDeco,Y Combinator,0.8,DeterministicRuleCleaned,2026-09-10T13:58:56.611357+00:00
CareMessage,CareMessage,Y Combinator,0.8,DeterministicRuleCleaned,2026-09-10T13:58:56.615419+00:00
Ambition,Ambition,Y Combinator,0.8,DeterministicRuleCleaned,2026-09-10T13:58:56.621509+00:00
AirHelp,AirHelp,Y Combinator,0.8,DeterministicRuleCleaned,2026-09-10T13:58:56.625140+00:00
42,42,Y Combinator,0.8,DeterministicRuleCleaned,2026-09-10T13:58:56.627388+00:00
True Link,True Link,Y Combinator,0.8,DeterministicRuleCleaned,2026-09-10T13:58:56.631681+00:00
Reebee,Reebee,Y Combinator,0.8,DeterministicRuleCleaned,2026-09-10T13:58:56.638099+00:00
Lob,Lob,Y Combinator,0.8,DeterministicRuleCleaned,2026-09-10T13:58:56.640960+00:00
Panorama Education,Panorama Education,Y Combinator,0.8,DeterministicRuleCleaned,2026-09-10T13:58:56.646525+00:00
Cratejoy,Cratejoy,Y Combinator,0.8,DeterministicRuleCleaned,2026-09-10T13:58:56.650641+00:00
"Estimote, Inc.","Estimote,",Y Combinator,0.8,DeterministicRuleCleaned,2026-09-10T13:58:56.656717+00:00
EasyPost,EasyPost,Y Combinator,0.8,DeterministicRuleCleaned,2026-09-10T13:58:56.660453+00:00
Asseta,Asseta,Y Combinator,0.8,DeterministicRuleCleaned,2026-09-10T13:58:56.663863+00:00
Per Vices,Per Vices,Y Combinator,0.8,DeterministicRuleCleaned,2026-09-10T13:58:56.670094+00:00
7cups,7Cups,Y Combinator,0.8,DeterministicRuleCleaned,2026-09-10T13:58:56.673122+00:00
Watsi,Watsi,Y Combinator,0.8,DeterministicRuleCleaned,2026-09-10T13:58:56.676602+00:00
Goldbelly,Goldbelly,Y Combinator,0.8,DeterministicRuleCleaned,2026-09-10T13:58:56.680384+00:00
Wevorce,Wevorce,Y Combinator,0.8,DeterministicRuleCleaned,2026-09-10T13:58:56.685609+00:00
Wefunder,Wefunder,Y Combinator,0.8,DeterministicRuleCleaned,2026-09-10T13:58:56.689751+00:00
SimplyInsured,SimplyInsured,Y Combinator,0.8,DeterministicRuleCleaned,2026-09-10T13:58:56.694243+00:00
CircuitHub,CircuitHub,Y Combinator,0.8,DeterministicRuleCleaned,2026-09-10T13:58:56.698184+00:00
Experiment,Experiment,Y Combinator,0.8,DeterministicRuleCleaned,2026-09-10T13:58:56.704097+00:00
RADAR,RADAR,Y Combinator,0.8,DeterministicRuleCleaned,2026-09-10T13:58:56.707488+00:00
Lollipuff,Lollipuff,Y Combinator,0.8,DeterministicRuleCleaned,2026-09-10T13:58:56.711187+00:00
Strikingly,Strikingly,Y Combinator,0.8,DeterministicRuleCleaned,2026-09-10T13:58:56.715689+00:00
InfluxData,InfluxData,Y Combinator,0.8,DeterministicRuleCleaned,2026-09-10T13:58:56.721590+00:00
Etleap,Etleap,Y Combinator,0.8,DeterministicRuleCleaned,2026-09-10T13:58:56.725320+00:00
Cheetah,Cheetah,Y Combinator,0.8,DeterministicRuleCleaned,2026-09-10T13:58:56.729116+00:00
Lawdingo,Lawdingo,Y Combinator,0.8,DeterministicRuleCleaned,2026-09-10T13:58:56.732903+00:00
Padlet,Padlet,Y Combinator,0.8,DeterministicRuleCleaned,2026-09-10T13:58:56.738280+00:00
CircuitLab,CircuitLab,Y Combinator,0.8,DeterministicRuleCleaned,2026-09-10T13:58:56.743784+00:00
StyleUp,StyleUp,Y Combinator,0.8,DeterministicRuleCleaned,2026-09-10T13:58:56.747377+00:00
9gag,9Gag,Y Combinator,0.8,DeterministicRuleCleaned,2026-09-10T13:58:56.750427+00:00
Svbtle,Svbtle,Y Combinator,0.8,DeterministicRuleCleaned,2026-09-10T13:58:56.756006+00:00
Plivo,Plivo,Y Combinator,0.8,DeterministicRuleCleaned,2026-09-10T13:58:56.759383+00:00
Double Robotics,Double Robotics,Y Combinator,0.8,DeterministicRuleCleaned,2026-09-10T13:58:56.764627+00:00
Vastrm,Vastrm,Y Combinator,0.8,DeterministicRuleCleaned,2026-09-10T13:58:56.769865+00:00
Flightfox,Flightfox,Y Combinator,0.8,DeterministicRuleCleaned,2026-09-10T13:58:56.774266+00:00
BackerKit,BackerKit,Y Combinator,0.8,DeterministicRuleCleaned,2026-09-10T13:58:56.778394+00:00
Submittable,Submittable,Y Combinator,0.8,DeterministicRuleCleaned,2026-09-10T13:58:56.782628+00:00
NewsBlur,NewsBlur,Y Combinator,0.8,DeterministicRuleCleaned,2026-09-10T13:58:56.787955+00:00
OctaveWealth,OctaveWealth,Y Combinator,0.8,DeterministicRuleCleaned,2026-09-10T13:58:56.792337+00:00
Upwave,Upwave,Y Combinator,0.8,DeterministicRuleCleaned,2026-09-10T13:58:56.795893+00:00
Eligible,Eligible,Y Combinator,0.8,DeterministicRuleCleaned,2026-09-10T13:58:56.799799+00:00
FundersClub,FundersClub,Y Combinator,0.8,DeterministicRuleCleaned,2026-09-10T13:58:56.806073+00:00
Zentail,Zentail,Y Combinator,0.8,DeterministicRuleCleaned,2026-09-10T13:58:56.810066+00:00
Mattermost,Mattermost,Y Combinator,0.8,DeterministicRuleCleaned,2026-09-10T13:58:56.814070+00:00
HealthSherpa,HealthSherpa,Y Combinator,0.8,DeterministicRuleCleaned,2026-09-10T13:58:56.820457+00:00
Human Dx,Human Dx,Y Combinator,0.8,DeterministicRuleCleaned,2026-09-10T13:58:56.824348+00:00
Mth Sense,Mth Sense,Y Combinator,0.8,DeterministicRuleCleaned,2026-09-10T13:58:56.828623+00:00
Rainforest,Rainforest,Y Combinator,0.8,DeterministicRuleCleaned,2026-09-10T13:58:56.832662+00:00
DeepMark,DeepMark,Y Combinator,0.8,DeterministicRuleCleaned,2026-09-10T13:58:56.838778+00:00
Maritime,Maritime,Y Combinator,0.8,DeterministicRuleCleaned,2026-09-10T13:58:56.842945+00:00
Redoubt Insurance,Redoubt Insurance,Y Combinator,0.8,DeterministicRuleCleaned,2026-09-10T13:58:56.848234+00:00
The Agentic Data Co.,The Agentic Data,Y Combinator,0.8,DeterministicRuleCleaned,2026-09-10T13:58:56.856226+00:00
Frontrunner,Frontrunner,Y Combinator,0.8,DeterministicRuleCleaned,2026-09-10T13:58:56.860402+00:00
The Subvocal Company,The Subvocal,Y Combinator,0.8,DeterministicRuleCleaned,2026-09-10T13:58:56.866109+00:00
Quippy,Quippy,Y Combinator,0.8,DeterministicRuleCleaned,2026-09-10T13:58:56.871065+00:00
Sona8,Sona8,Y Combinator,0.8,DeterministicRuleCleaned,2026-09-10T13:58:56.874574+00:00
Sinter,Sinter,Y Combinator,0.8,DeterministicRuleCleaned,2026-09-10T13:58:56.877975+00:00
antimattr,Antimattr,Y Combinator,0.8,DeterministicRuleCleaned,2026-09-10T13:58:57.844269+00:00
Hesper AI,Hesper AI,Y Combinator,0.8,DeterministicRuleCleaned,2026-09-10T13:58:57.848470+00:00
Covera,Covera,Y Combinator,0.8,DeterministicRuleCleaned,2026-09-10T13:58:57.853345+00:00
Halmos Labs,Halmos,Y Combinator,0.8,DeterministicRuleCleaned,2026-09-10T13:58:57.857891+00:00
Dreamscale Labs,Dreamscale,Y Combinator,0.8,DeterministicRuleCleaned,2026-09-10T13:58:57.862961+00:00
Vorelios,Vorelios,Y Combinator,0.8,DeterministicRuleCleaned,2026-09-10T13:58:57.868434+00:00
SuperRadiant,SuperRadiant,Y Combinator,0.8,DeterministicRuleCleaned,2026-09-10T13:58:57.873522+00:00
Orca Aerospace,Orca Aerospace,Y Combinator,0.8,DeterministicRuleCleaned,2026-09-10T13:58:57.878434+00:00
Hemlock,Hemlock,Y Combinator,0.8,DeterministicRuleCleaned,2026-09-10T13:58:57.882051+00:00
ORO AI,ORO AI,Y Combinator,0.8,DeterministicRuleCleaned,2026-09-10T13:58:57.887536+00:00
Shepherd Robotics,Shepherd Robotics,Y Combinator,0.8,DeterministicRuleCleaned,2026-09-10T13:58:57.893105+00:00
Workers IO,Workers IO,Y Combinator,0.8,DeterministicRuleCleaned,2026-09-10T13:58:57.897477+00:00
Antropi Robotics,Antropi Robotics,Y Combinator,0.8,DeterministicRuleCleaned,2026-09-10T13:58:57.904414+00:00
ByteAsk,ByteAsk,Y Combinator,0.8,DeterministicRuleCleaned,2026-09-10T13:58:57.908067+00:00
Hopper,Hopper,Y Combinator,0.8,DeterministicRuleCleaned,2026-09-10T13:58:57.911305+00:00
Asakana,Sakana AI,Y Combinator,0.8967,FuzzyRatioMatch,2026-09-10T13:58:57.914904+00:00
OnePatch,OnePatch,Y Combinator,0.8,DeterministicRuleCleaned,2026-09-10T13:58:57.921103+00:00
Mirrors,Mirrors,Y Combinator,0.8,DeterministicRuleCleaned,2026-09-10T13:58:57.924613+00:00
Nodus Compute,Nodus Compute,Y Combinator,0.8,DeterministicRuleCleaned,2026-09-10T13:58:57.929002+00:00
Lantern AI,Lantern AI,Y Combinator,0.8,DeterministicRuleCleaned,2026-09-10T13:58:57.934729+00:00
Talos,Talos,Y Combinator,0.8,DeterministicRuleCleaned,2026-09-10T13:58:57.938349+00:00
Forward,Forward,Y Combinator,0.8,DeterministicRuleCleaned,2026-09-10T13:58:57.941927+00:00
Capveon,Capveon,Y Combinator,0.8,DeterministicRuleCleaned,2026-09-10T13:58:57.945479+00:00
Screenleap,Screenleap,Y Combinator,0.8,DeterministicRuleCleaned,2026-09-10T13:58:57.951196+00:00
Ascii,Ascii,Y Combinator,0.8,DeterministicRuleCleaned,2026-09-10T13:58:57.954760+00:00
Qokedas,Qokedas,Y Combinator,0.8,DeterministicRuleCleaned,2026-09-10T13:58:57.958602+00:00
Veeza AI,Veeza AI,Y Combinator,0.8,DeterministicRuleCleaned,2026-09-10T13:58:57.962596+00:00
Buxfer,Buxfer,Y Combinator,0.8,DeterministicRuleCleaned,2026-09-10T13:58:57.966262+00:00
Simulithic,Simulithic,Y Combinator,0.8,DeterministicRuleCleaned,2026-09-10T13:58:57.972388+00:00
Sentient OS,Sentient OS,Y Combinator,0.8,DeterministicRuleCleaned,2026-09-10T13:58:57.977136+00:00
herdr,Herdr,Y Combinator,0.8,DeterministicRuleCleaned,2026-09-10T13:58:57.980633+00:00
Lambda Robotics,Lambda Robotics,Y Combinator,0.8,DeterministicRuleCleaned,2026-09-10T13:58:57.987796+00:00
Virtualmin,Virtualmin,Y Combinator,0.8,DeterministicRuleCleaned,2026-09-10T13:58:57.992136+00:00
OpenTag,OpenTag,Y Combinator,0.8,DeterministicRuleCleaned,2026-09-10T13:58:57.996169+00:00
Conifer,Conifer,Y Combinator,0.8,DeterministicRuleCleaned,2026-09-10T13:58:58.000756+00:00
Simantic,Simantic,Y Combinator,0.8,DeterministicRuleCleaned,2026-09-10T13:58:58.005232+00:00
Experiential Labs,Experiential,Y Combinator,0.8,DeterministicRuleCleaned,2026-09-10T13:58:58.010599+00:00
Edviro,Edviro,Y Combinator,0.8,DeterministicRuleCleaned,2026-09-10T13:58:58.014425+00:00
Lightfield,Lightfield,Y Combinator,0.8,DeterministicRuleCleaned,2026-09-10T13:58:58.020038+00:00
CoArena,CoArena,Y Combinator,0.8,DeterministicRuleCleaned,2026-09-10T13:58:58.023866+00:00
Caution,Caution,Y Combinator,0.8,DeterministicRuleCleaned,2026-09-10T13:58:58.027782+00:00
Magma,Magma,Y Combinator,0.8,DeterministicRuleCleaned,2026-09-10T13:58:58.031092+00:00
Atomarine,Atomarine,Y Combinator,0.8,DeterministicRuleCleaned,2026-09-10T13:58:58.037336+00:00
Billow AI Labs,Billow AI,Y Combinator,0.8,DeterministicRuleCleaned,2026-09-10T13:58:58.042179+00:00
hardware intelligence,Hardware Intelligence,Y Combinator,0.8,DeterministicRuleCleaned,2026-09-10T13:58:58.048035+00:00
Osseus,Osseus,Y Combinator,0.8,DeterministicRuleCleaned,2026-09-10T13:58:58.053488+00:00
Allia Health,Allia Health,Y Combinator,0.8,DeterministicRuleCleaned,2026-09-10T13:58:58.058261+00:00
Salem Robotics Inc,Salem Robotics,Y Combinator,0.8,DeterministicRuleCleaned,2026-09-10T13:58:58.063964+00:00
Robocurve,Robocurve,Y Combinator,0.8,DeterministicRuleCleaned,2026-09-10T13:58:58.069919+00:00
hiloop,Hiloop,Y Combinator,0.8,DeterministicRuleCleaned,2026-09-10T13:58:58.073425+00:00
CueBench,CueBench,Y Combinator,0.8,DeterministicRuleCleaned,2026-09-10T13:58:58.077316+00:00
Dawn Industries,Dawn Industries,Y Combinator,0.8,DeterministicRuleCleaned,2026-09-10T13:58:58.082459+00:00
Nex,Nex,Y Combinator,0.8,DeterministicRuleCleaned,2026-09-10T13:58:58.088128+00:00
OneCLI,OneCLI,Y Combinator,0.8,DeterministicRuleCleaned,2026-09-10T13:58:58.091820+00:00
"Vernius Systems, Inc.","Vernius ,",Y Combinator,0.8,DeterministicRuleCleaned,2026-09-10T13:58:58.097427+00:00
Wondering,Wondering,Y Combinator,0.8,DeterministicRuleCleaned,2026-09-10T13:58:58.103556+00:00
Tracer,Tracer,Y Combinator,0.8,DeterministicRuleCleaned,2026-09-10T13:58:58.107216+00:00
Avoca Systems,Avoca,Y Combinator,0.8,DeterministicRuleCleaned,2026-09-10T13:58:58.111831+00:00
SubVysion,SubVysion,Y Combinator,0.8,DeterministicRuleCleaned,2026-09-10T13:58:58.115715+00:00
Ethos Space Resources,Ethos Space Resources,Y Combinator,0.8,DeterministicRuleCleaned,2026-09-10T13:58:58.123744+00:00
"SpaceFlow Technologies, Inc.","SpaceFlow ,",Y Combinator,0.8,DeterministicRuleCleaned,2026-09-10T13:58:58.130535+00:00
Petrarch,Petrarch,Y Combinator,0.8,DeterministicRuleCleaned,2026-09-10T13:58:58.136745+00:00
Locke,Locke,Y Combinator,0.8,DeterministicRuleCleaned,2026-09-10T13:58:58.139959+00:00
Florin,Florin,Y Combinator,0.8,DeterministicRuleCleaned,2026-09-10T13:58:58.143436+00:00
Earendil Robotics,Earendil Robotics,Y Combinator,0.8,DeterministicRuleCleaned,2026-09-10T13:58:58.149331+00:00
Hebbian Robotics,Hebbian Robotics,Y Combinator,0.8,DeterministicRuleCleaned,2026-09-10T13:58:58.156702+00:00
PRINCEPS,PRINCEPS,Y Combinator,0.8,DeterministicRuleCleaned,2026-09-10T13:58:58.160409+00:00
Hop Aero,Hop Aero,Y Combinator,0.8,DeterministicRuleCleaned,2026-09-10T13:58:58.164386+00:00
Agent FM,Agent FM,Y Combinator,0.8,DeterministicRuleCleaned,2026-09-10T13:58:58.169904+00:00
OpenRelay,OpenRelay,Y Combinator,0.8,DeterministicRuleCleaned,2026-09-10T13:58:58.174102+00:00
Dock,Dock,Y Combinator,0.8,DeterministicRuleCleaned,2026-09-10T13:58:58.177094+00:00
Verdict Machine,Verdict Machine,Y Combinator,0.8,DeterministicRuleCleaned,2026-09-10T13:58:58.183521+00:00
TovenAI,TovenAI,Y Combinator,0.8,DeterministicRuleCleaned,2026-09-10T13:58:58.188404+00:00
HyperProbe,HyperProbe,Y Combinator,0.8,DeterministicRuleCleaned,2026-09-10T13:58:58.192293+00:00
Grip,Grip,Y Combinator,0.8,DeterministicRuleCleaned,2026-09-10T13:58:58.195600+00:00
Skymerse,Skymerse,Y Combinator,0.8,DeterministicRuleCleaned,2026-09-10T13:58:58.199142+00:00
Hubble,Hubble,Y Combinator,0.8,DeterministicRuleCleaned,2026-09-10T13:58:58.203752+00:00
Palisade,Palisade,Y Combinator,0.8,DeterministicRuleCleaned,2026-09-10T13:58:58.207863+00:00
83 Sciences,83 Sciences,Y Combinator,0.8,DeterministicRuleCleaned,2026-09-10T13:58:58.212333+00:00
Chromie,Chromie,Y Combinator,0.8,DeterministicRuleCleaned,2026-09-10T13:58:58.217310+00:00
Lamb Labs,Lamb,Y Combinator,0.8,DeterministicRuleCleaned,2026-09-10T13:58:58.221511+00:00
Shiraz AI,Shiraz AI,Y Combinator,0.8,DeterministicRuleCleaned,2026-09-10T13:58:58.225866+00:00
Mireye,Mireye,Y Combinator,0.8,DeterministicRuleCleaned,2026-09-10T13:58:58.229430+00:00
Touchy,Touchy,Y Combinator,0.8,DeterministicRuleCleaned,2026-09-10T13:58:58.233746+00:00
Derya,Derya,Y Combinator,0.8,DeterministicRuleCleaned,2026-09-10T13:58:58.237673+00:00
Pennant,Pennant,Y Combinator,0.8,DeterministicRuleCleaned,2026-09-10T13:58:58.241423+00:00
Decawork,Decawork,Y Combinator,0.8,DeterministicRuleCleaned,2026-09-10T13:58:58.245555+00:00
CarSignal,CarSignal,Y Combinator,0.8,DeterministicRuleCleaned,2026-09-10T13:58:58.250850+00:00
Axelrod,Axelrod,Y Combinator,0.8,DeterministicRuleCleaned,2026-09-10T13:58:58.254628+00:00
Levocred AI,Levocred AI,Y Combinator,0.8,DeterministicRuleCleaned,2026-09-10T13:58:58.259092+00:00
Praxis Robotics,Praxis Robotics,Y Combinator,0.8,DeterministicRuleCleaned,2026-09-10T13:58:58.264495+00:00
Care GP,Care GP,Y Combinator,0.8,DeterministicRuleCleaned,2026-09-10T13:58:58.270196+00:00
Radley,Radley,Y Combinator,0.8,DeterministicRuleCleaned,2026-09-10T13:58:58.273888+00:00
Agnost AI,Agnost AI,Y Combinator,0.8,DeterministicRuleCleaned,2026-09-10T13:58:58.278092+00:00
Agentcard,Agentcard,Y Combinator,0.8,DeterministicRuleCleaned,2026-09-10T13:58:58.282235+00:00
ProvenMetal,ProvenMetal,Y Combinator,0.8,DeterministicRuleCleaned,2026-09-10T13:58:58.288630+00:00
Gamgee,Gamgee,Y Combinator,0.8,DeterministicRuleCleaned,2026-09-10T13:58:58.292172+00:00
Inkbox,Inkbox,Y Combinator,0.8,DeterministicRuleCleaned,2026-09-10T13:58:58.295364+00:00
Cosmic Robotics,Cosmic Robotics,Y Combinator,0.8,DeterministicRuleCleaned,2026-09-10T13:58:58.301444+00:00
Markov,Markov,Y Combinator,0.8,DeterministicRuleCleaned,2026-09-10T13:58:58.305202+00:00
Familiar,Familiar,Y Combinator,0.8,DeterministicRuleCleaned,2026-09-10T13:58:59.624419+00:00
Lumeria,Lumeria,Y Combinator,0.8,DeterministicRuleCleaned,2026-09-10T13:58:59.628824+00:00
Marengo,Marengo,Y Combinator,0.8,DeterministicRuleCleaned,2026-09-10T13:58:59.634218+00:00
RonanRx Inc.,RonanRx,Y Combinator,0.8,DeterministicRuleCleaned,2026-09-10T13:58:59.639805+00:00
Waybill,Waybill,Y Combinator,0.8,DeterministicRuleCleaned,2026-09-10T13:58:59.643683+00:00
Executor,Executor,Y Combinator,0.8,DeterministicRuleCleaned,2026-09-10T13:58:59.647377+00:00
Last Accounting Company,Last Accounting,Y Combinator,0.8,DeterministicRuleCleaned,2026-09-10T13:58:59.655937+00:00
Pacific,Pacific,Y Combinator,0.8,DeterministicRuleCleaned,2026-09-10T13:58:59.660447+00:00
Luca IQ,Luca IQ,Y Combinator,0.8,DeterministicRuleCleaned,2026-09-10T13:58:59.664323+00:00
Financial Datasets,Financial Datasets,Y Combinator,0.8,DeterministicRuleCleaned,2026-09-10T13:58:59.671409+00:00
TryNearby,TryNearby,Y Combinator,0.8,DeterministicRuleCleaned,2026-09-10T13:58:59.675807+00:00
Computable,Computable,Y Combinator,0.8,DeterministicRuleCleaned,2026-09-10T13:58:59.679739+00:00
Denta,Denta,Y Combinator,0.8,DeterministicRuleCleaned,2026-09-10T13:58:59.685230+00:00
Isengard Industries Inc,Isengard Industries,Y Combinator,0.8,DeterministicRuleCleaned,2026-09-10T13:58:59.692232+00:00
Ekho Labs,Ekho,Y Combinator,0.8,DeterministicRuleCleaned,2026-09-10T13:58:59.696522+00:00
Moving Atoms,Moving Atoms,Y Combinator,0.8,DeterministicRuleCleaned,2026-09-10T13:58:59.703216+00:00
Vestris,Vestris,Y Combinator,0.8,DeterministicRuleCleaned,2026-09-10T13:58:59.707221+00:00
Ultrasonium,Ultrasonium,Y Combinator,0.8,DeterministicRuleCleaned,2026-09-10T13:58:59.711839+00:00
Arbital,Arbital,Y Combinator,0.8,DeterministicRuleCleaned,2026-09-10T13:58:59.717026+00:00
PokerClubHub,PokerClubHub,Y Combinator,0.8,DeterministicRuleCleaned,2026-09-10T13:58:59.722247+00:00
Neuron Industries,Neuron Industries,Y Combinator,0.8,DeterministicRuleCleaned,2026-09-10T13:58:59.727454+00:00
Neuromorphic,Neuromorphic,Y Combinator,0.8,DeterministicRuleCleaned,2026-09-10T13:58:59.733017+00:00
LATO,LATO,Y Combinator,0.8,DeterministicRuleCleaned,2026-09-10T13:58:59.737707+00:00
Risklytics,Risklytics,Y Combinator,0.8,DeterministicRuleCleaned,2026-09-10T13:58:59.742062+00:00
Daqstra,Daqstra,Y Combinator,0.8,DeterministicRuleCleaned,2026-09-10T13:58:59.745799+00:00
Tenor,Tenor,Y Combinator,0.8,DeterministicRuleCleaned,2026-09-10T13:58:59.750284+00:00
Qlo,Qlo,Y Combinator,0.8,DeterministicRuleCleaned,2026-09-10T13:58:59.754061+00:00
Fabraix,Fabraix,Y Combinator,0.8,DeterministicRuleCleaned,2026-09-10T13:58:59.757880+00:00
Omanta,Omanta,Y Combinator,0.8,DeterministicRuleCleaned,2026-09-10T13:58:59.761401+00:00
Rational,Rational,Y Combinator,0.8,DeterministicRuleCleaned,2026-09-10T13:58:59.767135+00:00
Aktoria Robotics,Aktoria Robotics,Y Combinator,0.8,DeterministicRuleCleaned,2026-09-10T13:58:59.775193+00:00
Vendo,Vendo,Y Combinator,0.8,DeterministicRuleCleaned,2026-09-10T13:58:59.778520+00:00
Akon Labs,Akon,Y Combinator,0.8,DeterministicRuleCleaned,2026-09-10T13:58:59.784508+00:00
Click,Click,Y Combinator,0.8,DeterministicRuleCleaned,2026-09-10T13:58:59.788324+00:00
Whitespace,Whitespace,Y Combinator,0.8,DeterministicRuleCleaned,2026-09-10T13:58:59.792713+00:00
Blue Frog Gaming,Blue Frog Gaming,Y Combinator,0.8,DeterministicRuleCleaned,2026-09-10T13:58:59.798630+00:00
Almanac,Almanac,Y Combinator,0.8,DeterministicRuleCleaned,2026-09-10T13:58:59.804175+00:00
TareBio,TareBio,Y Combinator,0.8,DeterministicRuleCleaned,2026-09-10T13:58:59.808239+00:00
Greypoint Industries,Greypoint Industries,Y Combinator,0.8,DeterministicRuleCleaned,2026-09-10T13:58:59.814078+00:00
Hilstart,Hilstart,Y Combinator,0.8,DeterministicRuleCleaned,2026-09-10T13:58:59.819830+00:00
Aerogen Systems,Aerogen,Y Combinator,0.8,DeterministicRuleCleaned,2026-09-10T13:58:59.824883+00:00
Graphify Labs,Graphify,Y Combinator,0.8,DeterministicRuleCleaned,2026-09-10T13:58:59.829792+00:00
Ooak Data,Ooak Data,Y Combinator,0.8,DeterministicRuleCleaned,2026-09-10T13:58:59.835679+00:00
Nori,Nori,Y Combinator,0.8,DeterministicRuleCleaned,2026-09-10T13:58:59.838840+00:00
6thSense,6thSense,Y Combinator,0.8,DeterministicRuleCleaned,2026-09-10T13:58:59.842674+00:00
Bloomy,Bloomy,Y Combinator,0.8,DeterministicRuleCleaned,2026-09-10T13:58:59.845980+00:00
machine0,Machine0,Y Combinator,0.8,DeterministicRuleCleaned,2026-09-10T13:58:59.851630+00:00
Pluto,Pluto,Y Combinator,0.8,DeterministicRuleCleaned,2026-09-10T13:58:59.855253+00:00
FlowManual,FlowManual,Y Combinator,0.8,DeterministicRuleCleaned,2026-09-10T13:58:59.859754+00:00
Elite,Elite,Y Combinator,0.8,DeterministicRuleCleaned,2026-09-10T13:58:59.863122+00:00
Peer,Peer,Y Combinator,0.8,DeterministicRuleCleaned,2026-09-10T13:58:59.867962+00:00
Molagri,Molagri,Y Combinator,0.8,DeterministicRuleCleaned,2026-09-10T13:58:59.872489+00:00
Cerenovus,Cerenovus,Y Combinator,0.8,DeterministicRuleCleaned,2026-09-10T13:58:59.876653+00:00
Agency Tool Company,Agency Tool,Y Combinator,0.8,DeterministicRuleCleaned,2026-09-10T13:58:59.882358+00:00
Standard Machines,Standard Machines,Y Combinator,0.8,DeterministicRuleCleaned,2026-09-10T13:58:59.889242+00:00
EdotEnv,EdotEnv,Y Combinator,0.8,DeterministicRuleCleaned,2026-09-10T13:58:59.893155+00:00
Traceforce,Traceforce,Y Combinator,0.8,DeterministicRuleCleaned,2026-09-10T13:58:59.897416+00:00
Veltha,Veltha,Y Combinator,0.8,DeterministicRuleCleaned,2026-09-10T13:58:59.903561+00:00
Tarifflo Inc.,Tarifflo,Y Combinator,0.8,DeterministicRuleCleaned,2026-09-10T13:58:59.908352+00:00
Callbook AI,Callbook AI,Y Combinator,0.8,DeterministicRuleCleaned,2026-09-10T13:58:59.912533+00:00
Definite,Definite,Y Combinator,0.8,DeterministicRuleCleaned,2026-09-10T13:58:59.918821+00:00
Alkera AI,Alkera AI,Y Combinator,0.8,DeterministicRuleCleaned,2026-09-10T13:58:59.923344+00:00
Rasyn,Rasyn,Y Combinator,0.8,DeterministicRuleCleaned,2026-09-10T13:58:59.926965+00:00
Manifold,Manifold,Y Combinator,0.8,DeterministicRuleCleaned,2026-09-10T13:58:59.930809+00:00
screenpipe,Screenpipe,Y Combinator,0.8,DeterministicRuleCleaned,2026-09-10T13:58:59.937032+00:00
Spectre Intelligence,Spectre Intelligence,Y Combinator,0.8,DeterministicRuleCleaned,2026-09-10T13:58:59.942730+00:00
Zaplar,Zaplar,Y Combinator,0.8,DeterministicRuleCleaned,2026-09-10T13:58:59.946280+00:00
Prodigy Research,Prodigy Research,Y Combinator,0.8,DeterministicRuleCleaned,2026-09-10T13:58:59.954040+00:00
Touchmark,Touchmark,Y Combinator,0.8,DeterministicRuleCleaned,2026-09-10T13:58:59.958016+00:00
Exosat,Exosat,Y Combinator,0.8,DeterministicRuleCleaned,2026-09-10T13:58:59.961588+00:00
Codag,Codag,Y Combinator,0.8,DeterministicRuleCleaned,2026-09-10T13:58:59.965803+00:00
Context.dev,Context.Dev,Y Combinator,0.8,DeterministicRuleCleaned,2026-09-10T13:58:59.971487+00:00
Glen,Glen,Y Combinator,0.8,DeterministicRuleCleaned,2026-09-10T13:58:59.974647+00:00
Stoa,Stoa,Y Combinator,0.8,DeterministicRuleCleaned,2026-09-10T13:58:59.977776+00:00
Marble,Marble,Y Combinator,0.8,DeterministicRuleCleaned,2026-09-10T13:58:59.982032+00:00
Audun,Audun,Y Combinator,0.8,DeterministicRuleCleaned,2026-09-10T13:58:59.986839+00:00
Grocalo,Grocalo,Y Combinator,0.8,DeterministicRuleCleaned,2026-09-10T13:58:59.990613+00:00
COACH,COACH,Y Combinator,0.8,DeterministicRuleCleaned,2026-09-10T13:58:59.993712+00:00
DeepReach Inc.,DeepReach,Y Combinator,0.8,DeterministicRuleCleaned,2026-09-10T13:59:00.000282+00:00
Mochi,Mochi,Y Combinator,0.8,DeterministicRuleCleaned,2026-09-10T13:59:00.004445+00:00
Alloovium,Alloovium,Y Combinator,0.8,DeterministicRuleCleaned,2026-09-10T13:59:00.008395+00:00
Dialogus,Dialogus,Y Combinator,0.8,DeterministicRuleCleaned,2026-09-10T13:59:00.012117+00:00
Mosaic,Mosaic,Y Combinator,0.8,DeterministicRuleCleaned,2026-09-10T13:59:00.018455+00:00
Bizmark,Bizmark,Y Combinator,0.8,DeterministicRuleCleaned,2026-09-10T13:59:00.023689+00:00
Riften,Riften,Y Combinator,0.8,DeterministicRuleCleaned,2026-09-10T13:59:00.027447+00:00
Buildbox,Buildbox,Y Combinator,0.8,DeterministicRuleCleaned,2026-09-10T13:59:00.034148+00:00
RealPact,RealPact,Y Combinator,0.8,DeterministicRuleCleaned,2026-09-10T13:59:00.041158+00:00
GUILD,GUILD,Y Combinator,0.8,DeterministicRuleCleaned,2026-09-10T13:59:00.044561+00:00
Floracene,Floracene,Y Combinator,0.8,DeterministicRuleCleaned,2026-09-10T13:59:00.050921+00:00
Rise Reforming,Rise Reforming,Y Combinator,0.8,DeterministicRuleCleaned,2026-09-10T13:59:00.056932+00:00
Lyon,Lyon,Y Combinator,0.8,DeterministicRuleCleaned,2026-09-10T13:59:00.059975+00:00
Instaplay,Instaplay,Y Combinator,0.8,DeterministicRuleCleaned,2026-09-10T13:59:00.063762+00:00
Verdant,Verdant,Y Combinator,0.8,DeterministicRuleCleaned,2026-09-10T13:59:00.069818+00:00
IMPACT Drones,IMPACT Drones,Y Combinator,0.8,DeterministicRuleCleaned,2026-09-10T13:59:00.074584+00:00
Insurf,Insurf,Y Combinator,0.8,DeterministicRuleCleaned,2026-09-10T13:59:00.077868+00:00
Jcode,Jcode,Y Combinator,0.8,DeterministicRuleCleaned,2026-09-10T13:59:00.081234+00:00
LemonLime,LemonLime,Y Combinator,0.8,DeterministicRuleCleaned,2026-09-10T13:59:00.087407+00:00
Gutgutgoose,Gutgutgoose,Y Combinator,0.8,DeterministicRuleCleaned,2026-09-10T13:59:00.091457+00:00
Speko,Speko,Y Combinator,0.8,DeterministicRuleCleaned,2026-09-10T13:59:00.095981+00:00
Synapse Semiconductor,Synapse Semiconductor,Y Combinator,0.8,DeterministicRuleCleaned,2026-09-10T13:59:00.107590+00:00
Orchestra,Orchestra,Y Combinator,0.8,DeterministicRuleCleaned,2026-09-10T13:59:01.268746+00:00
Rote,Rote,Y Combinator,0.8,DeterministicRuleCleaned,2026-09-10T13:59:01.271842+00:00
Prized,Prized,Y Combinator,0.8,DeterministicRuleCleaned,2026-09-10T13:59:01.275844+00:00
Studio,Studio,Y Combinator,0.8,DeterministicRuleCleaned,2026-09-10T13:59:01.280012+00:00
Bernard,Bernard,Y Combinator,0.8,DeterministicRuleCleaned,2026-09-10T13:59:01.285739+00:00
Maingen,Maingen,Y Combinator,0.8,DeterministicRuleCleaned,2026-09-10T13:59:01.289482+00:00
Enact,Enact,Y Combinator,0.8,DeterministicRuleCleaned,2026-09-10T13:59:01.292995+00:00
Rex,Rex,Y Combinator,0.8,DeterministicRuleCleaned,2026-09-10T13:59:01.295819+00:00
Zomma,Zomma,Y Combinator,0.8,DeterministicRuleCleaned,2026-09-10T13:59:01.301537+00:00
Nebula Security,Nebula Security,Y Combinator,0.8,DeterministicRuleCleaned,2026-09-10T13:59:01.307083+00:00
Kara,Kara,Y Combinator,0.8,DeterministicRuleCleaned,2026-09-10T13:59:01.310214+00:00
Palisade,Palisade,Y Combinator,0.8,DeterministicRuleCleaned,2026-09-10T13:59:01.315921+00:00
Trope,Trope,Y Combinator,0.8,DeterministicRuleCleaned,2026-09-10T13:59:01.319829+00:00
Parasma,Parasma,Y Combinator,0.8,DeterministicRuleCleaned,2026-09-10T13:59:01.323608+00:00
Belvedir,Belvedir,Y Combinator,0.8,DeterministicRuleCleaned,2026-09-10T13:59:01.327669+00:00
Shielded,Shielded,Y Combinator,0.8,DeterministicRuleCleaned,2026-09-10T13:59:01.332998+00:00
Olam Labs,Olam,Y Combinator,0.8,DeterministicRuleCleaned,2026-09-10T13:59:01.338037+00:00
Egoist Machines,Egoist Machines,Y Combinator,0.8,DeterministicRuleCleaned,2026-09-10T13:59:01.343366+00:00
Mass Magnetics,Mass Magnetics,Y Combinator,0.8,DeterministicRuleCleaned,2026-09-10T13:59:01.351022+00:00
Perceptron ML,Perceptron ML,Y Combinator,0.8,DeterministicRuleCleaned,2026-09-10T13:59:01.356154+00:00
Erinys,Erinys,Y Combinator,0.8,DeterministicRuleCleaned,2026-09-10T13:59:01.360021+00:00
HERA,HERA,Y Combinator,0.8,DeterministicRuleCleaned,2026-09-10T13:59:01.363481+00:00
Donkey,Donkey,Y Combinator,0.8,DeterministicRuleCleaned,2026-09-10T13:59:01.368608+00:00
Moonshot,Moonshot,Y Combinator,0.8,DeterministicRuleCleaned,2026-09-10T13:59:01.372254+00:00
Hoplite,Hoplite,Y Combinator,0.8,DeterministicRuleCleaned,2026-09-10T13:59:01.376043+00:00
CleverDeck,CleverDeck,Y Combinator,0.8,DeterministicRuleCleaned,2026-09-10T13:59:01.381899+00:00
Pango,Pango,Y Combinator,0.8,DeterministicRuleCleaned,2026-09-10T13:59:01.386864+00:00
tash,Tash,Y Combinator,0.8,DeterministicRuleCleaned,2026-09-10T13:59:01.390048+00:00
Torus,Torus,Y Combinator,0.8,DeterministicRuleCleaned,2026-09-10T13:59:01.393185+00:00
Kebra,Kebra,Y Combinator,0.8,DeterministicRuleCleaned,2026-09-10T13:59:01.397502+00:00
GitCafe,GitCafe,Y Combinator,0.8,DeterministicRuleCleaned,2026-09-10T13:59:01.404367+00:00
RightNow,RightNow,Y Combinator,0.8,DeterministicRuleCleaned,2026-09-10T13:59:01.408892+00:00
Edgerun,Edgerun,Y Combinator,0.8,DeterministicRuleCleaned,2026-09-10T13:59:01.414955+00:00
Akkari,Akkari,Y Combinator,0.8,DeterministicRuleCleaned,2026-09-10T13:59:01.421611+00:00
HeyClicky,HeyClicky,Y Combinator,0.8,DeterministicRuleCleaned,2026-09-10T13:59:01.426981+00:00
Rindler,Rindler,Y Combinator,0.8,DeterministicRuleCleaned,2026-09-10T13:59:01.432732+00:00
Proprio Robotics,Proprio Robotics,Y Combinator,0.8,DeterministicRuleCleaned,2026-09-10T13:59:01.441666+00:00
Huscarl,Huscarl,Y Combinator,0.8,DeterministicRuleCleaned,2026-09-10T13:59:01.447662+00:00
Thomas,Thomas,Y Combinator,0.8,DeterministicRuleCleaned,2026-09-10T13:59:01.455142+00:00
Cohesion,Cohesion,Y Combinator,0.8,DeterministicRuleCleaned,2026-09-10T13:59:01.461154+00:00
Maquoketa Research,Maquoketa Research,Y Combinator,0.8,DeterministicRuleCleaned,2026-09-10T13:59:01.502227+00:00
Intelligence Factory,Intelligence Factory,Y Combinator,0.8,DeterministicRuleCleaned,2026-09-10T13:59:01.513769+00:00
Amorphic Labs,Amorphic,Y Combinator,0.8,DeterministicRuleCleaned,2026-09-10T13:59:01.539629+00:00
rekursiv.ai,Rekursiv.Ai,Y Combinator,0.8,DeterministicRuleCleaned,2026-09-10T13:59:01.568916+00:00
Clawvisor,Clawvisor,Y Combinator,0.8,DeterministicRuleCleaned,2026-09-10T13:59:01.578639+00:00
Framewise Health,Framewise Health,Y Combinator,0.8,DeterministicRuleCleaned,2026-09-10T13:59:01.593684+00:00
Arctic Health,Arctic Health,Y Combinator,0.8,DeterministicRuleCleaned,2026-09-10T13:59:01.605835+00:00
Enjamb Labs,Enjamb,Y Combinator,0.8,DeterministicRuleCleaned,2026-09-10T13:59:01.616005+00:00
Hyper,Hyper,Y Combinator,0.8,DeterministicRuleCleaned,2026-09-10T13:59:01.622575+00:00
InsForge,InsForge,Y Combinator,0.8,DeterministicRuleCleaned,2026-09-10T13:59:01.632609+00:00
ReasonBlocks,ReasonBlocks,Y Combinator,0.8,DeterministicRuleCleaned,2026-09-10T13:59:01.639152+00:00
Modern,Modern,Y Combinator,0.8,DeterministicRuleCleaned,2026-09-10T13:59:01.643035+00:00
Panacea,Panacea,Y Combinator,0.8,DeterministicRuleCleaned,2026-09-10T13:59:01.650432+00:00
CentralComs,CentralComs,Y Combinator,0.8,DeterministicRuleCleaned,2026-09-10T13:59:01.659300+00:00
KugelAudio,KugelAudio,Y Combinator,0.8,DeterministicRuleCleaned,2026-09-10T13:59:01.668548+00:00
Klaimee,Klaimee,Y Combinator,0.8,DeterministicRuleCleaned,2026-09-10T13:59:01.677040+00:00
flowscope,Flowscope,Y Combinator,0.8,DeterministicRuleCleaned,2026-09-10T13:59:01.685835+00:00
Trident,Trident,Y Combinator,0.8,DeterministicRuleCleaned,2026-09-10T13:59:01.697834+00:00
Gigacatalyst,Gigacatalyst,Y Combinator,0.8,DeterministicRuleCleaned,2026-09-10T13:59:01.709183+00:00
Arlo Industries,Arlo Industries,Y Combinator,0.8,DeterministicRuleCleaned,2026-09-10T13:59:01.718728+00:00
Astraea,Astraea,Y Combinator,0.8,DeterministicRuleCleaned,2026-09-10T13:59:01.723071+00:00
Lattice Health,Lattice Health,Y Combinator,0.8,DeterministicRuleCleaned,2026-09-10T13:59:01.728319+00:00
Atlas Discovery,Atlas Discovery,Y Combinator,0.8,DeterministicRuleCleaned,2026-09-10T13:59:01.736665+00:00
Manicule,Manicule,Y Combinator,0.8,DeterministicRuleCleaned,2026-09-10T13:59:01.740954+00:00
Avea Robotics,Avea Robotics,Y Combinator,0.8,DeterministicRuleCleaned,2026-09-10T13:59:01.747550+00:00
Mochatrade,Mochatrade,Y Combinator,0.8,DeterministicRuleCleaned,2026-09-10T13:59:01.754799+00:00
Asendia AI,Asendia AI,Y Combinator,0.8,DeterministicRuleCleaned,2026-09-10T13:59:01.759345+00:00
Revnu,Revnu,Y Combinator,0.8,DeterministicRuleCleaned,2026-09-10T13:59:01.763570+00:00
Uno Wallet,Uno Wallet,Y Combinator,0.8,DeterministicRuleCleaned,2026-09-10T13:59:01.769652+00:00
Arden,Arden,Y Combinator,0.8,DeterministicRuleCleaned,2026-09-10T13:59:01.773052+00:00
AgentPhone,AgentPhone,Y Combinator,0.8,DeterministicRuleCleaned,2026-09-10T13:59:01.777360+00:00
Gravy,Gravy,Y Combinator,0.8,DeterministicRuleCleaned,2026-09-10T13:59:01.783533+00:00
Kinect,Kinect,Y Combinator,0.8,DeterministicRuleCleaned,2026-09-10T13:59:01.790844+00:00
Runtime,Runtime,Y Combinator,0.8,DeterministicRuleCleaned,2026-09-10T13:59:01.804793+00:00
YouArt,YouArt,Y Combinator,0.8,DeterministicRuleCleaned,2026-09-10T13:59:01.808378+00:00
Expanse,Expanse,Y Combinator,0.8,DeterministicRuleCleaned,2026-09-10T13:59:01.812195+00:00
CharacterQuilt,CharacterQuilt,Y Combinator,0.8,DeterministicRuleCleaned,2026-09-10T13:59:01.818485+00:00
Pentagon,Pentagon,Y Combinator,0.8,DeterministicRuleCleaned,2026-09-10T13:59:01.822574+00:00
Arzana,Arzana,Y Combinator,0.8,DeterministicRuleCleaned,2026-09-10T13:59:01.826106+00:00
Auxos,Auxos,Y Combinator,0.8,DeterministicRuleCleaned,2026-09-10T13:59:01.829740+00:00
ProjectX,ProjectX,Y Combinator,0.8,DeterministicRuleCleaned,2026-09-10T13:59:01.835118+00:00
Tolmo,Tolmo,Y Combinator,0.8,DeterministicRuleCleaned,2026-09-10T13:59:01.838262+00:00
OpenWork,OpenWork,Y Combinator,0.8,DeterministicRuleCleaned,2026-09-10T13:59:01.841961+00:00
"Apollo Atomics, Inc.","Apollo Atomics,",Y Combinator,0.8,DeterministicRuleCleaned,2026-09-10T13:59:01.849728+00:00
General Aviation,General Aviation,Y Combinator,0.8,DeterministicRuleCleaned,2026-09-10T13:59:01.855357+00:00
OpenProse,OpenProse,Y Combinator,0.8,DeterministicRuleCleaned,2026-09-10T13:59:01.859305+00:00
Aster,Aster,Y Combinator,0.8,DeterministicRuleCleaned,2026-09-10T13:59:01.863949+00:00
Amboras,Amboras,Y Combinator,0.8,DeterministicRuleCleaned,2026-09-10T13:59:01.868065+00:00
Hessian,Hessian,Y Combinator,0.8,DeterministicRuleCleaned,2026-09-10T13:59:01.871995+00:00
Mentlio,Mentlio,Y Combinator,0.8,DeterministicRuleCleaned,2026-09-10T13:59:01.876064+00:00
RASPIRE,RASPIRE,Y Combinator,0.8,DeterministicRuleCleaned,2026-09-10T13:59:01.881535+00:00
Plena Health,Plena Health,Y Combinator,0.8,DeterministicRuleCleaned,2026-09-10T13:59:01.886473+00:00
TesterArmy,TesterArmy,Y Combinator,0.8,DeterministicRuleCleaned,2026-09-10T13:59:01.890508+00:00
Eden Robotics,Eden Robotics,Y Combinator,0.8,DeterministicRuleCleaned,2026-09-10T13:59:01.895504+00:00
Foaster,Foaster,Y Combinator,0.8,DeterministicRuleCleaned,2026-09-10T13:59:01.901259+00:00
AquaShield,AquaShield,Y Combinator,0.8,DeterministicRuleCleaned,2026-09-10T13:59:01.905664+00:00
Ornadyne,Ornadyne,Y Combinator,0.8,DeterministicRuleCleaned,2026-09-10T13:59:01.909830+00:00
ANORIA,ANORIA,Y Combinator,0.8,DeterministicRuleCleaned,2026-09-10T13:59:01.914959+00:00
AbInitio Bio,AbInitio Bio,Y Combinator,0.8,DeterministicRuleCleaned,2026-09-10T13:59:01.919379+00:00
Memory Store,Memory Store,Y Combinator,0.8,DeterministicRuleCleaned,2026-09-10T13:59:01.924915+00:00
Saudara AI,Saudara AI,Y Combinator,0.8,DeterministicRuleCleaned,2026-09-10T13:59:04.617122+00:00
Pops,Pops,Y Combinator,0.8,DeterministicRuleCleaned,2026-09-10T13:59:04.620028+00:00
Silmaril,Silmaril,Y Combinator,0.8,DeterministicRuleCleaned,2026-09-10T13:59:04.624005+00:00
BioStack Platforms,BioStack Platforms,Y Combinator,0.8,DeterministicRuleCleaned,2026-09-10T13:59:04.630753+00:00
Ardent,Ardent,Y Combinator,0.8,DeterministicRuleCleaned,2026-09-10T13:59:04.634404+00:00
Kuli,Kuli,Y Combinator,0.8,DeterministicRuleCleaned,2026-09-10T13:59:04.637831+00:00
Wato,Wato,Y Combinator,0.8,DeterministicRuleCleaned,2026-09-10T13:59:04.640990+00:00
Tasklet,Tasklet,Y Combinator,0.8,DeterministicRuleCleaned,2026-09-10T13:59:04.646179+00:00
Chronicle Labs,Chronicle,Y Combinator,0.8,DeterministicRuleCleaned,2026-09-10T13:59:04.651706+00:00
Walter,Walter,Y Combinator,0.8,DeterministicRuleCleaned,2026-09-10T13:59:04.655266+00:00
Aseon Labs,Aseon,Y Combinator,0.8,DeterministicRuleCleaned,2026-09-10T13:59:04.659540+00:00
Soria,Soria,Y Combinator,0.8,DeterministicRuleCleaned,2026-09-10T13:59:04.665162+00:00
Armature,Armature,Y Combinator,0.8,DeterministicRuleCleaned,2026-09-10T13:59:04.669067+00:00
Collar,Collar,Y Combinator,0.8,DeterministicRuleCleaned,2026-09-10T13:59:04.672414+00:00
PLAN0 AI,PLAN0 AI,Y Combinator,0.8,DeterministicRuleCleaned,2026-09-10T13:59:04.676285+00:00
Zibra Labs,Zibra,Y Combinator,0.8,DeterministicRuleCleaned,2026-09-10T13:59:04.682367+00:00
Reason Machines,Reason Machines,Y Combinator,0.8,DeterministicRuleCleaned,2026-09-10T13:59:04.687941+00:00
ValCtrl,ValCtrl,Y Combinator,0.8,DeterministicRuleCleaned,2026-09-10T13:59:04.691614+00:00
General Instinct,General Instinct,Y Combinator,0.8,DeterministicRuleCleaned,2026-09-10T13:59:04.698979+00:00
tday.com,Tday.Com,Y Combinator,0.8,DeterministicRuleCleaned,2026-09-10T13:59:04.702928+00:00
E1O,E1O,Y Combinator,0.8,DeterministicRuleCleaned,2026-09-10T13:59:04.705727+00:00
Minicor,Minicor,Y Combinator,0.8,DeterministicRuleCleaned,2026-09-10T13:59:04.709286+00:00
Degla Inc,Degla,Y Combinator,0.8,DeterministicRuleCleaned,2026-09-10T13:59:04.715187+00:00
Archer,Archer,Y Combinator,0.8,DeterministicRuleCleaned,2026-09-10T13:59:04.718666+00:00
River Markets,River Markets,Y Combinator,0.8,DeterministicRuleCleaned,2026-09-10T13:59:04.723491+00:00
smol machines,Smol Machines,Y Combinator,0.8,DeterministicRuleCleaned,2026-09-10T13:59:04.729983+00:00
Allowance,Allowance,Y Combinator,0.8,DeterministicRuleCleaned,2026-09-10T13:59:04.734141+00:00
Harbor,Harbor,Y Combinator,0.8,DeterministicRuleCleaned,2026-09-10T13:59:04.737631+00:00
Complir,Complir,Y Combinator,0.8,DeterministicRuleCleaned,2026-09-10T13:59:04.741076+00:00
AICE,AICE,Y Combinator,0.8,DeterministicRuleCleaned,2026-09-10T13:59:04.745670+00:00
Infera,Infera,Y Combinator,0.8,DeterministicRuleCleaned,2026-09-10T13:59:04.749760+00:00
Mount,Mount,Y Combinator,0.8,DeterministicRuleCleaned,2026-09-10T13:59:04.752954+00:00
Parrot,Parrot,Y Combinator,0.8,DeterministicRuleCleaned,2026-09-10T13:59:04.756461+00:00
Result,Result,Y Combinator,0.8,DeterministicRuleCleaned,2026-09-10T13:59:04.760103+00:00
Sidekick,Sidekick,Y Combinator,0.8,DeterministicRuleCleaned,2026-09-10T13:59:04.765597+00:00
Prototyping.io,Prototyping.Io,Y Combinator,0.8,DeterministicRuleCleaned,2026-09-10T13:59:04.770467+00:00
Lumius,Lumius,Y Combinator,0.8,DeterministicRuleCleaned,2026-09-10T13:59:04.773866+00:00
Adialante,Adialante,Y Combinator,0.8,DeterministicRuleCleaned,2026-09-10T13:59:04.779849+00:00
Savant,Savant,Y Combinator,0.8,DeterministicRuleCleaned,2026-09-10T13:59:04.783559+00:00
Keyframe Labs,Keyframe,Y Combinator,0.8,DeterministicRuleCleaned,2026-09-10T13:59:04.788414+00:00
Voquill,Voquill,Y Combinator,0.8,DeterministicRuleCleaned,2026-09-10T13:59:04.792115+00:00
Oddpool,Oddpool,Y Combinator,0.8,DeterministicRuleCleaned,2026-09-10T13:59:04.797315+00:00
Ontora,Ontora,Y Combinator,0.8,DeterministicRuleCleaned,2026-09-10T13:59:04.800879+00:00
Napkin Math,Napkin Math,Y Combinator,0.8,DeterministicRuleCleaned,2026-09-10T13:59:04.805218+00:00
Gojiberry AI,Gojiberry AI,Y Combinator,0.8,DeterministicRuleCleaned,2026-09-10T13:59:04.810857+00:00
WonderTx,WonderTx,Y Combinator,0.8,DeterministicRuleCleaned,2026-09-10T13:59:04.815372+00:00
Lab0,Lab0,Y Combinator,0.8,DeterministicRuleCleaned,2026-09-10T13:59:04.818348+00:00
BentoLabs AI,BentoLabs AI,Y Combinator,0.8,DeterministicRuleCleaned,2026-09-10T13:59:04.822895+00:00
Lamina Labs,Lamina,Y Combinator,0.8,DeterministicRuleCleaned,2026-09-10T13:59:04.828235+00:00
Kimpton,Kimpton,Y Combinator,0.8,DeterministicRuleCleaned,2026-09-10T13:59:04.832663+00:00
StableBrowse,StableBrowse,Y Combinator,0.8,DeterministicRuleCleaned,2026-09-10T13:59:04.837350+00:00
Taiga,Taiga,Y Combinator,0.8,DeterministicRuleCleaned,2026-09-10T13:59:04.840695+00:00
Pairio,Pairio,Y Combinator,0.8,DeterministicRuleCleaned,2026-09-10T13:59:04.845798+00:00
Callab AI,Callab AI,Y Combinator,0.8,DeterministicRuleCleaned,2026-09-10T13:59:04.850161+00:00
Synphony,Synphony,Y Combinator,0.8,DeterministicRuleCleaned,2026-09-10T13:59:04.853943+00:00
Dreach,Dreach,Y Combinator,0.8,DeterministicRuleCleaned,2026-09-10T13:59:04.857689+00:00
Arga Labs,Arga,Y Combinator,0.8,DeterministicRuleCleaned,2026-09-10T13:59:04.863511+00:00
Andco,Andco,Y Combinator,0.8,DeterministicRuleCleaned,2026-09-10T13:59:04.867138+00:00
RentAHuman,RentAHuman,Y Combinator,0.8,DeterministicRuleCleaned,2026-09-10T13:59:04.871665+00:00
InstaAgent,InstaAgent,Y Combinator,0.8,DeterministicRuleCleaned,2026-09-10T13:59:04.875662+00:00
Salesgraph,Salesgraph,Y Combinator,0.8,DeterministicRuleCleaned,2026-09-10T13:59:04.881730+00:00
Sherpa,Sherpa,Y Combinator,0.8,DeterministicRuleCleaned,2026-09-10T13:59:04.885303+00:00
Userlens,Userlens,Y Combinator,0.8,DeterministicRuleCleaned,2026-09-10T13:59:04.889300+00:00
transload,Transload,Y Combinator,0.8,DeterministicRuleCleaned,2026-09-10T13:59:04.894262+00:00
Standout,Standout,Y Combinator,0.8,DeterministicRuleCleaned,2026-09-10T13:59:04.899581+00:00
shotwell.ai,Shotwell.Ai,Y Combinator,0.8,DeterministicRuleCleaned,2026-09-10T13:59:04.904165+00:00
Madrone,Madrone,Y Combinator,0.8,DeterministicRuleCleaned,2026-09-10T13:59:04.908126+00:00
Pavoot,Pavoot,Y Combinator,0.8,DeterministicRuleCleaned,2026-09-10T13:59:04.913274+00:00
qomplement,Qomplement,Y Combinator,0.8,DeterministicRuleCleaned,2026-09-10T13:59:04.917772+00:00
Deep Interactions,Deep Interactions,Y Combinator,0.8,DeterministicRuleCleaned,2026-09-10T13:59:04.923074+00:00
KelAI,KelAI,Y Combinator,0.8,DeterministicRuleCleaned,2026-09-10T13:59:04.927081+00:00
"HEVN, inc",HEVN,Y Combinator,0.8,DeterministicRuleCleaned,2026-09-10T13:59:04.932507+00:00
Wealor,Wealor,Y Combinator,0.8,DeterministicRuleCleaned,2026-09-10T13:59:04.936212+00:00
Elyra,Elyra,Y Combinator,0.8,DeterministicRuleCleaned,2026-09-10T13:59:04.939568+00:00
Interfaze,Interfaze,Y Combinator,0.8,DeterministicRuleCleaned,2026-09-10T13:59:04.944191+00:00
Zolvo,Zolvo,Y Combinator,0.8,DeterministicRuleCleaned,2026-09-10T13:59:04.948479+00:00
Juno,Juno,Y Combinator,0.8,DeterministicRuleCleaned,2026-09-10T13:59:04.951472+00:00
Kinro,Kinro,Y Combinator,0.8,DeterministicRuleCleaned,2026-09-10T13:59:04.954716+00:00
GovGuard,GovGuard,Y Combinator,0.8,DeterministicRuleCleaned,2026-09-10T13:59:04.958420+00:00
Superlog,Superlog,Y Combinator,0.8,DeterministicRuleCleaned,2026-09-10T13:59:04.963930+00:00
GodHands,GodHands,Y Combinator,0.8,DeterministicRuleCleaned,2026-09-10T13:59:04.967928+00:00
Limrun,Limrun,Y Combinator,0.8,DeterministicRuleCleaned,2026-09-10T13:59:04.971376+00:00
Light Anchor,Light Anchor,Y Combinator,0.8,DeterministicRuleCleaned,2026-09-10T13:59:04.975888+00:00
Hub,Hub,Y Combinator,0.8,DeterministicRuleCleaned,2026-09-10T13:59:04.979959+00:00
Tenet Industries,Tenet Industries,Y Combinator,0.8,DeterministicRuleCleaned,2026-09-10T13:59:04.985018+00:00
Atrisa,Atrisa,Y Combinator,0.8,DeterministicRuleCleaned,2026-09-10T13:59:04.988702+00:00
Trellis,Trellis,Y Combinator,0.8,DeterministicRuleCleaned,2026-09-10T13:59:04.992578+00:00
The Company Company,The,Y Combinator,0.8,DeterministicRuleCleaned,2026-09-10T13:59:04.999895+00:00
Dayjob,Dayjob,Y Combinator,0.8,DeterministicRuleCleaned,2026-09-10T13:59:05.003284+00:00
InLoop Robotics,InLoop Robotics,Y Combinator,0.8,DeterministicRuleCleaned,2026-09-10T13:59:05.007893+00:00
Zenbu,Zenbu,Y Combinator,0.8,DeterministicRuleCleaned,2026-09-10T13:59:05.013035+00:00
Andustry,Andustry,Y Combinator,0.8,DeterministicRuleCleaned,2026-09-10T13:59:05.017257+00:00
Nine Fives,Nine Fives,Y Combinator,0.8,DeterministicRuleCleaned,2026-09-10T13:59:05.021373+00:00
Chert,Chert,Y Combinator,0.8,DeterministicRuleCleaned,2026-09-10T13:59:05.025131+00:00
Saffron,Saffron,Y Combinator,0.8,DeterministicRuleCleaned,2026-09-10T13:59:05.031055+00:00
Discovered Materials,Discovered Materials,Y Combinator,0.8,DeterministicRuleCleaned,2026-09-10T13:59:05.037089+00:00
LightSprint,LightSprint,Y Combinator,0.8,DeterministicRuleCleaned,2026-09-10T13:59:05.041566+00:00
Twolabs,Twolabs,Y Combinator,0.8,DeterministicRuleCleaned,2026-09-10T13:59:05.047145+00:00
Marker,Marker,Y Combinator,0.8,DeterministicRuleCleaned,2026-09-10T13:59:05.050688+00:00
Scope,Scope,Y Combinator,0.8,DeterministicRuleCleaned,2026-09-10T13:59:05.053802+00:00
Hexa,Hexa,Y Combinator,0.8,DeterministicRuleCleaned,2026-09-10T13:59:06.081216+00:00
Palette,Palette,Y Combinator,0.8,DeterministicRuleCleaned,2026-09-10T13:59:06.085392+00:00
Rudus,Rudus,Y Combinator,0.8,DeterministicRuleCleaned,2026-09-10T13:59:06.090265+00:00
Replicas,Replicas,Y Combinator,0.8,DeterministicRuleCleaned,2026-09-10T13:59:06.098701+00:00
Totalis,Totalis,Y Combinator,0.8,DeterministicRuleCleaned,2026-09-10T13:59:06.103920+00:00
Multiplier,Multiplier,Y Combinator,0.8,DeterministicRuleCleaned,2026-09-10T13:59:06.108452+00:00
Most Robotic,Most Robotic,Y Combinator,0.8,DeterministicRuleCleaned,2026-09-10T13:59:06.115388+00:00
Illume Labs,Illume,Y Combinator,0.8,DeterministicRuleCleaned,2026-09-10T13:59:06.119938+00:00
Memoir,Memoir,Y Combinator,0.8,DeterministicRuleCleaned,2026-09-10T13:59:06.123674+00:00
"PerfectBit, Inc.","PerfectBit,",Y Combinator,0.8,DeterministicRuleCleaned,2026-09-10T13:59:06.130804+00:00
Stage,Stage,Y Combinator,0.8,DeterministicRuleCleaned,2026-09-10T13:59:06.134460+00:00
Standard Signal,Standard Signal,Y Combinator,0.8,DeterministicRuleCleaned,2026-09-10T13:59:06.139649+00:00
primitive,Primitive,Y Combinator,0.8,DeterministicRuleCleaned,2026-09-10T13:59:06.146045+00:00
Korso,Korso,Y Combinator,0.8,DeterministicRuleCleaned,2026-09-10T13:59:06.149738+00:00
Klarify,Klarify,Y Combinator,0.8,DeterministicRuleCleaned,2026-09-10T13:59:06.154859+00:00
Surtr Defense Systems,Surtr Defense,Y Combinator,0.8,DeterministicRuleCleaned,2026-09-10T13:59:06.163027+00:00
Hedge,Hedge,Y Combinator,0.8,DeterministicRuleCleaned,2026-09-10T13:59:06.166302+00:00
Cardinal,Cardinal,Y Combinator,0.8,DeterministicRuleCleaned,2026-09-10T13:59:06.170324+00:00
Wideframe,Wideframe,Y Combinator,0.8,DeterministicRuleCleaned,2026-09-10T13:59:06.174362+00:00
Martini,Martini,Y Combinator,0.8,DeterministicRuleCleaned,2026-09-10T13:59:06.180533+00:00
Litmus,Litmus,Y Combinator,0.8,DeterministicRuleCleaned,2026-09-10T13:59:06.183988+00:00
Condor Energy,Condor Energy,Y Combinator,0.8,DeterministicRuleCleaned,2026-09-10T13:59:06.188527+00:00
Remix,Remix,Y Combinator,0.8,DeterministicRuleCleaned,2026-09-10T13:59:06.192641+00:00
OpenVector,OpenVector,Y Combinator,0.8,DeterministicRuleCleaned,2026-09-10T13:59:06.198460+00:00
Shofo,Shofo,Y Combinator,0.8,DeterministicRuleCleaned,2026-09-10T13:59:06.201472+00:00
Wayco,Wayco,Y Combinator,0.8,DeterministicRuleCleaned,2026-09-10T13:59:06.204808+00:00
"Applied Electrodynamics, Inc.","Applied Electrodynamics,",Y Combinator,0.8,DeterministicRuleCleaned,2026-09-10T13:59:06.214064+00:00
Unifold,Unifold,Y Combinator,0.8,DeterministicRuleCleaned,2026-09-10T13:59:06.217838+00:00
Carrot Labs,Carrot,Y Combinator,0.8,DeterministicRuleCleaned,2026-09-10T13:59:06.222113+00:00
Dispatch,Dispatch,Y Combinator,0.8,DeterministicRuleCleaned,2026-09-10T13:59:06.228434+00:00
Bloom,Bloom,Y Combinator,0.8,DeterministicRuleCleaned,2026-09-10T13:59:06.232178+00:00
Aurorin CAD,Aurorin CAD,Y Combinator,0.8,DeterministicRuleCleaned,2026-09-10T13:59:06.236887+00:00
Fixture,Fixture,Y Combinator,0.8,DeterministicRuleCleaned,2026-09-10T13:59:06.240446+00:00
DAIVIN!,DAIVIN!,Y Combinator,0.8,DeterministicRuleCleaned,2026-09-10T13:59:06.245841+00:00
Brumby (Formerly GrazeMate),Brumby (Formerly GrazeMate),Y Combinator,0.8,DeterministicRuleCleaned,2026-09-10T13:59:06.251836+00:00
Origami Robotics,Origami Robotics,Y Combinator,0.8,DeterministicRuleCleaned,2026-09-10T13:59:06.257909+00:00
Ossus,Ossus,Y Combinator,0.8,DeterministicRuleCleaned,2026-09-10T13:59:06.262544+00:00
Rubric AI,Rubric AI,Y Combinator,0.8,DeterministicRuleCleaned,2026-09-10T13:59:06.266730+00:00
Regbase,Regbase,Y Combinator,0.8,DeterministicRuleCleaned,2026-09-10T13:59:06.270567+00:00
Zymbly,Zymbly,Y Combinator,0.8,DeterministicRuleCleaned,2026-09-10T13:59:06.273723+00:00
Dipole Labs,Dipole,Y Combinator,0.8,DeterministicRuleCleaned,2026-09-10T13:59:06.279579+00:00
Ritivel,Ritivel,Y Combinator,0.8,DeterministicRuleCleaned,2026-09-10T13:59:06.283396+00:00
Polymorph,Polymorph,Y Combinator,0.8,DeterministicRuleCleaned,2026-09-10T13:59:06.287226+00:00
Khotan (formerly Pollinate),Khotan (formerly Pollinate),Y Combinator,0.8,DeterministicRuleCleaned,2026-09-10T13:59:06.295447+00:00
SpotPay,SpotPay,Y Combinator,0.8,DeterministicRuleCleaned,2026-09-10T13:59:06.299225+00:00
Poth Labs,Poth,Y Combinator,0.8,DeterministicRuleCleaned,2026-09-10T13:59:06.303453+00:00
VOYGR,VOYGR,Y Combinator,0.8,DeterministicRuleCleaned,2026-09-10T13:59:06.306618+00:00
MochaCare,MochaCare,Y Combinator,0.8,DeterministicRuleCleaned,2026-09-10T13:59:06.312120+00:00
Cova,Cova,Y Combinator,0.8,DeterministicRuleCleaned,2026-09-10T13:59:06.315254+00:00
Vela,Vela,Y Combinator,0.8,DeterministicRuleCleaned,2026-09-10T13:59:06.318580+00:00
Veriad,Veriad,Y Combinator,0.8,DeterministicRuleCleaned,2026-09-10T13:59:06.322308+00:00
Talking Computers,Talking Computers,Y Combinator,0.8,DeterministicRuleCleaned,2026-09-10T13:59:06.329208+00:00
Control Seat,Control Seat,Y Combinator,0.8,DeterministicRuleCleaned,2026-09-10T13:59:06.334099+00:00
Copperlane,Copperlane,Y Combinator,0.8,DeterministicRuleCleaned,2026-09-10T13:59:06.338526+00:00
Tsenta,Tsenta,Y Combinator,0.8,DeterministicRuleCleaned,2026-09-10T13:59:06.343152+00:00
Dream,Dream,Y Combinator,0.8,DeterministicRuleCleaned,2026-09-10T13:59:06.347484+00:00
Atlia,Atlia,Y Combinator,0.8,DeterministicRuleCleaned,2026-09-10T13:59:06.351232+00:00
Canary,Canary,Y Combinator,0.8,DeterministicRuleCleaned,2026-09-10T13:59:06.354635+00:00
Grade,Grade,Y Combinator,0.8,DeterministicRuleCleaned,2026-09-10T13:59:06.358034+00:00
Sila,Sila,Y Combinator,0.8,DeterministicRuleCleaned,2026-09-10T13:59:06.363557+00:00
Maven,Maven,Y Combinator,0.8,DeterministicRuleCleaned,2026-09-10T13:59:06.367222+00:00
Moda,Moda,Y Combinator,0.8,DeterministicRuleCleaned,2026-09-10T13:59:06.370252+00:00
The Token Company,The Token,Y Combinator,0.8,DeterministicRuleCleaned,2026-09-10T13:59:06.376956+00:00
Meteoric,Meteoric,Y Combinator,0.8,DeterministicRuleCleaned,2026-09-10T13:59:06.382123+00:00
BeeSafe AI,BeeSafe AI,Y Combinator,0.8,DeterministicRuleCleaned,2026-09-10T13:59:06.386443+00:00
Fed10,Fed10,Y Combinator,0.8,DeterministicRuleCleaned,2026-09-10T13:59:06.389367+00:00
Inth,Inth,Y Combinator,0.8,DeterministicRuleCleaned,2026-09-10T13:59:06.393421+00:00
Squid,Squid,Y Combinator,0.8,DeterministicRuleCleaned,2026-09-10T13:59:06.397645+00:00
Turnstone,Turnstone,Y Combinator,0.8,DeterministicRuleCleaned,2026-09-10T13:59:06.401693+00:00
Foreman,Foreman,Y Combinator,0.8,DeterministicRuleCleaned,2026-09-10T13:59:06.405656+00:00
Booko,Booko,Y Combinator,0.8,DeterministicRuleCleaned,2026-09-10T13:59:06.409033+00:00
Corelayer,Corelayer,Y Combinator,0.8,DeterministicRuleCleaned,2026-09-10T13:59:06.415089+00:00
General Legal,General Legal,Y Combinator,0.8,DeterministicRuleCleaned,2026-09-10T13:59:06.420003+00:00
Fort,Fort,Y Combinator,0.8,DeterministicRuleCleaned,2026-09-10T13:59:06.422958+00:00
Balance,Balance,Y Combinator,0.8,DeterministicRuleCleaned,2026-09-10T13:59:06.428120+00:00
Ekpa,Ekpa,Y Combinator,0.8,DeterministicRuleCleaned,2026-09-10T13:59:06.431521+00:00
Chasi,Chasi,Y Combinator,0.8,DeterministicRuleCleaned,2026-09-10T13:59:06.434861+00:00
Remy AI,Remy AI,Y Combinator,0.8,DeterministicRuleCleaned,2026-09-10T13:59:06.438701+00:00
Anchorhead,Anchorhead,Y Combinator,0.8,DeterministicRuleCleaned,2026-09-10T13:59:06.443732+00:00
o11,O11,Y Combinator,0.8,DeterministicRuleCleaned,2026-09-10T13:59:06.447023+00:00
Doomersion,Doomersion,Y Combinator,0.8,DeterministicRuleCleaned,2026-09-10T13:59:06.451348+00:00
Sequence Markets,Sequence Markets,Y Combinator,0.8,DeterministicRuleCleaned,2026-09-10T13:59:06.456505+00:00
Libra Robotics,Libra Robotics,Y Combinator,0.8,DeterministicRuleCleaned,2026-09-10T13:59:06.463359+00:00
Ditto Biosciences,Ditto Biosciences,Y Combinator,0.8,DeterministicRuleCleaned,2026-09-10T13:59:06.468966+00:00
Servo7,Servo7,Y Combinator,0.8,DeterministicRuleCleaned,2026-09-10T13:59:06.472467+00:00
Datoric,Datoric,Y Combinator,0.8,DeterministicRuleCleaned,2026-09-10T13:59:06.478229+00:00
Superset,Superset,Y Combinator,0.8,DeterministicRuleCleaned,2026-09-10T13:59:06.482320+00:00
Netter,Netter,Y Combinator,0.8,DeterministicRuleCleaned,2026-09-10T13:59:06.485781+00:00
Voxel Energy,Voxel Energy,Y Combinator,0.8,DeterministicRuleCleaned,2026-09-10T13:59:06.490381+00:00
Polymath,Polymath,Y Combinator,0.8,DeterministicRuleCleaned,2026-09-10T13:59:06.496072+00:00
Archal,Archal,Y Combinator,0.8,DeterministicRuleCleaned,2026-09-10T13:59:06.499529+00:00
Bubble Lab,Bubble Lab,Y Combinator,0.8,DeterministicRuleCleaned,2026-09-10T13:59:06.503793+00:00
Pocket,Pocket,Y Combinator,0.8,DeterministicRuleCleaned,2026-09-10T13:59:06.507310+00:00
Byteport,Byteport,Y Combinator,0.8,DeterministicRuleCleaned,2026-09-10T13:59:06.512554+00:00
Constellation Space,Constellation Space,Y Combinator,0.8,DeterministicRuleCleaned,2026-09-10T13:59:06.518434+00:00
Sazabi,Sazabi,Y Combinator,0.8,DeterministicRuleCleaned,2026-09-10T13:59:06.522020+00:00
AxionOrbital Space,AxionOrbital Space,Y Combinator,0.8,DeterministicRuleCleaned,2026-09-10T13:59:06.529424+00:00
Oximy,Oximy,Y Combinator,0.8,DeterministicRuleCleaned,2026-09-10T13:59:06.532679+00:00
Caretta,Caretta,Y Combinator,0.8,DeterministicRuleCleaned,2026-09-10T13:59:06.536614+00:00
Samora AI,Samora AI,Y Combinator,0.8,DeterministicRuleCleaned,2026-09-10T13:59:06.540768+00:00
Human Archive,Human Archive,Y Combinator,0.8,DeterministicRuleCleaned,2026-09-10T13:59:07.630937+00:00
Forum,Forum,Y Combinator,0.8,DeterministicRuleCleaned,2026-09-10T13:59:07.634010+00:00
Sitefire,Sitefire,Y Combinator,0.8,DeterministicRuleCleaned,2026-09-10T13:59:07.638007+00:00
Robby,Robby,Y Combinator,0.8,DeterministicRuleCleaned,2026-09-10T13:59:07.641861+00:00
Ressl AI,Ressl AI,Y Combinator,0.8,DeterministicRuleCleaned,2026-09-10T13:59:07.646944+00:00
Emdash,Emdash,Y Combinator,0.8,DeterministicRuleCleaned,2026-09-10T13:59:07.650475+00:00
InventoryQuant,InventoryQuant,Y Combinator,0.8,DeterministicRuleCleaned,2026-09-10T13:59:07.654925+00:00
Congruent,Congruent,Y Combinator,0.8,DeterministicRuleCleaned,2026-09-10T13:59:07.660806+00:00
Reframe,Reframe,Y Combinator,0.8,DeterministicRuleCleaned,2026-09-10T13:59:07.664862+00:00
Valence,Valence,Y Combinator,0.8,DeterministicRuleCleaned,2026-09-10T13:59:07.668607+00:00
9 Mothers,9 Mothers,Y Combinator,0.8,DeterministicRuleCleaned,2026-09-10T13:59:07.672289+00:00
Approxima,Approxima,Y Combinator,0.8,DeterministicRuleCleaned,2026-09-10T13:59:07.678476+00:00
Traverse,Traverse,Y Combinator,0.8,DeterministicRuleCleaned,2026-09-10T13:59:07.682410+00:00
Revion,Revion,Y Combinator,0.8,DeterministicRuleCleaned,2026-09-10T13:59:07.686204+00:00
Maywood,Maywood,Y Combinator,0.8,DeterministicRuleCleaned,2026-09-10T13:59:07.689608+00:00
Fenrock AI,Fenrock AI,Y Combinator,0.8,DeterministicRuleCleaned,2026-09-10T13:59:07.695975+00:00
End Close,End Close,Y Combinator,0.8,DeterministicRuleCleaned,2026-09-10T13:59:07.700200+00:00
Chamber,Chamber,Y Combinator,0.8,DeterministicRuleCleaned,2026-09-10T13:59:07.703714+00:00
Assemble,Assemble,Y Combinator,0.8,DeterministicRuleCleaned,2026-09-10T13:59:07.707903+00:00
Patientdesk.ai,Patientdesk.Ai,Y Combinator,0.8,DeterministicRuleCleaned,2026-09-10T13:59:07.715280+00:00
Visibl Semiconductors,Visibl Semiconductors,Y Combinator,0.8,DeterministicRuleCleaned,2026-09-10T13:59:07.721068+00:00
Synthetic Sciences,Synthetic Sciences,Y Combinator,0.8,DeterministicRuleCleaned,2026-09-10T13:59:07.728854+00:00
Seeing Systems,Seeing,Y Combinator,0.8,DeterministicRuleCleaned,2026-09-10T13:59:07.733535+00:00
Jinba,Jinba,Y Combinator,0.8,DeterministicRuleCleaned,2026-09-10T13:59:07.736830+00:00
Cardboard,Cardboard,Y Combinator,0.8,DeterministicRuleCleaned,2026-09-10T13:59:07.741491+00:00
Prana,Prana,Y Combinator,0.8,DeterministicRuleCleaned,2026-09-10T13:59:07.746121+00:00
Rhizome AI,Rhizome AI,Y Combinator,0.8,DeterministicRuleCleaned,2026-09-10T13:59:07.750566+00:00
Pax Historia,Pax Historia,Y Combinator,0.8,DeterministicRuleCleaned,2026-09-10T13:59:07.755725+00:00
Parameter,Parameter,Y Combinator,0.8,DeterministicRuleCleaned,2026-09-10T13:59:07.761709+00:00
Laurence,Laurence,Y Combinator,0.8,DeterministicRuleCleaned,2026-09-10T13:59:07.765719+00:00
Terminal Use,Terminal Use,Y Combinator,0.8,DeterministicRuleCleaned,2026-09-10T13:59:07.770328+00:00
Overshoot,Overshoot,Y Combinator,0.8,DeterministicRuleCleaned,2026-09-10T13:59:07.775216+00:00
Cajal,Cajal,Y Combinator,0.8,DeterministicRuleCleaned,2026-09-10T13:59:07.779296+00:00
Proximitty,Proximitty,Y Combinator,0.8,DeterministicRuleCleaned,2026-09-10T13:59:07.783584+00:00
Instinct,Instinct,Y Combinator,0.8,DeterministicRuleCleaned,2026-09-10T13:59:07.787456+00:00
Stilta,Stilta,Y Combinator,0.8,DeterministicRuleCleaned,2026-09-10T13:59:07.792207+00:00
Unisson,Unisson,Y Combinator,0.8,DeterministicRuleCleaned,2026-09-10T13:59:07.796854+00:00
IncidentFox,IncidentFox,Y Combinator,0.8,DeterministicRuleCleaned,2026-09-10T13:59:07.800661+00:00
Compresr,Compresr,Y Combinator,0.8,DeterministicRuleCleaned,2026-09-10T13:59:07.804568+00:00
Opalite Health,Opalite Health,Y Combinator,0.8,DeterministicRuleCleaned,2026-09-10T13:59:07.812085+00:00
Confluence Labs,Confluence,Y Combinator,0.8,DeterministicRuleCleaned,2026-09-10T13:59:07.817189+00:00
Rapidfolio,Rapidfolio,Y Combinator,0.8,DeterministicRuleCleaned,2026-09-10T13:59:07.821638+00:00
Mango Medical,Mango Medical,Y Combinator,0.8,DeterministicRuleCleaned,2026-09-10T13:59:07.828595+00:00
Sponge,Sponge,Y Combinator,0.8,DeterministicRuleCleaned,2026-09-10T13:59:07.832090+00:00
Terranox AI,Terranox AI,Y Combinator,0.8,DeterministicRuleCleaned,2026-09-10T13:59:07.836730+00:00
Drafted,Drafted,Y Combinator,0.8,DeterministicRuleCleaned,2026-09-10T13:59:07.840723+00:00
Ventura,Ventura,Y Combinator,0.8,DeterministicRuleCleaned,2026-09-10T13:59:07.846076+00:00
Orthogonal,Orthogonal,Y Combinator,0.8,DeterministicRuleCleaned,2026-09-10T13:59:07.850449+00:00
Perfectly,Perfectly,Y Combinator,0.8,DeterministicRuleCleaned,2026-09-10T13:59:07.854516+00:00
Fern,Fern,Y Combinator,0.8,DeterministicRuleCleaned,2026-09-10T13:59:07.858755+00:00
Sparkles,Sparkles,Y Combinator,0.8,DeterministicRuleCleaned,2026-09-10T13:59:07.863851+00:00
EigenPal,EigenPal,Y Combinator,0.8,DeterministicRuleCleaned,2026-09-10T13:59:07.868091+00:00
Salus,Salus,Y Combinator,0.8,DeterministicRuleCleaned,2026-09-10T13:59:07.871295+00:00
Moritz,Moritz,Y Combinator,0.8,DeterministicRuleCleaned,2026-09-10T13:59:07.876228+00:00
RamAIn,RamAIn,Y Combinator,0.8,DeterministicRuleCleaned,2026-09-10T13:59:07.881058+00:00
Milliray,Milliray,Y Combinator,0.8,DeterministicRuleCleaned,2026-09-10T13:59:07.885158+00:00
Beyond Reach Labs,Beyond Reach,Y Combinator,0.8,DeterministicRuleCleaned,2026-09-10T13:59:07.891276+00:00
OctaPulse,OctaPulse,Y Combinator,0.8,DeterministicRuleCleaned,2026-09-10T13:59:07.896628+00:00
CodeWisp,CodeWisp,Y Combinator,0.8,DeterministicRuleCleaned,2026-09-10T13:59:07.900376+00:00
Ashr,Ashr,Y Combinator,0.8,DeterministicRuleCleaned,2026-09-10T13:59:07.903322+00:00
Aemon,Aemon,Y Combinator,0.8,DeterministicRuleCleaned,2026-09-10T13:59:07.906735+00:00
Luel,Luel,Y Combinator,0.8,DeterministicRuleCleaned,2026-09-10T13:59:07.911786+00:00
Scheduling Wizard,Scheduling Wizard,Y Combinator,0.8,DeterministicRuleCleaned,2026-09-10T13:59:07.917129+00:00
RoboDock,RoboDock,Y Combinator,0.8,DeterministicRuleCleaned,2026-09-10T13:59:07.920695+00:00
Skillsync,Skillsync,Y Combinator,0.8,DeterministicRuleCleaned,2026-09-10T13:59:07.925766+00:00
MouseCat,MouseCat,Y Combinator,0.8,DeterministicRuleCleaned,2026-09-10T13:59:07.930577+00:00
Zatanna,Zatanna,Y Combinator,0.8,DeterministicRuleCleaned,2026-09-10T13:59:07.934398+00:00
AutoSitu,AutoSitu,Y Combinator,0.8,DeterministicRuleCleaned,2026-09-10T13:59:07.938448+00:00
Verdex,Verdex,Y Combinator,0.8,DeterministicRuleCleaned,2026-09-10T13:59:07.942903+00:00
Cumulus Labs,Cumulus,Y Combinator,0.8,DeterministicRuleCleaned,2026-09-10T13:59:07.947431+00:00
Tepali,Tepali,Y Combinator,0.8,DeterministicRuleCleaned,2026-09-10T13:59:07.951174+00:00
Palus Finance,Palus Finance,Y Combinator,0.8,DeterministicRuleCleaned,2026-09-10T13:59:07.956237+00:00
21st,21St,Y Combinator,0.8,DeterministicRuleCleaned,2026-09-10T13:59:07.960713+00:00
Avoice,Avoice,Y Combinator,0.8,DeterministicRuleCleaned,2026-09-10T13:59:07.964417+00:00
ZeroSettle,ZeroSettle,Y Combinator,0.8,DeterministicRuleCleaned,2026-09-10T13:59:07.968526+00:00
/dev/fast,/Dev/Fast,Y Combinator,0.8,DeterministicRuleCleaned,2026-09-10T13:59:07.972733+00:00
Cignara,Cignara,Y Combinator,0.8,DeterministicRuleCleaned,2026-09-10T13:59:07.978073+00:00
OpenSpec,OpenSpec,Y Combinator,0.8,DeterministicRuleCleaned,2026-09-10T13:59:07.982007+00:00
Piris Labs,Piris,Y Combinator,0.8,DeterministicRuleCleaned,2026-09-10T13:59:07.986531+00:00
CellType,CellType,Y Combinator,0.8,DeterministicRuleCleaned,2026-09-10T13:59:07.990201+00:00
Burt,Burt,Y Combinator,0.8,DeterministicRuleCleaned,2026-09-10T13:59:07.995000+00:00
Envariant,Envariant,Y Combinator,0.8,DeterministicRuleCleaned,2026-09-10T13:59:07.999193+00:00
Cascade,Cascade,Y Combinator,0.8,DeterministicRuleCleaned,2026-09-10T13:59:08.002861+00:00
Beacon Health,Beacon Health,Y Combinator,0.8,DeterministicRuleCleaned,2026-09-10T13:59:08.009045+00:00
Strand AI,Strand AI,Y Combinator,0.8,DeterministicRuleCleaned,2026-09-10T13:59:08.013893+00:00
BaseFrame,BaseFrame,Y Combinator,0.8,DeterministicRuleCleaned,2026-09-10T13:59:08.018067+00:00
Protent,Protent,Y Combinator,0.8,DeterministicRuleCleaned,2026-09-10T13:59:08.021919+00:00
Cofia,Cofia,Y Combinator,0.8,DeterministicRuleCleaned,2026-09-10T13:59:08.026766+00:00
Fuchsia,Fuchsia,Y Combinator,0.8,DeterministicRuleCleaned,2026-09-10T13:59:08.030446+00:00
LegalOS,LegalOS,Y Combinator,0.8,DeterministicRuleCleaned,2026-09-10T13:59:08.034410+00:00
Sentrial,Sentrial,Y Combinator,0.8,DeterministicRuleCleaned,2026-09-10T13:59:08.038558+00:00
10x Science,10x Science,Y Combinator,0.8,DeterministicRuleCleaned,2026-09-10T13:59:08.045718+00:00
REV1,REV1,Y Combinator,0.8,DeterministicRuleCleaned,2026-09-10T13:59:08.048778+00:00
shortkit,Shortkit,Y Combinator,0.8,DeterministicRuleCleaned,2026-09-10T13:59:08.052762+00:00
Asimov,Asimov,Y Combinator,0.8,DeterministicRuleCleaned,2026-09-10T13:59:08.056293+00:00
Lexius,Lexius,Y Combinator,0.8,DeterministicRuleCleaned,2026-09-10T13:59:08.061812+00:00
Axis,Axis,Y Combinator,0.8,DeterministicRuleCleaned,2026-09-10T13:59:08.065540+00:00
Mirabelle,Mirabelle,Y Combinator,0.8,DeterministicRuleCleaned,2026-09-10T13:59:08.069602+00:00
Docura Health,Docura Health,Y Combinator,0.8,DeterministicRuleCleaned,2026-09-10T13:59:08.075064+00:00
Lance,Lance,Y Combinator,0.8,DeterministicRuleCleaned,2026-09-10T13:59:08.079728+00:00
RunAnywhere,RunAnywhere,Y Combinator,0.8,DeterministicRuleCleaned,2026-09-10T13:59:09.159899+00:00
Lucent,Lucent,Y Combinator,0.8,DeterministicRuleCleaned,2026-09-10T13:59:09.163488+00:00
"Prescience, Inc.","Prescience,",Y Combinator,0.8,DeterministicRuleCleaned,2026-09-10T13:59:09.168565+00:00
Ruma Care,Ruma Care,Y Combinator,0.8,DeterministicRuleCleaned,2026-09-10T13:59:09.173773+00:00
Klaus AI,Klaus AI,Y Combinator,0.8,DeterministicRuleCleaned,2026-09-10T13:59:09.178611+00:00
Kita,Kita,Y Combinator,0.8,DeterministicRuleCleaned,2026-09-10T13:59:09.181809+00:00
Quotient Labs,Quotient,Y Combinator,0.8,DeterministicRuleCleaned,2026-09-10T13:59:09.186620+00:00
One Robot,One Robot,Y Combinator,0.8,DeterministicRuleCleaned,2026-09-10T13:59:09.193773+00:00
Didit,Didit,Y Combinator,0.8,DeterministicRuleCleaned,2026-09-10T13:59:09.197220+00:00
Panta,Panta,Y Combinator,0.8,DeterministicRuleCleaned,2026-09-10T13:59:09.200620+00:00
Imperfect,Imperfect,Y Combinator,0.8,DeterministicRuleCleaned,2026-09-10T13:59:09.204682+00:00
OneTriangle,OneTriangle,Y Combinator,0.8,DeterministicRuleCleaned,2026-09-10T13:59:09.211121+00:00
Payna,Payna,Y Combinator,0.8,DeterministicRuleCleaned,2026-09-10T13:59:09.214690+00:00
Origin,Origin,Y Combinator,0.8,DeterministicRuleCleaned,2026-09-10T13:59:09.218291+00:00
Clara,Clara,Y Combinator,0.8,DeterministicRuleCleaned,2026-09-10T13:59:09.221576+00:00
Hlabs,Hlabs,Y Combinator,0.8,DeterministicRuleCleaned,2026-09-10T13:59:09.226725+00:00
Eos AI,Eos AI,Y Combinator,0.8,DeterministicRuleCleaned,2026-09-10T13:59:09.230411+00:00
Valgo,Valgo,Y Combinator,0.8,DeterministicRuleCleaned,2026-09-10T13:59:09.233642+00:00
ARC Prize Foundation,ARC Prize Foundation,Y Combinator,0.8,DeterministicRuleCleaned,2026-09-10T13:59:09.240048+00:00
Corvera,Corvera,Y Combinator,0.8,DeterministicRuleCleaned,2026-09-10T13:59:09.244931+00:00
FullSeam,FullSeam,Y Combinator,0.8,DeterministicRuleCleaned,2026-09-10T13:59:09.248805+00:00
Waddle Labs,Waddle,Y Combinator,0.8,DeterministicRuleCleaned,2026-09-10T13:59:09.253502+00:00
Linzumi,Linzumi,Y Combinator,0.8,DeterministicRuleCleaned,2026-09-10T13:59:09.258598+00:00
Advanced Metal Research,Advanced Metal Research,Y Combinator,0.8,DeterministicRuleCleaned,2026-09-10T13:59:09.264507+00:00
Ploy,Ploy,Y Combinator,0.8,DeterministicRuleCleaned,2026-09-10T13:59:09.268165+00:00
CatchBack Cards,CatchBack Cards,Y Combinator,0.8,DeterministicRuleCleaned,2026-09-10T13:59:09.273327+00:00
Mantis,Mantis,Y Combinator,0.8,DeterministicRuleCleaned,2026-09-10T13:59:09.278386+00:00
Haladir,Haladir,Y Combinator,0.8,DeterministicRuleCleaned,2026-09-10T13:59:09.282313+00:00
ClaimGlide,ClaimGlide,Y Combinator,0.8,DeterministicRuleCleaned,2026-09-10T13:59:09.286617+00:00
Inviscid AI,Inviscid AI,Y Combinator,0.8,DeterministicRuleCleaned,2026-09-10T13:59:09.292917+00:00
Coasts,Coasts,Y Combinator,0.8,DeterministicRuleCleaned,2026-09-10T13:59:09.296502+00:00
Zephyr Fusion,Zephyr Fusion,Y Combinator,0.8,DeterministicRuleCleaned,2026-09-10T13:59:09.301511+00:00
Mayflower,Mayflower,Y Combinator,0.8,DeterministicRuleCleaned,2026-09-10T13:59:09.305775+00:00
Ndea,Ndea,Y Combinator,0.8,DeterministicRuleCleaned,2026-09-10T13:59:09.310533+00:00
item,Item,Y Combinator,0.8,DeterministicRuleCleaned,2026-09-10T13:59:09.313791+00:00
Crosslayer Labs,Crosslayer,Y Combinator,0.8,DeterministicRuleCleaned,2026-09-10T13:59:09.318975+00:00
Rivet,Rivet,Y Combinator,0.8,DeterministicRuleCleaned,2026-09-10T13:59:09.322621+00:00
Openroll,Openroll,Y Combinator,0.8,DeterministicRuleCleaned,2026-09-10T13:59:09.327851+00:00
Amika,Amika,Y Combinator,0.8,DeterministicRuleCleaned,2026-09-10T13:59:09.331354+00:00
Specific Labs,Specific,Y Combinator,0.8,DeterministicRuleCleaned,2026-09-10T13:59:09.336043+00:00
Moss,Moss,Y Combinator,0.8,DeterministicRuleCleaned,2026-09-10T13:59:09.339185+00:00
Zarna,Zarna,Y Combinator,0.8,DeterministicRuleCleaned,2026-09-10T13:59:09.344361+00:00
MarkIt,MarkIt,Y Combinator,0.8,DeterministicRuleCleaned,2026-09-10T13:59:09.348136+00:00
Voltair,Voltair,Y Combinator,0.8,DeterministicRuleCleaned,2026-09-10T13:59:09.351980+00:00
Clicks Health,Clicks Health,Y Combinator,0.8,DeterministicRuleCleaned,2026-09-10T13:59:09.357838+00:00
Fastshot,Fastshot,Y Combinator,0.8,DeterministicRuleCleaned,2026-09-10T13:59:09.362391+00:00
Vector Legal,Vector Legal,Y Combinator,0.8,DeterministicRuleCleaned,2026-09-10T13:59:09.367216+00:00
Shoptiques,Shoptiques,Y Combinator,0.8,DeterministicRuleCleaned,2026-09-10T13:59:09.371455+00:00
Antigen,Antigen,Y Combinator,0.8,DeterministicRuleCleaned,2026-09-10T13:59:09.377777+00:00
LunaBill,LunaBill,Y Combinator,0.8,DeterministicRuleCleaned,2026-09-10T13:59:09.381719+00:00
Axial,Axial,Y Combinator,0.8,DeterministicRuleCleaned,2026-09-10T13:59:09.385075+00:00
Velvet,Velvet,Y Combinator,0.8,DeterministicRuleCleaned,2026-09-10T13:59:09.388419+00:00
DiligenceSquared,DiligenceSquared,Y Combinator,0.8,DeterministicRuleCleaned,2026-09-10T13:59:09.395535+00:00
Amera,Amera,Y Combinator,0.8,DeterministicRuleCleaned,2026-09-10T13:59:09.398941+00:00
Forge Robotics,Forge Robotics,Y Combinator,0.8,DeterministicRuleCleaned,2026-09-10T13:59:09.404135+00:00
Bluma,Bluma,Y Combinator,0.8,DeterministicRuleCleaned,2026-09-10T13:59:09.408976+00:00
Lightberry,Lightberry,Y Combinator,0.8,DeterministicRuleCleaned,2026-09-10T13:59:09.414428+00:00
The Hog,The Hog,Y Combinator,0.8,DeterministicRuleCleaned,2026-09-10T13:59:09.418239+00:00
Layers,Layers,Y Combinator,0.8,DeterministicRuleCleaned,2026-09-10T13:59:09.421841+00:00
Boom AI,Boom AI,Y Combinator,0.8,DeterministicRuleCleaned,2026-09-10T13:59:09.427462+00:00
Freeport Markets,Freeport Markets,Y Combinator,0.8,DeterministicRuleCleaned,2026-09-10T13:59:09.432896+00:00
Miniswap,Miniswap,Y Combinator,0.8,DeterministicRuleCleaned,2026-09-10T13:59:09.436848+00:00
Rovi Health,Rovi Health,Y Combinator,0.8,DeterministicRuleCleaned,2026-09-10T13:59:09.443060+00:00
MadeThis,MadeThis,Y Combinator,0.8,DeterministicRuleCleaned,2026-09-10T13:59:09.447286+00:00
General Astronautics,General Astronautics,Y Combinator,0.8,DeterministicRuleCleaned,2026-09-10T13:59:09.453698+00:00
Jarmin,Jarmin,Y Combinator,0.8,DeterministicRuleCleaned,2026-09-10T13:59:09.459246+00:00
Exonic,Exonic,Y Combinator,0.8,DeterministicRuleCleaned,2026-09-10T13:59:09.463047+00:00
Lemma,Lemma,Y Combinator,0.8,DeterministicRuleCleaned,2026-09-10T13:59:09.466396+00:00
Perseus,Perseus,Y Combinator,0.8,DeterministicRuleCleaned,2026-09-10T13:59:09.470104+00:00
Karumi,Karumi,Y Combinator,0.8,DeterministicRuleCleaned,2026-09-10T13:59:09.474822+00:00
Icarus,Icarus,Y Combinator,0.8,DeterministicRuleCleaned,2026-09-10T13:59:09.478739+00:00
Sava,Sava,Y Combinator,0.8,DeterministicRuleCleaned,2026-09-10T13:59:09.481810+00:00
TakeCareOS,TakeCareOS,Y Combinator,0.8,DeterministicRuleCleaned,2026-09-10T13:59:09.486263+00:00
Denki,Denki,Y Combinator,0.8,DeterministicRuleCleaned,2026-09-10T13:59:09.490624+00:00
Metorial,Metorial,Y Combinator,0.8,DeterministicRuleCleaned,2026-09-10T13:59:09.495707+00:00
Kalpa Labs,Kalpa,Y Combinator,0.8,DeterministicRuleCleaned,2026-09-10T13:59:09.500062+00:00
Absurd,Absurd,Y Combinator,0.8,DeterministicRuleCleaned,2026-09-10T13:59:09.503283+00:00
Clad Labs,Clad,Y Combinator,0.8,DeterministicRuleCleaned,2026-09-10T13:59:09.509435+00:00
Automax.ai,Automax.Ai,Y Combinator,0.8,DeterministicRuleCleaned,2026-09-10T13:59:09.513822+00:00
Specific,Specific,Y Combinator,0.8,DeterministicRuleCleaned,2026-09-10T13:59:09.517999+00:00
Relaw,Relaw,Y Combinator,0.8,DeterministicRuleCleaned,2026-09-10T13:59:09.521448+00:00
Narrative,Narrative,Y Combinator,0.8,DeterministicRuleCleaned,2026-09-10T13:59:09.527213+00:00
Crunched,Crunched,Y Combinator,0.8,DeterministicRuleCleaned,2026-09-10T13:59:09.531126+00:00
Lua Global Inc,Lua Global,Y Combinator,0.8,DeterministicRuleCleaned,2026-09-10T13:59:09.536124+00:00
Philon,Philon,Y Combinator,0.8,DeterministicRuleCleaned,2026-09-10T13:59:09.540824+00:00
Sourcebot,Sourcebot,Y Combinator,0.8,DeterministicRuleCleaned,2026-09-10T13:59:09.545489+00:00
Zalos,Zalos,Y Combinator,0.8,DeterministicRuleCleaned,2026-09-10T13:59:09.548926+00:00
Prism,Prism,Y Combinator,0.8,DeterministicRuleCleaned,2026-09-10T13:59:09.552308+00:00
Aside,Aside,Y Combinator,0.8,DeterministicRuleCleaned,2026-09-10T13:59:09.556131+00:00
Scott AI,Scott AI,Y Combinator,0.8,DeterministicRuleCleaned,2026-09-10T13:59:09.561327+00:00
Everest,Everest,Y Combinator,0.8,DeterministicRuleCleaned,2026-09-10T13:59:09.565061+00:00
Expected Parrot,Expected Parrot,Y Combinator,0.8,DeterministicRuleCleaned,2026-09-10T13:59:09.570114+00:00
Imagine AI,Imagine AI,Y Combinator,0.8,DeterministicRuleCleaned,2026-09-10T13:59:09.576582+00:00
Anto Biosciences,Anto Biosciences,Y Combinator,0.8,DeterministicRuleCleaned,2026-09-10T13:59:09.582214+00:00
Patent Watch,Patent Watch,Y Combinator,0.8,DeterministicRuleCleaned,2026-09-10T13:59:09.587030+00:00
s2.dev,S2.Dev,Y Combinator,0.8,DeterministicRuleCleaned,2026-09-10T13:59:09.592340+00:00
Tornyol,Tornyol,Y Combinator,0.8,DeterministicRuleCleaned,2026-09-10T13:59:09.596348+00:00
Nucleo,Nucleo,Y Combinator,0.8,DeterministicRuleCleaned,2026-09-10T13:59:09.599836+00:00
Leadbay,Leadbay,Y Combinator,0.8,DeterministicRuleCleaned,2026-09-10T13:59:09.603485+00:00
Pixley AI,Pixley AI,Y Combinator,0.8,DeterministicRuleCleaned,2026-09-10T13:59:09.609522+00:00
&AI,&AI,Y Combinator,0.8,DeterministicRuleCleaned,2026-09-10T13:59:10.729454+00:00
AiSDR,AiSDR,Y Combinator,0.8,DeterministicRuleCleaned,2026-09-10T13:59:10.732757+00:00
Airwork,Airwork,Y Combinator,0.8,DeterministicRuleCleaned,2026-09-10T13:59:10.736256+00:00
Airbyte,Airbyte,Y Combinator,0.8,DeterministicRuleCleaned,2026-09-10T13:59:10.741960+00:00
Airtrain AI,Airtrain AI,Y Combinator,0.8,DeterministicRuleCleaned,2026-09-10T13:59:10.746807+00:00
Airo Health,Airo Health,Y Combinator,0.8,DeterministicRuleCleaned,2026-09-10T13:59:10.751376+00:00
Airbnb,Airbnb,Y Combinator,0.8,DeterministicRuleCleaned,2026-09-10T13:59:10.755821+00:00
AirHelp,AirHelp,Y Combinator,0.8,DeterministicRuleCleaned,2026-09-10T13:59:10.760520+00:00
AICE,AICE,Y Combinator,0.8,DeterministicRuleCleaned,2026-09-10T13:59:10.763636+00:00
AirCaps,AirCaps,Y Combinator,0.8,DeterministicRuleCleaned,2026-09-10T13:59:10.767434+00:00
Airweave,Airweave,Y Combinator,0.8,DeterministicRuleCleaned,2026-09-10T13:59:10.771409+00:00
Aidy,Aidy,Y Combinator,0.8,DeterministicRuleCleaned,2026-09-10T13:59:10.776352+00:00
Airgoods,Airgoods,Y Combinator,0.8,DeterministicRuleCleaned,2026-09-10T13:59:10.780232+00:00
AIVideo.com,AIVideo.com,Y Combinator,0.8,DeterministicRuleCleaned,2026-09-10T13:59:10.784431+00:00
AiPrise,AiPrise,Y Combinator,0.8,DeterministicRuleCleaned,2026-09-10T13:59:10.788980+00:00
Airhart Aeronautics,Airhart Aeronautics,Y Combinator,0.8,DeterministicRuleCleaned,2026-09-10T13:59:10.799155+00:00
AirMyne,AirMyne,Y Combinator,0.8,DeterministicRuleCleaned,2026-09-10T13:59:10.809672+00:00
AI Tech Packs,AI Tech Packs,Y Combinator,0.8,DeterministicRuleCleaned,2026-09-10T13:59:10.817817+00:00
Airthium,Airthium,Y Combinator,0.8,DeterministicRuleCleaned,2026-09-10T13:59:10.822338+00:00
AIOS,AIOS,Y Combinator,0.8,DeterministicRuleCleaned,2026-09-10T13:59:10.826815+00:00
Airfordable,Airfordable,Y Combinator,0.8,DeterministicRuleCleaned,2026-09-10T13:59:10.830775+00:00
AI Insurance,AI Insurance,Y Combinator,0.8,DeterministicRuleCleaned,2026-09-10T13:59:10.834883+00:00
Aisle50,Aisle50,Y Combinator,0.8,DeterministicRuleCleaned,2026-09-10T13:59:10.839542+00:00
Airmada,Airmada,Y Combinator,0.8,DeterministicRuleCleaned,2026-09-10T13:59:10.843811+00:00
AirPair,AirPair,Y Combinator,0.8,DeterministicRuleCleaned,2026-09-10T13:59:10.847618+00:00
Airware,Airware,Y Combinator,0.8,DeterministicRuleCleaned,2026-09-10T13:59:10.851019+00:00
Airshared,Airshared,Y Combinator,0.8,DeterministicRuleCleaned,2026-09-10T13:59:10.855466+00:00
AiSupervision,AiSupervision,Y Combinator,0.8,DeterministicRuleCleaned,2026-09-10T13:59:10.861129+00:00
AI.Fashion,AI.Fashion,Y Combinator,0.8,DeterministicRuleCleaned,2026-09-10T13:59:10.865206+00:00
Tara AI,Tara AI,Y Combinator,0.8,DeterministicRuleCleaned,2026-09-10T13:59:10.868988+00:00
Hesper AI,Hesper AI,Y Combinator,0.8,DeterministicRuleCleaned,2026-09-10T13:59:10.874850+00:00
Callbook AI,Callbook AI,Y Combinator,0.8,DeterministicRuleCleaned,2026-09-10T13:59:10.879163+00:00
Ressl AI,Ressl AI,Y Combinator,0.8,DeterministicRuleCleaned,2026-09-10T13:59:10.883089+00:00
Fenrock AI,Fenrock AI,Y Combinator,0.8,DeterministicRuleCleaned,2026-09-10T13:59:10.887811+00:00
Boom AI,Boom AI,Y Combinator,0.8,DeterministicRuleCleaned,2026-09-10T13:59:10.892998+00:00
Pixley AI,Pixley AI,Y Combinator,0.8,DeterministicRuleCleaned,2026-09-10T13:59:10.897384+00:00
Allus AI,Allus AI,Y Combinator,0.8,DeterministicRuleCleaned,2026-09-10T13:59:10.901148+00:00
Bizzy AI,Bizzy AI,Y Combinator,0.8,DeterministicRuleCleaned,2026-09-10T13:59:10.906154+00:00
Certus AI,Certus AI,Y Combinator,0.8,DeterministicRuleCleaned,2026-09-10T13:59:10.911451+00:00
Liva AI,Liva AI,Y Combinator,0.8,DeterministicRuleCleaned,2026-09-10T13:59:10.915319+00:00
Nimbic AI,Nimbic AI,Y Combinator,0.8,DeterministicRuleCleaned,2026-09-10T13:59:10.919309+00:00
Eloquent AI,Eloquent AI,Y Combinator,0.8,DeterministicRuleCleaned,2026-09-10T13:59:10.925568+00:00
Besimple AI,Besimple AI,Y Combinator,0.8,DeterministicRuleCleaned,2026-09-10T13:59:10.930012+00:00
Kirana AI,Kirana AI,Y Combinator,0.8,DeterministicRuleCleaned,2026-09-10T13:59:10.934179+00:00
Mbodi AI,Mbodi AI,Y Combinator,0.8,DeterministicRuleCleaned,2026-09-10T13:59:10.940671+00:00
Sennu AI,Sennu AI,Y Combinator,0.8,DeterministicRuleCleaned,2026-09-10T13:59:10.945020+00:00
Confident AI,Confident AI,Y Combinator,0.8,DeterministicRuleCleaned,2026-09-10T13:59:10.949568+00:00
Agentin AI,Agentin AI,Y Combinator,0.8,DeterministicRuleCleaned,2026-09-10T13:59:10.954939+00:00
Mundo AI,Mundo AI,Y Combinator,0.8,DeterministicRuleCleaned,2026-09-10T13:59:10.959737+00:00
Relvy AI,Relvy AI,Y Combinator,0.8,DeterministicRuleCleaned,2026-09-10T13:59:10.963743+00:00
Forerunner AI,Forerunner AI,Y Combinator,0.8,DeterministicRuleCleaned,2026-09-10T13:59:10.969634+00:00
Merlin AI,Merlin AI,Y Combinator,0.8,DeterministicRuleCleaned,2026-09-10T13:59:10.975866+00:00
Capitol AI,Capitol AI,Y Combinator,0.8,DeterministicRuleCleaned,2026-09-10T13:59:10.980326+00:00
Simple AI,Simple AI,Y Combinator,0.8,DeterministicRuleCleaned,2026-09-10T13:59:10.984455+00:00
Presti AI,Presti AI,Y Combinator,0.8,DeterministicRuleCleaned,2026-09-10T13:59:10.990277+00:00
Kura AI,Kura AI,Y Combinator,0.8,DeterministicRuleCleaned,2026-09-10T13:59:10.994583+00:00
Seals AI,Seals AI,Y Combinator,0.8,DeterministicRuleCleaned,2026-09-10T13:59:10.999031+00:00
Clearly AI,Clearly AI,Y Combinator,0.8,DeterministicRuleCleaned,2026-09-10T13:59:11.003279+00:00
Unsloth AI,Unsloth AI,Y Combinator,0.8,DeterministicRuleCleaned,2026-09-10T13:59:11.009286+00:00
Saphira AI,Saphira AI,Y Combinator,0.8,DeterministicRuleCleaned,2026-09-10T13:59:11.013866+00:00
Ångström AI,Ångström AI,Y Combinator,0.8,DeterministicRuleCleaned,2026-09-10T13:59:11.018346+00:00
InspectMind AI,InspectMind AI,Y Combinator,0.8,DeterministicRuleCleaned,2026-09-10T13:59:11.024959+00:00
Tabbit,Tabbit,FutureTools,0.8,DeterministicRuleCleaned,2026-09-10T13:59:11.209854+00:00
Crayon,Crayon,FutureTools,0.8,DeterministicRuleCleaned,2026-09-10T13:59:11.213426+00:00
Skymel,Skymel,FutureTools,0.8,DeterministicRuleCleaned,2026-09-10T13:59:11.216756+00:00
Inficy,Inficy,FutureTools,0.8,DeterministicRuleCleaned,2026-09-10T13:59:11.220008+00:00
Demopolish,Demopolish,FutureTools,0.8,DeterministicRuleCleaned,2026-09-10T13:59:11.225995+00:00
Kribana,Kribana,FutureTools,0.8,DeterministicRuleCleaned,2026-09-10T13:59:11.229961+00:00
Lightfield,Lightfield,FutureTools,0.8,DeterministicRuleCleaned,2026-09-10T13:59:11.234073+00:00
Moda,Moda,FutureTools,0.8,DeterministicRuleCleaned,2026-09-10T13:59:11.237323+00:00
Dial,Dial,FutureTools,0.8,DeterministicRuleCleaned,2026-09-10T13:59:11.242011+00:00
Monid,Monid,FutureTools,0.8,DeterministicRuleCleaned,2026-09-10T13:59:11.245664+00:00
Axonsheet,Axonsheet,FutureTools,0.8,DeterministicRuleCleaned,2026-09-10T13:59:11.249725+00:00
Trustedrouter,Trustedrouter,FutureTools,0.8,DeterministicRuleCleaned,2026-09-10T13:59:11.254772+00:00
Hack,Hack,FutureTools,0.8,DeterministicRuleCleaned,2026-09-10T13:59:11.258984+00:00
Tonecraft,Tonecraft,FutureTools,0.8,DeterministicRuleCleaned,2026-09-10T13:59:11.263384+00:00
Libra,Libra,FutureTools,0.8,DeterministicRuleCleaned,2026-09-10T13:59:11.266887+00:00
Helpmyagent,Helpmyagent,FutureTools,0.8,DeterministicRuleCleaned,2026-09-10T13:59:11.273110+00:00
N8N,N8N,FutureTools,0.8,DeterministicRuleCleaned,2026-09-10T13:59:11.276817+00:00
Cinlink,Cinlink,FutureTools,0.8,DeterministicRuleCleaned,2026-09-10T13:59:11.280440+00:00
Miligram,Miligram,FutureTools,0.8,DeterministicRuleCleaned,2026-09-10T13:59:11.284263+00:00
Zoah,Zoah,FutureTools,0.8,DeterministicRuleCleaned,2026-09-10T13:59:11.288495+00:00
Burp,Burp,FutureTools,0.8,DeterministicRuleCleaned,2026-09-10T13:59:11.292524+00:00
Tangle,Tangle,FutureTools,0.8,DeterministicRuleCleaned,2026-09-10T13:59:11.296149+00:00
Katto,Katto,FutureTools,0.8,DeterministicRuleCleaned,2026-09-10T13:59:11.299447+00:00
Gedo,Gedo,FutureTools,0.8,DeterministicRuleCleaned,2026-09-10T13:59:11.302465+00:00
Clawnify,Clawnify,FutureTools,0.8,DeterministicRuleCleaned,2026-09-10T13:59:11.308272+00:00
Contextstream,Contextstream,FutureTools,0.8,DeterministicRuleCleaned,2026-09-10T13:59:11.312764+00:00
Rhetis,Rhetis,FutureTools,0.8,DeterministicRuleCleaned,2026-09-10T13:59:11.316534+00:00
Mentionry,Mentionry,FutureTools,0.8,DeterministicRuleCleaned,2026-09-10T13:59:11.321739+00:00
Reducto,Reducto,FutureTools,0.8,DeterministicRuleCleaned,2026-09-10T13:59:11.326552+00:00
Diet,Diet,FutureTools,0.8,DeterministicRuleCleaned,2026-09-10T13:59:11.329745+00:00
Google,Google,FutureTools,0.8,DeterministicRuleCleaned,2026-09-10T13:59:11.332940+00:00
Irmu,Irmu,FutureTools,0.8,DeterministicRuleCleaned,2026-09-10T13:59:11.335805+00:00
Panzoe,Panzoe,FutureTools,0.8,DeterministicRuleCleaned,2026-09-10T13:59:11.341363+00:00
Cadrant,Cadrant,FutureTools,0.8,DeterministicRuleCleaned,2026-09-10T13:59:11.344985+00:00
Voicina,Voicina,FutureTools,0.8,DeterministicRuleCleaned,2026-09-10T13:59:11.348836+00:00
Snapdown,Snapdown,FutureTools,0.8,DeterministicRuleCleaned,2026-09-10T13:59:11.352706+00:00
Owl,Owl,FutureTools,0.8,DeterministicRuleCleaned,2026-09-10T13:59:11.357155+00:00
Ritto,Ritto,FutureTools,0.8,DeterministicRuleCleaned,2026-09-10T13:59:11.360764+00:00
Caddi,Caddi,FutureTools,0.8,DeterministicRuleCleaned,2026-09-10T13:59:11.363956+00:00
Infinite,Infinite,FutureTools,0.8,DeterministicRuleCleaned,2026-09-10T13:59:11.367481+00:00
Stellary,Stellary,FutureTools,0.8,DeterministicRuleCleaned,2026-09-10T13:59:11.372559+00:00
Prbot,Prbot,FutureTools,0.8,DeterministicRuleCleaned,2026-09-10T13:59:11.376675+00:00
Ungrind,Ungrind,FutureTools,0.8,DeterministicRuleCleaned,2026-09-10T13:59:11.380379+00:00
Lightreel,Lightreel,FutureTools,0.8,DeterministicRuleCleaned,2026-09-10T13:59:11.384352+00:00
Photext,Photext,FutureTools,0.8,DeterministicRuleCleaned,2026-09-10T13:59:11.389149+00:00
Minicod,Minicod,FutureTools,0.8,DeterministicRuleCleaned,2026-09-10T13:59:11.393350+00:00
Sumzy,Sumzy,FutureTools,0.8,DeterministicRuleCleaned,2026-09-10T13:59:11.396269+00:00
Foxcut,Foxcut,FutureTools,0.8,DeterministicRuleCleaned,2026-09-10T13:59:11.399605+00:00
Vendo,Vendo,FutureTools,0.8,DeterministicRuleCleaned,2026-09-10T13:59:11.402979+00:00
Ninjo,Ninjo,FutureTools,0.8,DeterministicRuleCleaned,2026-09-10T13:59:11.408280+00:00
Choicely,Choicely,FutureTools,0.8,DeterministicRuleCleaned,2026-09-10T13:59:11.412273+00:00
Anysite,Anysite,FutureTools,0.8,DeterministicRuleCleaned,2026-09-10T13:59:11.416273+00:00
Taskerarmy,Taskerarmy,FutureTools,0.8,DeterministicRuleCleaned,2026-09-10T13:59:11.420705+00:00
Opencomputer,Opencomputer,FutureTools,0.8,DeterministicRuleCleaned,2026-09-10T13:59:11.426648+00:00
Verse,Verse,FutureTools,0.8,DeterministicRuleCleaned,2026-09-10T13:59:11.429906+00:00
Zite,Zite,FutureTools,0.8,DeterministicRuleCleaned,2026-09-10T13:59:11.433210+00:00
Teambrain,Teambrain,FutureTools,0.8,DeterministicRuleCleaned,2026-09-10T13:59:11.438311+00:00
Pagerain,Pagerain,FutureTools,0.8,DeterministicRuleCleaned,2026-09-10T13:59:11.443516+00:00
Datalayer,Datalayer,FutureTools,0.8,DeterministicRuleCleaned,2026-09-10T13:59:11.447707+00:00
Talki,Talki,FutureTools,0.8,DeterministicRuleCleaned,2026-09-10T13:59:11.451139+00:00
Gridset,Gridset,FutureTools,0.8,DeterministicRuleCleaned,2026-09-10T13:59:11.456446+00:00
Screendrop,Screendrop,FutureTools,0.8,DeterministicRuleCleaned,2026-09-10T13:59:11.461150+00:00
Memoria,Memoria,FutureTools,0.8,DeterministicRuleCleaned,2026-09-10T13:59:11.465330+00:00
Decawork,Decawork,FutureTools,0.8,DeterministicRuleCleaned,2026-09-10T13:59:11.469036+00:00
Dropstone,Dropstone,FutureTools,0.8,DeterministicRuleCleaned,2026-09-10T13:59:11.475416+00:00
Adkit,Adkit,FutureTools,0.8,DeterministicRuleCleaned,2026-09-10T13:59:11.479010+00:00
Sparkvid,Sparkvid,FutureTools,0.8,DeterministicRuleCleaned,2026-09-10T13:59:11.482994+00:00
Browseros,Browseros,FutureTools,0.8,DeterministicRuleCleaned,2026-09-10T13:59:11.487140+00:00
Mimelio,Mimelio,FutureTools,0.8,DeterministicRuleCleaned,2026-09-10T13:59:11.492469+00:00
Agentcloud,Agentcloud,FutureTools,0.8,DeterministicRuleCleaned,2026-09-10T13:59:11.496895+00:00
Construct,Construct,FutureTools,0.8,DeterministicRuleCleaned,2026-09-10T13:59:11.500550+00:00
Portable,Portable,FutureTools,0.8,DeterministicRuleCleaned,2026-09-10T13:59:11.506276+00:00
Sim,Sim,FutureTools,0.8,DeterministicRuleCleaned,2026-09-10T13:59:11.510050+00:00
Bloxks,Bloxks,FutureTools,0.8,DeterministicRuleCleaned,2026-09-10T13:59:11.513206+00:00
Playtex,Playtex,FutureTools,0.8,DeterministicRuleCleaned,2026-09-10T13:59:11.516876+00:00
Pixelpanda,Pixelpanda,FutureTools,0.8,DeterministicRuleCleaned,2026-09-10T13:59:11.522765+00:00
Apodex,Apodex,FutureTools,0.8,DeterministicRuleCleaned,2026-09-10T13:59:11.527098+00:00
Lizard,Lizard,FutureTools,0.8,DeterministicRuleCleaned,2026-09-10T13:59:11.530646+00:00
Castreader,Castreader,FutureTools,0.8,DeterministicRuleCleaned,2026-09-10T13:59:11.534734+00:00
Mindcase,Mindcase,FutureTools,0.8,DeterministicRuleCleaned,2026-09-10T13:59:11.540942+00:00
Epho,Epho,FutureTools,0.8,DeterministicRuleCleaned,2026-09-10T13:59:11.544043+00:00
Alook,Alook,FutureTools,0.8,DeterministicRuleCleaned,2026-09-10T13:59:11.547259+00:00
Kloner,Kloner,FutureTools,0.8,DeterministicRuleCleaned,2026-09-10T13:59:11.550735+00:00
Docufast,Docufast,FutureTools,0.8,DeterministicRuleCleaned,2026-09-10T13:59:11.555951+00:00
Free,Free,FutureTools,0.8,DeterministicRuleCleaned,2026-09-10T13:59:11.559499+00:00
Fetchsandbox,Fetchsandbox,FutureTools,0.8,DeterministicRuleCleaned,2026-09-10T13:59:11.563986+00:00
Observyze,Observyze,FutureTools,0.8,DeterministicRuleCleaned,2026-09-10T13:59:11.567785+00:00
Editbuddy,Editbuddy,FutureTools,0.8,DeterministicRuleCleaned,2026-09-10T13:59:11.573042+00:00
Slicer,Slicer,FutureTools,0.8,DeterministicRuleCleaned,2026-09-10T13:59:11.577035+00:00
Vaivox,Vaivox,FutureTools,0.8,DeterministicRuleCleaned,2026-09-10T13:59:11.580391+00:00
Wzrd,Wzrd,FutureTools,0.8,DeterministicRuleCleaned,2026-09-10T13:59:11.583152+00:00
Zinc,Zinc,FutureTools,0.8,DeterministicRuleCleaned,2026-09-10T13:59:11.586167+00:00
Clipcat,Clipcat,FutureTools,0.8,DeterministicRuleCleaned,2026-09-10T13:59:11.591911+00:00
Dealwize,Dealwize,FutureTools,0.8,DeterministicRuleCleaned,2026-09-10T13:59:11.596113+00:00
Promptlesspress,Promptlesspress,FutureTools,0.8,DeterministicRuleCleaned,2026-09-10T13:59:11.600884+00:00
Wikisai,Wikisai,FutureTools,0.8,DeterministicRuleCleaned,2026-09-10T13:59:11.607754+00:00
Adant,Adant,FutureTools,0.8,DeterministicRuleCleaned,2026-09-10T13:59:11.611152+00:00
Bitdrift,Bitdrift,FutureTools,0.8,DeterministicRuleCleaned,2026-09-10T13:59:11.614960+00:00
Mascofast,Mascofast,FutureTools,0.8,DeterministicRuleCleaned,2026-09-10T13:59:11.619487+00:00
Clears,Clears,FutureTools,0.8,DeterministicRuleCleaned,2026-09-10T13:59:11.624685+00:00
Meetstream,Meetstream,FutureTools,0.8,DeterministicRuleCleaned,2026-09-10T13:59:11.629119+00:00
Deskferry,Deskferry,FutureTools,0.8,DeterministicRuleCleaned,2026-09-10T13:59:11.632772+00:00
Atrisk,Atrisk,FutureTools,0.8,DeterministicRuleCleaned,2026-09-10T13:59:11.636521+00:00
Harnessrouter,Harnessrouter,FutureTools,0.8,DeterministicRuleCleaned,2026-09-10T13:59:11.643442+00:00
Soku,Soku,FutureTools,0.8,DeterministicRuleCleaned,2026-09-10T13:59:11.646431+00:00
Wizideo,Wizideo,FutureTools,0.8,DeterministicRuleCleaned,2026-09-10T13:59:11.650259+00:00
Atracker,Atracker,FutureTools,0.8,DeterministicRuleCleaned,2026-09-10T13:59:11.655038+00:00
Draftly,Draftly,FutureTools,0.8,DeterministicRuleCleaned,2026-09-10T13:59:11.660040+00:00
Landingboost,Landingboost,FutureTools,0.8,DeterministicRuleCleaned,2026-09-10T13:59:11.664626+00:00
Taskfolk,Taskfolk,FutureTools,0.8,DeterministicRuleCleaned,2026-09-10T13:59:11.668302+00:00
Corsair,Corsair,FutureTools,0.8,DeterministicRuleCleaned,2026-09-10T13:59:11.710411+00:00
Zalcro,Zalcro,FutureTools,0.8,DeterministicRuleCleaned,2026-09-10T13:59:11.717414+00:00
Sabato,Sabato,FutureTools,0.8,DeterministicRuleCleaned,2026-09-10T13:59:11.733983+00:00
Granotic,Granotic,FutureTools,0.8,DeterministicRuleCleaned,2026-09-10T13:59:11.749034+00:00
Storybook,Storybook,FutureTools,0.8,DeterministicRuleCleaned,2026-09-10T13:59:11.753194+00:00
Openhistory,Openhistory,FutureTools,0.8,DeterministicRuleCleaned,2026-09-10T13:59:11.759733+00:00
Cumora,Cumora,FutureTools,0.8,DeterministicRuleCleaned,2026-09-10T13:59:11.763040+00:00
Taku,Taku,FutureTools,0.8,DeterministicRuleCleaned,2026-09-10T13:59:11.766157+00:00
Simplepages,Simplepages,FutureTools,0.8,DeterministicRuleCleaned,2026-09-10T13:59:11.771499+00:00
247Rep,247Rep,FutureTools,0.8,DeterministicRuleCleaned,2026-09-10T13:59:11.775742+00:00
Soniox,Soniox,FutureTools,0.8,DeterministicRuleCleaned,2026-09-10T13:59:11.779326+00:00
Knowinsideiq,Knowinsideiq,FutureTools,0.8,DeterministicRuleCleaned,2026-09-10T13:59:11.783693+00:00
Percision,Percision,FutureTools,0.8,DeterministicRuleCleaned,2026-09-10T13:59:11.788771+00:00
Ardelia,Ardelia,FutureTools,0.8,DeterministicRuleCleaned,2026-09-10T13:59:11.793451+00:00
Flask,Flask,FutureTools,0.8,DeterministicRuleCleaned,2026-09-10T13:59:11.796781+00:00
Meridian,Meridian,FutureTools,0.8,DeterministicRuleCleaned,2026-09-10T13:59:11.801005+00:00
Designcom,Designcom,FutureTools,0.8,DeterministicRuleCleaned,2026-09-10T13:59:11.807439+00:00
Harvey,Harvey,FutureTools,1.0,ExactSeedMatch,2026-09-10T13:59:11.807584+00:00
Magnitude,Magnitude,FutureTools,0.8,DeterministicRuleCleaned,2026-09-10T13:59:11.811988+00:00
Skydive,Skydive,FutureTools,0.8,DeterministicRuleCleaned,2026-09-10T13:59:11.816777+00:00
Modeinspect,Modeinspect,FutureTools,0.8,DeterministicRuleCleaned,2026-09-10T13:59:11.822383+00:00
Optlo,Optlo,FutureTools,0.8,DeterministicRuleCleaned,2026-09-10T13:59:11.826571+00:00
Docling,Docling,FutureTools,0.8,DeterministicRuleCleaned,2026-09-10T13:59:11.830548+00:00
Meterless,Meterless,FutureTools,0.8,DeterministicRuleCleaned,2026-09-10T13:59:11.834563+00:00
Whisperstream,Whisperstream,FutureTools,0.8,DeterministicRuleCleaned,2026-09-10T13:59:11.841028+00:00
Oktolabs,Oktolabs,FutureTools,0.8,DeterministicRuleCleaned,2026-09-10T13:59:11.845103+00:00
Outfity,Outfity,FutureTools,0.8,DeterministicRuleCleaned,2026-09-10T13:59:11.848707+00:00
Rightmodeler,Rightmodeler,FutureTools,0.8,DeterministicRuleCleaned,2026-09-10T13:59:11.852986+00:00
Watermarks,Watermarks,FutureTools,0.8,DeterministicRuleCleaned,2026-09-10T13:59:11.859049+00:00
Outcome,Outcome,FutureTools,0.8,DeterministicRuleCleaned,2026-09-10T13:59:11.862689+00:00
Costlogic,Costlogic,FutureTools,0.8,DeterministicRuleCleaned,2026-09-10T13:59:11.866616+00:00
Astorie,Astorie,FutureTools,0.8,DeterministicRuleCleaned,2026-09-10T13:59:11.871380+00:00
Zetik,Zetik,FutureTools,0.8,DeterministicRuleCleaned,2026-09-10T13:59:11.876425+00:00
Diagrimo,Diagrimo,FutureTools,0.8,DeterministicRuleCleaned,2026-09-10T13:59:11.880441+00:00
Betterclaw,Betterclaw,FutureTools,0.8,DeterministicRuleCleaned,2026-09-10T13:59:11.884701+00:00
Chert,Chert,FutureTools,0.8,DeterministicRuleCleaned,2026-09-10T13:59:11.889389+00:00
Blume,Blume,FutureTools,0.8,DeterministicRuleCleaned,2026-09-10T13:59:11.893398+00:00
Vocal,Vocal,FutureTools,0.8,DeterministicRuleCleaned,2026-09-10T13:59:11.896812+00:00
Nexart,Nexart,FutureTools,0.8,DeterministicRuleCleaned,2026-09-10T13:59:11.900488+00:00
Puppyone,Puppyone,FutureTools,0.8,DeterministicRuleCleaned,2026-09-10T13:59:11.905185+00:00
Keepflash,Keepflash,FutureTools,0.8,DeterministicRuleCleaned,2026-09-10T13:59:11.910410+00:00
Openserv,Openserv,FutureTools,0.8,DeterministicRuleCleaned,2026-09-10T13:59:11.914183+00:00
Abliteration,Abliteration,FutureTools,0.8,DeterministicRuleCleaned,2026-09-10T13:59:11.918971+00:00
Visionrenamer,Visionrenamer,FutureTools,0.8,DeterministicRuleCleaned,2026-09-10T13:59:11.926374+00:00
Clics,Clics,FutureTools,0.8,DeterministicRuleCleaned,2026-09-10T13:59:11.929671+00:00
Sopmaker,Sopmaker,FutureTools,0.8,DeterministicRuleCleaned,2026-09-10T13:59:11.933462+00:00
Rankcontrol,Rankcontrol,FutureTools,0.8,DeterministicRuleCleaned,2026-09-10T13:59:11.939528+00:00
Morgen,Morgen,FutureTools,0.8,DeterministicRuleCleaned,2026-09-10T13:59:11.943752+00:00
Wellspoken,Wellspoken,FutureTools,0.8,DeterministicRuleCleaned,2026-09-10T13:59:11.948096+00:00
Decksy,Decksy,FutureTools,0.8,DeterministicRuleCleaned,2026-09-10T13:59:11.951397+00:00
Shyne,Shyne,FutureTools,0.8,DeterministicRuleCleaned,2026-09-10T13:59:11.956825+00:00
Vosko,Vosko,FutureTools,0.8,DeterministicRuleCleaned,2026-09-10T13:59:11.960075+00:00
Lettertrace,Lettertrace,FutureTools,0.8,DeterministicRuleCleaned,2026-09-10T13:59:11.964549+00:00
Nuphos,Nuphos,FutureTools,0.8,DeterministicRuleCleaned,2026-09-10T13:59:11.967878+00:00
Kane,Kane,FutureTools,0.8,DeterministicRuleCleaned,2026-09-10T13:59:11.973482+00:00
Dograh,Dograh,FutureTools,0.8,DeterministicRuleCleaned,2026-09-10T13:59:11.978256+00:00
Needle,Needle,FutureTools,0.8,DeterministicRuleCleaned,2026-09-10T13:59:11.981699+00:00
Personeoai,Personeoai,FutureTools,0.8,DeterministicRuleCleaned,2026-09-10T13:59:11.986559+00:00
Competitortrack,Competitortrack,FutureTools,0.8,DeterministicRuleCleaned,2026-09-10T13:59:11.993234+00:00
Zgi,Zgi,FutureTools,0.8,DeterministicRuleCleaned,2026-09-10T13:59:11.996147+00:00
Surfil,Surfil,FutureTools,0.8,DeterministicRuleCleaned,2026-09-10T13:59:11.999760+00:00
Corpusiq,Corpusiq,FutureTools,0.8,DeterministicRuleCleaned,2026-09-10T13:59:12.004613+00:00
Trify3D,Trify3D,FutureTools,0.8,DeterministicRuleCleaned,2026-09-10T13:59:12.009430+00:00
Ori,Ori,FutureTools,0.8,DeterministicRuleCleaned,2026-09-10T13:59:12.012426+00:00
Lyzo,Lyzo,FutureTools,0.8,DeterministicRuleCleaned,2026-09-10T13:59:12.015344+00:00
Scaletrics,Scaletrics,FutureTools,0.8,DeterministicRuleCleaned,2026-09-10T13:59:12.020020+00:00
Tinyfish,Tinyfish,FutureTools,0.8,DeterministicRuleCleaned,2026-09-10T13:59:12.025569+00:00
Cartpilot,Cartpilot,FutureTools,0.8,DeterministicRuleCleaned,2026-09-10T13:59:12.029529+00:00
Owll,Owll,FutureTools,0.8,DeterministicRuleCleaned,2026-09-10T13:59:12.032413+00:00
Streamient,Streamient,FutureTools,0.8,DeterministicRuleCleaned,2026-09-10T13:59:12.041208+00:00
Engain,Engain,FutureTools,0.8,DeterministicRuleCleaned,2026-09-10T13:59:12.045076+00:00
Rosey,Rosey,FutureTools,0.8,DeterministicRuleCleaned,2026-09-10T13:59:12.048550+00:00
Marblism,Marblism,FutureTools,0.8,DeterministicRuleCleaned,2026-09-10T13:59:12.052630+00:00
Cuzir,Cuzir,FutureTools,0.8,DeterministicRuleCleaned,2026-09-10T13:59:12.057623+00:00
Upgrow,Upgrow,FutureTools,0.8,DeterministicRuleCleaned,2026-09-10T13:59:12.061017+00:00
Hiddle,Hiddle,FutureTools,0.8,DeterministicRuleCleaned,2026-09-10T13:59:12.064483+00:00
Oumi,Oumi,FutureTools,0.8,DeterministicRuleCleaned,2026-09-10T13:59:12.067799+00:00
Oqoqo,Oqoqo,FutureTools,0.8,DeterministicRuleCleaned,2026-09-10T13:59:12.072160+00:00
Ploy,Ploy,FutureTools,0.8,DeterministicRuleCleaned,2026-09-10T13:59:12.077109+00:00
Tines,Tines,FutureTools,0.8,DeterministicRuleCleaned,2026-09-10T13:59:12.080606+00:00
Archvizr,Archvizr,FutureTools,0.8,DeterministicRuleCleaned,2026-09-10T13:59:12.084873+00:00
Cad,Cad,FutureTools,0.8,DeterministicRuleCleaned,2026-09-10T13:59:12.089531+00:00
Autoeditor,Autoeditor,FutureTools,0.8,DeterministicRuleCleaned,2026-09-10T13:59:12.094698+00:00
Unsloth,Unsloth,FutureTools,0.8,DeterministicRuleCleaned,2026-09-10T13:59:12.098453+00:00
Diffusion,Diffusion,FutureTools,0.8,DeterministicRuleCleaned,2026-09-10T13:59:12.102384+00:00
Odella,Odella,FutureTools,0.8,DeterministicRuleCleaned,2026-09-10T13:59:12.108413+00:00
Flowsavvy,Flowsavvy,FutureTools,0.8,DeterministicRuleCleaned,2026-09-10T13:59:12.112931+00:00
Coldtea,Coldtea,FutureTools,0.8,DeterministicRuleCleaned,2026-09-10T13:59:12.116784+00:00
Nutrient,Nutrient,FutureTools,0.8,DeterministicRuleCleaned,2026-09-10T13:59:12.122233+00:00
Wisprkey,Wisprkey,FutureTools,0.8,DeterministicRuleCleaned,2026-09-10T13:59:12.127344+00:00
App0,App0,FutureTools,0.8,DeterministicRuleCleaned,2026-09-10T13:59:12.130268+00:00
Vibpost,Vibpost,FutureTools,0.8,DeterministicRuleCleaned,2026-09-10T13:59:12.133827+00:00
Srnd,Srnd,FutureTools,0.8,DeterministicRuleCleaned,2026-09-10T13:59:12.138355+00:00
Dobrodesk,Dobrodesk,FutureTools,0.8,DeterministicRuleCleaned,2026-09-10T13:59:12.143336+00:00
Easybits,Easybits,FutureTools,0.8,DeterministicRuleCleaned,2026-09-10T13:59:12.147500+00:00
Blitzreels,Blitzreels,FutureTools,0.8,DeterministicRuleCleaned,2026-09-10T13:59:12.151478+00:00
Xirp,Xirp,FutureTools,0.8,DeterministicRuleCleaned,2026-09-10T13:59:12.156274+00:00
Vunote,Vunote,FutureTools,0.8,DeterministicRuleCleaned,2026-09-10T13:59:12.160182+00:00
Tickclip,Tickclip,FutureTools,0.8,DeterministicRuleCleaned,2026-09-10T13:59:12.163904+00:00
Shocase,Shocase,FutureTools,0.8,DeterministicRuleCleaned,2026-09-10T13:59:12.167715+00:00
Meetoye,Meetoye,FutureTools,0.8,DeterministicRuleCleaned,2026-09-10T13:59:12.173324+00:00
Looops,Looops,FutureTools,0.8,DeterministicRuleCleaned,2026-09-10T13:59:12.177056+00:00
Vidirelay,Vidirelay,FutureTools,0.8,DeterministicRuleCleaned,2026-09-10T13:59:12.181169+00:00
Eurouter,Eurouter,FutureTools,0.8,DeterministicRuleCleaned,2026-09-10T13:59:12.184854+00:00
Morningzero,Morningzero,FutureTools,0.8,DeterministicRuleCleaned,2026-09-10T13:59:12.191176+00:00
Querywing,Querywing,FutureTools,0.8,DeterministicRuleCleaned,2026-09-10T13:59:12.195362+00:00
Chatextender,Chatextender,FutureTools,0.8,DeterministicRuleCleaned,2026-09-10T13:59:12.199637+00:00
Antigma,Antigma,FutureTools,0.8,DeterministicRuleCleaned,2026-09-10T13:59:12.204320+00:00
Livvo,Livvo,FutureTools,0.8,DeterministicRuleCleaned,2026-09-10T13:59:12.209230+00:00
Remynd,Remynd,FutureTools,0.8,DeterministicRuleCleaned,2026-09-10T13:59:12.212928+00:00
Omniwork,Omniwork,FutureTools,0.8,DeterministicRuleCleaned,2026-09-10T13:59:12.216731+00:00
Soloop,Soloop,FutureTools,0.8,DeterministicRuleCleaned,2026-09-10T13:59:12.220745+00:00
Typecast,Typecast,FutureTools,0.8,DeterministicRuleCleaned,2026-09-10T13:59:12.225947+00:00
Mpai,Mpai,FutureTools,0.8,DeterministicRuleCleaned,2026-09-10T13:59:12.229043+00:00
Knowster,Knowster,FutureTools,0.8,DeterministicRuleCleaned,2026-09-10T13:59:12.232799+00:00
Sayora,Sayora,FutureTools,0.8,DeterministicRuleCleaned,2026-09-10T13:59:12.237216+00:00
Capacity,Capacity,FutureTools,0.8,DeterministicRuleCleaned,2026-09-10T13:59:12.242152+00:00
Nativ,Nativ,FutureTools,0.8,DeterministicRuleCleaned,2026-09-10T13:59:12.245755+00:00
Boson,Boson,FutureTools,0.8,DeterministicRuleCleaned,2026-09-10T13:59:12.248988+00:00
Cutkarma,Cutkarma,FutureTools,0.8,DeterministicRuleCleaned,2026-09-10T13:59:12.253554+00:00
Stewai,Stewai,FutureTools,0.8,DeterministicRuleCleaned,2026-09-10T13:59:12.258682+00:00
Cactal,Cactal,FutureTools,0.8,DeterministicRuleCleaned,2026-09-10T13:59:12.262101+00:00
Vybebot,Vybebot,FutureTools,0.8,DeterministicRuleCleaned,2026-09-10T13:59:12.265771+00:00
Voiceover,Voiceover,FutureTools,0.8,DeterministicRuleCleaned,2026-09-10T13:59:12.270211+00:00
Watcher,Watcher,FutureTools,0.8,DeterministicRuleCleaned,2026-09-10T13:59:12.275745+00:00
Tracetify,Tracetify,FutureTools,0.8,DeterministicRuleCleaned,2026-09-10T13:59:12.279887+00:00
Markitdown,Markitdown,FutureTools,0.8,DeterministicRuleCleaned,2026-09-10T13:59:12.284312+00:00
Pandastudio,Pandastudio,FutureTools,0.8,DeterministicRuleCleaned,2026-09-10T13:59:12.291238+00:00
Nimply,Nimply,FutureTools,0.8,DeterministicRuleCleaned,2026-09-10T13:59:12.294675+00:00
Feedlog,Feedlog,FutureTools,0.8,DeterministicRuleCleaned,2026-09-10T13:59:12.299059+00:00
Acrux,Acrux,FutureTools,0.8,DeterministicRuleCleaned,2026-09-10T13:59:12.302162+00:00
Superclaw,Superclaw,FutureTools,0.8,DeterministicRuleCleaned,2026-09-10T13:59:12.308423+00:00
Augment,Augment,FutureTools,0.8,DeterministicRuleCleaned,2026-09-10T13:59:12.312630+00:00
Proposai,Proposai,FutureTools,0.8,DeterministicRuleCleaned,2026-09-10T13:59:12.316960+00:00
Rapidmap,Rapidmap,FutureTools,0.8,DeterministicRuleCleaned,2026-09-10T13:59:12.322558+00:00
Ariso,Ariso,FutureTools,0.8,DeterministicRuleCleaned,2026-09-10T13:59:12.326631+00:00
Linkjuice,Linkjuice,FutureTools,0.8,DeterministicRuleCleaned,2026-09-10T13:59:12.330467+00:00
Koji,Koji,FutureTools,0.8,DeterministicRuleCleaned,2026-09-10T13:59:12.333463+00:00
Agentsky,Agentsky,FutureTools,0.8,DeterministicRuleCleaned,2026-09-10T13:59:12.339196+00:00
Rango,Rango,FutureTools,0.8,DeterministicRuleCleaned,2026-09-10T13:59:12.343512+00:00
Ankon,Ankon,FutureTools,0.8,DeterministicRuleCleaned,2026-09-10T13:59:12.346908+00:00
Aituber,Aituber,FutureTools,0.8,DeterministicRuleCleaned,2026-09-10T13:59:12.350438+00:00
Videotranscriptai,Videotranscriptai,FutureTools,0.8,DeterministicRuleCleaned,2026-09-10T13:59:12.358332+00:00
Madgicx,Madgicx,FutureTools,0.8,DeterministicRuleCleaned,2026-09-10T13:59:12.362128+00:00
Captionrich,Captionrich,FutureTools,0.8,DeterministicRuleCleaned,2026-09-10T13:59:12.366304+00:00
Now,Now,FutureTools,0.8,DeterministicRuleCleaned,2026-09-10T13:59:12.369026+00:00
Intescene,Intescene,FutureTools,0.8,DeterministicRuleCleaned,2026-09-10T13:59:12.375546+00:00
Agentskitjs,Agentskitjs,FutureTools,0.8,DeterministicRuleCleaned,2026-09-10T13:59:12.380051+00:00
Futuresearch,Futuresearch,FutureTools,0.8,DeterministicRuleCleaned,2026-09-10T13:59:12.384519+00:00
Figeditor,Figeditor,FutureTools,0.8,DeterministicRuleCleaned,2026-09-10T13:59:12.390491+00:00
Pikes,Pikes,FutureTools,0.8,DeterministicRuleCleaned,2026-09-10T13:59:12.393883+00:00
Nxcode,Nxcode,FutureTools,0.8,DeterministicRuleCleaned,2026-09-10T13:59:12.397254+00:00
Ai,Ai,FutureTools,0.8,DeterministicRuleCleaned,2026-09-10T13:59:12.399875+00:00
Amorphic,Amorphic,FutureTools,0.8,DeterministicRuleCleaned,2026-09-10T13:59:12.405433+00:00
Ballet,Ballet,FutureTools,0.8,DeterministicRuleCleaned,2026-09-10T13:59:12.409794+00:00
Buildbox,Buildbox,FutureTools,0.8,DeterministicRuleCleaned,2026-09-10T13:59:12.413803+00:00
Depthdata,Depthdata,FutureTools,0.8,DeterministicRuleCleaned,2026-09-10T13:59:12.418069+00:00
Agentmicro,Agentmicro,FutureTools,0.8,DeterministicRuleCleaned,2026-09-10T13:59:12.425473+00:00
Captionbolt,Captionbolt,FutureTools,0.8,DeterministicRuleCleaned,2026-09-10T13:59:12.430063+00:00
Benchgen,Benchgen,FutureTools,0.8,DeterministicRuleCleaned,2026-09-10T13:59:12.433801+00:00
Syzygy,Syzygy,FutureTools,0.8,DeterministicRuleCleaned,2026-09-10T13:59:12.437920+00:00
Cleanlist,Cleanlist,FutureTools,0.8,DeterministicRuleCleaned,2026-09-10T13:59:12.443095+00:00
Palette,Palette,FutureTools,0.8,DeterministicRuleCleaned,2026-09-10T13:59:12.446936+00:00
Clonesite,Clonesite,FutureTools,0.8,DeterministicRuleCleaned,2026-09-10T13:59:12.450907+00:00
Starnus,Starnus,FutureTools,0.8,DeterministicRuleCleaned,2026-09-10T13:59:12.458046+00:00
T3,T3,FutureTools,0.8,DeterministicRuleCleaned,2026-09-10T13:59:12.462493+00:00
T3,T3,FutureTools,0.8,DeterministicRuleCleaned,2026-09-10T13:59:12.465452+00:00
Hivemind,Hivemind,FutureTools,0.8,DeterministicRuleCleaned,2026-09-10T13:59:12.471566+00:00
Pal,Pal,FutureTools,0.8,DeterministicRuleCleaned,2026-09-10T13:59:12.475409+00:00
Carly,Carly,FutureTools,0.8,DeterministicRuleCleaned,2026-09-10T13:59:12.478636+00:00
Pangram,Pangram,FutureTools,0.8,DeterministicRuleCleaned,2026-09-10T13:59:12.482384+00:00
Wistia,Wistia,FutureTools,0.8,DeterministicRuleCleaned,2026-09-10T13:59:12.486745+00:00
Polar,Polar,FutureTools,0.8,DeterministicRuleCleaned,2026-09-10T13:59:12.491816+00:00
Cookingsnap,Cookingsnap,FutureTools,0.8,DeterministicRuleCleaned,2026-09-10T13:59:12.496277+00:00
Easy,Easy,FutureTools,0.8,DeterministicRuleCleaned,2026-09-10T13:59:12.499547+00:00
Replit,Replit,FutureTools,0.8,DeterministicRuleCleaned,2026-09-10T13:59:12.504131+00:00
Oreate,Oreate,FutureTools,0.8,DeterministicRuleCleaned,2026-09-10T13:59:12.508957+00:00
Penvoi,Penvoi,FutureTools,0.8,DeterministicRuleCleaned,2026-09-10T13:59:12.512618+00:00
Konvertly,Konvertly,FutureTools,0.8,DeterministicRuleCleaned,2026-09-10T13:59:12.516720+00:00
Coresignal,Coresignal,FutureTools,0.8,DeterministicRuleCleaned,2026-09-10T13:59:12.522692+00:00
Gulab,Gulab,FutureTools,0.8,DeterministicRuleCleaned,2026-09-10T13:59:12.526312+00:00
Chatcut,Chatcut,FutureTools,0.8,DeterministicRuleCleaned,2026-09-10T13:59:12.529775+00:00
Flint,Flint,FutureTools,0.8,DeterministicRuleCleaned,2026-09-10T13:59:12.533065+00:00
Humanio,Humanio,FutureTools,0.8,DeterministicRuleCleaned,2026-09-10T13:59:12.538274+00:00
Corrath,Corrath,FutureTools,0.8,DeterministicRuleCleaned,2026-09-10T13:59:12.542546+00:00
Opentypeless,Opentypeless,FutureTools,0.8,DeterministicRuleCleaned,2026-09-10T13:59:12.547184+00:00
Lyro,Lyro,FutureTools,0.8,DeterministicRuleCleaned,2026-09-10T13:59:12.550105+00:00
Hint,Hint,FutureTools,0.8,DeterministicRuleCleaned,2026-09-10T13:59:12.554406+00:00
Mynewsly,Mynewsly,FutureTools,0.8,DeterministicRuleCleaned,2026-09-10T13:59:12.559109+00:00
Noteai,Noteai,FutureTools,0.8,DeterministicRuleCleaned,2026-09-10T13:59:12.563032+00:00
Mintlify,Mintlify,FutureTools,0.8,DeterministicRuleCleaned,2026-09-10T13:59:12.566781+00:00
Liso,Liso,FutureTools,0.8,DeterministicRuleCleaned,2026-09-10T13:59:12.570869+00:00
Contextdev,Contextdev,FutureTools,0.8,DeterministicRuleCleaned,2026-09-10T13:59:12.575775+00:00
Aissist,Aissist,FutureTools,0.8,DeterministicRuleCleaned,2026-09-10T13:59:12.579544+00:00
Chirpy,Chirpy,FutureTools,0.8,DeterministicRuleCleaned,2026-09-10T13:59:12.582816+00:00
Word,Word,FutureTools,0.8,DeterministicRuleCleaned,2026-09-10T13:59:12.585959+00:00
Yofont,Yofont,FutureTools,0.8,DeterministicRuleCleaned,2026-09-10T13:59:12.590806+00:00
Locul,Locul,FutureTools,0.8,DeterministicRuleCleaned,2026-09-10T13:59:12.594151+00:00
Purebox,Purebox,FutureTools,0.8,DeterministicRuleCleaned,2026-09-10T13:59:12.597814+00:00
Artificial,Artificial,FutureTools,0.8,DeterministicRuleCleaned,2026-09-10T13:59:12.602172+00:00
Openworker,Openworker,FutureTools,0.8,DeterministicRuleCleaned,2026-09-10T13:59:12.608500+00:00
Aicanrun,Aicanrun,FutureTools,0.8,DeterministicRuleCleaned,2026-09-10T13:59:12.612103+00:00
Myspec,Myspec,FutureTools,0.8,DeterministicRuleCleaned,2026-09-10T13:59:12.615524+00:00
Screenpipe,Screenpipe,FutureTools,0.8,DeterministicRuleCleaned,2026-09-10T13:59:12.620656+00:00
Manifest,Manifest,FutureTools,0.8,DeterministicRuleCleaned,2026-09-10T13:59:12.625788+00:00
Isvisibleai,Isvisibleai,FutureTools,0.8,DeterministicRuleCleaned,2026-09-10T13:59:12.630144+00:00
Anysearch,Anysearch,FutureTools,0.8,DeterministicRuleCleaned,2026-09-10T13:59:12.634085+00:00
Poke,Poke,FutureTools,0.8,DeterministicRuleCleaned,2026-09-10T13:59:12.638747+00:00
Hermes,Hermes,FutureTools,0.8,DeterministicRuleCleaned,2026-09-10T13:59:12.642931+00:00
Promptql,Promptql,FutureTools,0.8,DeterministicRuleCleaned,2026-09-10T13:59:12.646710+00:00
Teable,Teable,FutureTools,0.8,DeterministicRuleCleaned,2026-09-10T13:59:12.650278+00:00
Mcp360,Mcp360,FutureTools,0.8,DeterministicRuleCleaned,2026-09-10T13:59:12.654181+00:00
Coommit,Coommit,FutureTools,0.8,DeterministicRuleCleaned,2026-09-10T13:59:12.658436+00:00
Huncher,Huncher,FutureTools,0.8,DeterministicRuleCleaned,2026-09-10T13:59:12.661850+00:00
Language,Language,FutureTools,0.8,DeterministicRuleCleaned,2026-09-10T13:59:12.665805+00:00
Animater,Animater,FutureTools,0.8,DeterministicRuleCleaned,2026-09-10T13:59:12.671646+00:00
Migma,Migma,FutureTools,0.8,DeterministicRuleCleaned,2026-09-10T13:59:12.675486+00:00
Acebuilder,Acebuilder,FutureTools,0.8,DeterministicRuleCleaned,2026-09-10T13:59:12.679507+00:00
Private,Private,FutureTools,0.8,DeterministicRuleCleaned,2026-09-10T13:59:12.683354+00:00
Kpi,Kpi,FutureTools,0.8,DeterministicRuleCleaned,2026-09-10T13:59:12.686969+00:00
Flowacts,Flowacts,FutureTools,0.8,DeterministicRuleCleaned,2026-09-10T13:59:12.691972+00:00
Pixalice,Pixalice,FutureTools,0.8,DeterministicRuleCleaned,2026-09-10T13:59:12.696265+00:00
Bookletai,Bookletai,FutureTools,0.8,DeterministicRuleCleaned,2026-09-10T13:59:12.700340+00:00
Cartai,Cartai,FutureTools,0.8,DeterministicRuleCleaned,2026-09-10T13:59:12.705514+00:00
Botmaker,Botmaker,FutureTools,0.8,DeterministicRuleCleaned,2026-09-10T13:59:12.709701+00:00
Opencodex,Opencodex,FutureTools,0.8,DeterministicRuleCleaned,2026-09-10T13:59:12.713314+00:00
Openseo,Openseo,FutureTools,0.8,DeterministicRuleCleaned,2026-09-10T13:59:12.717056+00:00
Ditto,Ditto,FutureTools,0.8,DeterministicRuleCleaned,2026-09-10T13:59:12.721696+00:00
Jockey,Jockey,FutureTools,0.8,DeterministicRuleCleaned,2026-09-10T13:59:12.725718+00:00
Moxie,Moxie,FutureTools,0.8,DeterministicRuleCleaned,2026-09-10T13:59:12.729087+00:00
Adriselab,Adriselab,FutureTools,0.8,DeterministicRuleCleaned,2026-09-10T13:59:12.734420+00:00
Deck,Deck,FutureTools,0.8,DeterministicRuleCleaned,2026-09-10T13:59:12.739337+00:00
Sandcastles,Sandcastles,FutureTools,0.8,DeterministicRuleCleaned,2026-09-10T13:59:12.743927+00:00
Agent,Agent,FutureTools,0.8,DeterministicRuleCleaned,2026-09-10T13:59:12.747490+00:00
Personahive,Personahive,FutureTools,0.8,DeterministicRuleCleaned,2026-09-10T13:59:12.752592+00:00
Nexly,Nexly,FutureTools,0.8,DeterministicRuleCleaned,2026-09-10T13:59:12.757820+00:00
Launchbay,Launchbay,FutureTools,0.8,DeterministicRuleCleaned,2026-09-10T13:59:12.761699+00:00
Opalite,Opalite,FutureTools,0.8,DeterministicRuleCleaned,2026-09-10T13:59:12.765774+00:00
Readywhen,Readywhen,FutureTools,0.8,DeterministicRuleCleaned,2026-09-10T13:59:12.770905+00:00
Calven,Calven,FutureTools,0.8,DeterministicRuleCleaned,2026-09-10T13:59:12.775310+00:00
Betterdb,Betterdb,FutureTools,0.8,DeterministicRuleCleaned,2026-09-10T13:59:12.778997+00:00
Pulpsense,Pulpsense,FutureTools,0.8,DeterministicRuleCleaned,2026-09-10T13:59:12.783192+00:00
Zoodata,Zoodata,FutureTools,0.8,DeterministicRuleCleaned,2026-09-10T13:59:12.788029+00:00
Buzz,Buzz,FutureTools,0.8,DeterministicRuleCleaned,2026-09-10T13:59:12.791345+00:00
Arena,Arena,FutureTools,0.8,DeterministicRuleCleaned,2026-09-10T13:59:12.795143+00:00
Devswat,Devswat,FutureTools,0.8,DeterministicRuleCleaned,2026-09-10T13:59:12.798849+00:00
Scribe,Scribe,FutureTools,0.8,DeterministicRuleCleaned,2026-09-10T13:59:12.802682+00:00
Unabyss,Unabyss,FutureTools,0.8,DeterministicRuleCleaned,2026-09-10T13:59:12.807749+00:00
Zro,Zro,FutureTools,0.8,DeterministicRuleCleaned,2026-09-10T13:59:12.811836+00:00
Scriptit,Scriptit,FutureTools,0.8,DeterministicRuleCleaned,2026-09-10T13:59:12.815876+00:00
Polytalk,Polytalk,FutureTools,0.8,DeterministicRuleCleaned,2026-09-10T13:59:12.820793+00:00
Tinker,Tinker,FutureTools,0.8,DeterministicRuleCleaned,2026-09-10T13:59:12.825181+00:00
Pastesheet,Pastesheet,FutureTools,0.8,DeterministicRuleCleaned,2026-09-10T13:59:12.829355+00:00
Ghost,Ghost,FutureTools,0.8,DeterministicRuleCleaned,2026-09-10T13:59:12.832535+00:00
Siket,Siket,FutureTools,0.8,DeterministicRuleCleaned,2026-09-10T13:59:12.836768+00:00
Agentkey,Agentkey,FutureTools,0.8,DeterministicRuleCleaned,2026-09-10T13:59:12.842002+00:00
Osaurus,Osaurus,FutureTools,0.8,DeterministicRuleCleaned,2026-09-10T13:59:12.845566+00:00
Namethatui,Namethatui,FutureTools,0.8,DeterministicRuleCleaned,2026-09-10T13:59:12.849800+00:00
Reclip,Reclip,FutureTools,0.8,DeterministicRuleCleaned,2026-09-10T13:59:12.854749+00:00
Unsiloed,Unsiloed,FutureTools,0.8,DeterministicRuleCleaned,2026-09-10T13:59:12.859258+00:00
Adcontrolcenter,Adcontrolcenter,FutureTools,0.8,DeterministicRuleCleaned,2026-09-10T13:59:12.864103+00:00
Autosana,Autosana,FutureTools,0.8,DeterministicRuleCleaned,2026-09-10T13:59:12.868158+00:00
Compeller,Compeller,FutureTools,0.8,DeterministicRuleCleaned,2026-09-10T13:59:12.873803+00:00
Granola,Granola,FutureTools,0.8,DeterministicRuleCleaned,2026-09-10T13:59:12.877747+00:00
Maxfusion,Maxfusion,FutureTools,0.8,DeterministicRuleCleaned,2026-09-10T13:59:12.881796+00:00
Selects,Selects,FutureTools,0.8,DeterministicRuleCleaned,2026-09-10T13:59:12.885709+00:00
Notebooklm,Notebooklm,FutureTools,0.8,DeterministicRuleCleaned,2026-09-10T13:59:12.891508+00:00
Adwhispr,Adwhispr,FutureTools,0.8,DeterministicRuleCleaned,2026-09-10T13:59:12.895398+00:00
Longscribe,Longscribe,FutureTools,0.8,DeterministicRuleCleaned,2026-09-10T13:59:12.899639+00:00
Max,Max,FutureTools,0.8,DeterministicRuleCleaned,2026-09-10T13:59:12.903976+00:00
Hyperagent,Hyperagent,FutureTools,0.8,DeterministicRuleCleaned,2026-09-10T13:59:12.909289+00:00
Framesail,Framesail,FutureTools,0.8,DeterministicRuleCleaned,2026-09-10T13:59:12.913708+00:00
Buseybench,Buseybench,FutureTools,0.8,DeterministicRuleCleaned,2026-09-10T13:59:12.917962+00:00
Reos,Reos,FutureTools,0.8,DeterministicRuleCleaned,2026-09-10T13:59:12.922936+00:00
Reviewtactic,Reviewtactic,FutureTools,0.8,DeterministicRuleCleaned,2026-09-10T13:59:12.927916+00:00
Adviserry,Adviserry,FutureTools,0.8,DeterministicRuleCleaned,2026-09-10T13:59:12.932006+00:00
Askbowtie,Askbowtie,FutureTools,0.8,DeterministicRuleCleaned,2026-09-10T13:59:12.937315+00:00
Talkory,Talkory,FutureTools,0.8,DeterministicRuleCleaned,2026-09-10T13:59:12.941867+00:00
Agentscreenshots,Agentscreenshots,FutureTools,0.8,DeterministicRuleCleaned,2026-09-10T13:59:12.947130+00:00
Digiad,Digiad,FutureTools,0.8,DeterministicRuleCleaned,2026-09-10T13:59:12.950877+00:00
Productbridge,Productbridge,FutureTools,0.8,DeterministicRuleCleaned,2026-09-10T13:59:12.957119+00:00
Orcarouter,Orcarouter,FutureTools,0.8,DeterministicRuleCleaned,2026-09-10T13:59:12.961209+00:00
Policifyai,Policifyai,FutureTools,0.8,DeterministicRuleCleaned,2026-09-10T13:59:12.966023+00:00
Inference,Inference,FutureTools,0.8,DeterministicRuleCleaned,2026-09-10T13:59:12.970957+00:00
Intermind,Intermind,FutureTools,0.8,DeterministicRuleCleaned,2026-09-10T13:59:12.975505+00:00
Ottermind,Ottermind,FutureTools,0.8,DeterministicRuleCleaned,2026-09-10T13:59:12.979607+00:00
Runner,Runner,FutureTools,0.8,DeterministicRuleCleaned,2026-09-10T13:59:12.983131+00:00
Videowise,Videowise,FutureTools,0.8,DeterministicRuleCleaned,2026-09-10T13:59:12.988760+00:00
Letro,Letro,FutureTools,0.8,DeterministicRuleCleaned,2026-09-10T13:59:12.992165+00:00
Fluidvoice,Fluidvoice,FutureTools,0.8,DeterministicRuleCleaned,2026-09-10T13:59:12.996732+00:00
Docubix,Docubix,FutureTools,0.8,DeterministicRuleCleaned,2026-09-10T13:59:13.000233+00:00
Letterbucket,Letterbucket,FutureTools,0.8,DeterministicRuleCleaned,2026-09-10T13:59:13.006514+00:00
Fontdance,Fontdance,FutureTools,0.8,DeterministicRuleCleaned,2026-09-10T13:59:13.010891+00:00
Vavus,Vavus,FutureTools,0.8,DeterministicRuleCleaned,2026-09-10T13:59:13.014158+00:00
Videovector,Videovector,FutureTools,0.8,DeterministicRuleCleaned,2026-09-10T13:59:13.018465+00:00
Papercrane,Papercrane,FutureTools,0.8,DeterministicRuleCleaned,2026-09-10T13:59:13.024908+00:00
Sendmux,Sendmux,FutureTools,0.8,DeterministicRuleCleaned,2026-09-10T13:59:13.028587+00:00
Hausey,Hausey,FutureTools,0.8,DeterministicRuleCleaned,2026-09-10T13:59:13.032095+00:00
Aioproductos,Aioproductos,FutureTools,0.8,DeterministicRuleCleaned,2026-09-10T13:59:13.037652+00:00
Revolte,Revolte,FutureTools,0.8,DeterministicRuleCleaned,2026-09-10T13:59:13.042036+00:00
Presspilot,Presspilot,FutureTools,0.8,DeterministicRuleCleaned,2026-09-10T13:59:13.046490+00:00
Native,Native,FutureTools,0.8,DeterministicRuleCleaned,2026-09-10T13:59:13.050105+00:00
Prbl,Prbl,FutureTools,0.8,DeterministicRuleCleaned,2026-09-10T13:59:13.054305+00:00
Supacut,Supacut,FutureTools,0.8,DeterministicRuleCleaned,2026-09-10T13:59:13.058985+00:00
Canirun,Canirun,FutureTools,0.8,DeterministicRuleCleaned,2026-09-10T13:59:13.062615+00:00
Audjust,Audjust,FutureTools,0.8,DeterministicRuleCleaned,2026-09-10T13:59:13.066076+00:00
Iart,Iart,FutureTools,0.8,DeterministicRuleCleaned,2026-09-10T13:59:13.070055+00:00
Brainy,Brainy,FutureTools,0.8,DeterministicRuleCleaned,2026-09-10T13:59:13.074745+00:00
Renderlog,Renderlog,FutureTools,0.8,DeterministicRuleCleaned,2026-09-10T13:59:13.078758+00:00
Wave,Wave,FutureTools,0.8,DeterministicRuleCleaned,2026-09-10T13:59:13.081894+00:00
Datalumio,Datalumio,FutureTools,0.8,DeterministicRuleCleaned,2026-09-10T13:59:13.087248+00:00
Flick,Flick,FutureTools,0.8,DeterministicRuleCleaned,2026-09-10T13:59:13.091592+00:00
Palmier,Palmier,FutureTools,0.8,DeterministicRuleCleaned,2026-09-10T13:59:13.095602+00:00
Atomwords,Atomwords,FutureTools,0.8,DeterministicRuleCleaned,2026-09-10T13:59:13.099350+00:00
We0,We0,FutureTools,0.8,DeterministicRuleCleaned,2026-09-10T13:59:13.102377+00:00
Allyhub,Allyhub,FutureTools,0.8,DeterministicRuleCleaned,2026-09-10T13:59:13.107864+00:00
Rowspeak,Rowspeak,FutureTools,0.8,DeterministicRuleCleaned,2026-09-10T13:59:13.111830+00:00
Emailfunnelai,Emailfunnelai,FutureTools,0.8,DeterministicRuleCleaned,2026-09-10T13:59:13.116596+00:00
Orderpost,Orderpost,FutureTools,0.8,DeterministicRuleCleaned,2026-09-10T13:59:13.122634+00:00
Wiswes,Wiswes,FutureTools,0.8,DeterministicRuleCleaned,2026-09-10T13:59:13.126207+00:00
Rendervi,Rendervi,FutureTools,0.8,DeterministicRuleCleaned,2026-09-10T13:59:13.130038+00:00
Oria,Oria,FutureTools,0.8,DeterministicRuleCleaned,2026-09-10T13:59:13.133263+00:00
Clera,Clera,FutureTools,0.8,DeterministicRuleCleaned,2026-09-10T13:59:13.137680+00:00
Innflow,Innflow,FutureTools,0.8,DeterministicRuleCleaned,2026-09-10T13:59:13.141847+00:00
Kompozy,Kompozy,FutureTools,0.8,DeterministicRuleCleaned,2026-09-10T13:59:13.145096+00:00
Noterich,Noterich,FutureTools,0.8,DeterministicRuleCleaned,2026-09-10T13:59:13.149077+00:00
Verid,Verid,FutureTools,0.8,DeterministicRuleCleaned,2026-09-10T13:59:13.153606+00:00
X1,X1,FutureTools,0.8,DeterministicRuleCleaned,2026-09-10T13:59:13.156912+00:00
Lium,Lium,FutureTools,0.8,DeterministicRuleCleaned,2026-09-10T13:59:13.159989+00:00
Product,Product,FutureTools,0.8,DeterministicRuleCleaned,2026-09-10T13:59:13.163555+00:00
Respan,Respan,FutureTools,0.8,DeterministicRuleCleaned,2026-09-10T13:59:13.167561+00:00
Cc,Cc,FutureTools,0.8,DeterministicRuleCleaned,2026-09-10T13:59:13.171465+00:00
Botpenguin,Botpenguin,FutureTools,0.8,DeterministicRuleCleaned,2026-09-10T13:59:13.176248+00:00
Uplift,Uplift,FutureTools,0.8,DeterministicRuleCleaned,2026-09-10T13:59:13.180239+00:00
Anycrawler,Anycrawler,FutureTools,0.8,DeterministicRuleCleaned,2026-09-10T13:59:13.184542+00:00
Accelq,Accelq,FutureTools,0.8,DeterministicRuleCleaned,2026-09-10T13:59:13.190065+00:00
Chordgen,Chordgen,FutureTools,0.8,DeterministicRuleCleaned,2026-09-10T13:59:13.193877+00:00
Vixsound,Vixsound,FutureTools,0.8,DeterministicRuleCleaned,2026-09-10T13:59:13.197808+00:00
Teamshift,Teamshift,FutureTools,0.8,DeterministicRuleCleaned,2026-09-10T13:59:13.202731+00:00
Cortexapro,Cortexapro,FutureTools,0.8,DeterministicRuleCleaned,2026-09-10T13:59:13.208046+00:00
Echos,Echos,FutureTools,0.8,DeterministicRuleCleaned,2026-09-10T13:59:13.211248+00:00
Archyl,Archyl,FutureTools,0.8,DeterministicRuleCleaned,2026-09-10T13:59:13.214716+00:00
Skiddee,Skiddee,FutureTools,0.8,DeterministicRuleCleaned,2026-09-10T13:59:13.218344+00:00
Papera,Papera,FutureTools,0.8,DeterministicRuleCleaned,2026-09-10T13:59:13.223924+00:00
Hermes,Hermes,FutureTools,0.8,DeterministicRuleCleaned,2026-09-10T13:59:13.227455+00:00
Claribi,Claribi,FutureTools,0.8,DeterministicRuleCleaned,2026-09-10T13:59:13.232135+00:00
Tukiai,Tukiai,FutureTools,0.8,DeterministicRuleCleaned,2026-09-10T13:59:13.236290+00:00
Infoblog,Infoblog,FutureTools,0.8,DeterministicRuleCleaned,2026-09-10T13:59:13.241017+00:00
Distinkt,Distinkt,FutureTools,0.8,DeterministicRuleCleaned,2026-09-10T13:59:13.245237+00:00
Domywork,Domywork,FutureTools,0.8,DeterministicRuleCleaned,2026-09-10T13:59:13.248591+00:00
Tailor,Tailor,FutureTools,0.8,DeterministicRuleCleaned,2026-09-10T13:59:13.252477+00:00
Twin,Twin,FutureTools,0.8,DeterministicRuleCleaned,2026-09-10T13:59:13.257112+00:00
Minded,Minded,FutureTools,0.8,DeterministicRuleCleaned,2026-09-10T13:59:13.260589+00:00
Snappyit,Snappyit,FutureTools,0.8,DeterministicRuleCleaned,2026-09-10T13:59:13.264513+00:00
Viora,Viora,FutureTools,0.8,DeterministicRuleCleaned,2026-09-10T13:59:13.267860+00:00
Vectoralix,Vectoralix,FutureTools,0.8,DeterministicRuleCleaned,2026-09-10T13:59:13.277015+00:00
Coral,Coral,FutureTools,0.8,DeterministicRuleCleaned,2026-09-10T13:59:13.280813+00:00
Coffer,Coffer,FutureTools,0.8,DeterministicRuleCleaned,2026-09-10T13:59:13.284030+00:00
Wetransform,Wetransform,FutureTools,0.8,DeterministicRuleCleaned,2026-09-10T13:59:13.290324+00:00
Ornold,Ornold,FutureTools,0.8,DeterministicRuleCleaned,2026-09-10T13:59:13.294040+00:00
Codowave,Codowave,FutureTools,0.8,DeterministicRuleCleaned,2026-09-10T13:59:13.297738+00:00
Floor,Floor,FutureTools,0.8,DeterministicRuleCleaned,2026-09-10T13:59:13.300766+00:00
Adapt,Adapt,FutureTools,0.8,DeterministicRuleCleaned,2026-09-10T13:59:13.305894+00:00
Instant,Instant,FutureTools,0.8,DeterministicRuleCleaned,2026-09-10T13:59:13.309797+00:00
Dobs,Dobs,FutureTools,0.8,DeterministicRuleCleaned,2026-09-10T13:59:13.312664+00:00
Demi,Demi,FutureTools,0.8,DeterministicRuleCleaned,2026-09-10T13:59:13.315849+00:00
Knowly,Knowly,FutureTools,0.8,DeterministicRuleCleaned,2026-09-10T13:59:13.320299+00:00
Thumbs,Thumbs,FutureTools,0.8,DeterministicRuleCleaned,2026-09-10T13:59:13.324653+00:00
Elvex,Elvex,FutureTools,0.8,DeterministicRuleCleaned,2026-09-10T13:59:13.327901+00:00
Figcanvas,Figcanvas,FutureTools,0.8,DeterministicRuleCleaned,2026-09-10T13:59:13.331919+00:00
Xten,Xten,FutureTools,0.8,DeterministicRuleCleaned,2026-09-10T13:59:13.335195+00:00
Beatsync,Beatsync,FutureTools,0.8,DeterministicRuleCleaned,2026-09-10T13:59:13.341447+00:00
Birdwalk,Birdwalk,FutureTools,0.8,DeterministicRuleCleaned,2026-09-10T13:59:13.345278+00:00
Lapu,Lapu,FutureTools,0.8,DeterministicRuleCleaned,2026-09-10T13:59:13.348316+00:00
Yaps,Yaps,FutureTools,0.8,DeterministicRuleCleaned,2026-09-10T13:59:13.351524+00:00
Dim0,Dim0,FutureTools,0.8,DeterministicRuleCleaned,2026-09-10T13:59:13.356973+00:00
Agentkit,Agentkit,FutureTools,0.8,DeterministicRuleCleaned,2026-09-10T13:59:13.361071+00:00
Scribergpt,Scribergpt,FutureTools,0.8,DeterministicRuleCleaned,2026-09-10T13:59:13.365081+00:00
Sellerview,Sellerview,FutureTools,0.8,DeterministicRuleCleaned,2026-09-10T13:59:13.370673+00:00
Digg,Digg,FutureTools,0.8,DeterministicRuleCleaned,2026-09-10T13:59:13.374550+00:00
Saltfish,Saltfish,FutureTools,0.8,DeterministicRuleCleaned,2026-09-10T13:59:13.378612+00:00
Nodey,Nodey,FutureTools,0.8,DeterministicRuleCleaned,2026-09-10T13:59:13.381777+00:00
Glide,Glide,FutureTools,0.8,DeterministicRuleCleaned,2026-09-10T13:59:13.385441+00:00
Mesa,Mesa,FutureTools,0.8,DeterministicRuleCleaned,2026-09-10T13:59:13.390307+00:00
Readtube,Readtube,FutureTools,0.8,DeterministicRuleCleaned,2026-09-10T13:59:13.394295+00:00
Newsletrix,Newsletrix,FutureTools,0.8,DeterministicRuleCleaned,2026-09-10T13:59:13.398734+00:00
Exogram,Exogram,FutureTools,0.8,DeterministicRuleCleaned,2026-09-10T13:59:13.403487+00:00
Charios,Charios,FutureTools,0.8,DeterministicRuleCleaned,2026-09-10T13:59:13.408218+00:00
Simple,Simple,FutureTools,0.8,DeterministicRuleCleaned,2026-09-10T13:59:13.411640+00:00
Promptunit,Promptunit,FutureTools,0.8,DeterministicRuleCleaned,2026-09-10T13:59:13.416904+00:00
Crafiq,Crafiq,FutureTools,0.8,DeterministicRuleCleaned,2026-09-10T13:59:13.422211+00:00
Keyapi,Keyapi,FutureTools,0.8,DeterministicRuleCleaned,2026-09-10T13:59:13.426311+00:00
Autoheal,Autoheal,FutureTools,0.8,DeterministicRuleCleaned,2026-09-10T13:59:13.430353+00:00
Parsebridge,Parsebridge,FutureTools,0.8,DeterministicRuleCleaned,2026-09-10T13:59:13.435445+00:00
Renovato,Renovato,FutureTools,0.8,DeterministicRuleCleaned,2026-09-10T13:59:13.441636+00:00
Iridea,Iridea,FutureTools,0.8,DeterministicRuleCleaned,2026-09-10T13:59:13.445259+00:00
Atomic,Atomic,FutureTools,0.8,DeterministicRuleCleaned,2026-09-10T13:59:13.449197+00:00
Columns,Columns,FutureTools,0.8,DeterministicRuleCleaned,2026-09-10T13:59:13.453684+00:00
Synthboard,Synthboard,FutureTools,0.8,DeterministicRuleCleaned,2026-09-10T13:59:13.458908+00:00
Videodb,Videodb,FutureTools,0.8,DeterministicRuleCleaned,2026-09-10T13:59:13.462901+00:00
Openlegion,Openlegion,FutureTools,0.8,DeterministicRuleCleaned,2026-09-10T13:59:13.467343+00:00
Veluvanto,Veluvanto,FutureTools,0.8,DeterministicRuleCleaned,2026-09-10T13:59:13.473529+00:00
Recallverse,Recallverse,FutureTools,0.8,DeterministicRuleCleaned,2026-09-10T13:59:13.478854+00:00
Innogath,Innogath,FutureTools,0.8,DeterministicRuleCleaned,2026-09-10T13:59:13.482542+00:00
Diffhook,Diffhook,FutureTools,0.8,DeterministicRuleCleaned,2026-09-10T13:59:13.487009+00:00
Getthegists,Getthegists,FutureTools,0.8,DeterministicRuleCleaned,2026-09-10T13:59:13.492469+00:00
Aktok,Aktok,FutureTools,0.8,DeterministicRuleCleaned,2026-09-10T13:59:13.495749+00:00
Pagelens,Pagelens,FutureTools,0.8,DeterministicRuleCleaned,2026-09-10T13:59:13.499899+00:00
Nodalist,Nodalist,FutureTools,0.8,DeterministicRuleCleaned,2026-09-10T13:59:13.506023+00:00
Ideapulley,Ideapulley,FutureTools,0.8,DeterministicRuleCleaned,2026-09-10T13:59:13.510712+00:00
Prompt2Cad,Prompt2Cad,FutureTools,0.8,DeterministicRuleCleaned,2026-09-10T13:59:13.514939+00:00
Socialpilot,Socialpilot,FutureTools,0.8,DeterministicRuleCleaned,2026-09-10T13:59:13.520097+00:00
Agentzee,Agentzee,FutureTools,0.8,DeterministicRuleCleaned,2026-09-10T13:59:13.525398+00:00
Mentorclone,Mentorclone,FutureTools,0.8,DeterministicRuleCleaned,2026-09-10T13:59:13.529873+00:00
Surething,Surething,FutureTools,0.8,DeterministicRuleCleaned,2026-09-10T13:59:13.534015+00:00
Zero,Zero,FutureTools,0.8,DeterministicRuleCleaned,2026-09-10T13:59:13.539733+00:00
Xquik,Xquik,FutureTools,0.8,DeterministicRuleCleaned,2026-09-10T13:59:13.542872+00:00
Auxx,Auxx,FutureTools,0.8,DeterministicRuleCleaned,2026-09-10T13:59:13.545784+00:00
Text,Text,FutureTools,0.8,DeterministicRuleCleaned,2026-09-10T13:59:13.548719+00:00
Monologue,Monologue,FutureTools,0.8,DeterministicRuleCleaned,2026-09-10T13:59:13.553495+00:00
Pintel,Pintel,FutureTools,0.8,DeterministicRuleCleaned,2026-09-10T13:59:13.558392+00:00
Clawputer,Clawputer,FutureTools,0.8,DeterministicRuleCleaned,2026-09-10T13:59:13.562191+00:00
Cadence,Cadence,FutureTools,0.8,DeterministicRuleCleaned,2026-09-10T13:59:13.565990+00:00
Prodsift,Prodsift,FutureTools,0.8,DeterministicRuleCleaned,2026-09-10T13:59:13.571154+00:00
Convozen,Convozen,FutureTools,0.8,DeterministicRuleCleaned,2026-09-10T13:59:13.575493+00:00
Plannex,Plannex,FutureTools,0.8,DeterministicRuleCleaned,2026-09-10T13:59:13.579270+00:00
Butterbase,Butterbase,FutureTools,0.8,DeterministicRuleCleaned,2026-09-10T13:59:13.583389+00:00
Sixtyfour,Sixtyfour,FutureTools,0.8,DeterministicRuleCleaned,2026-09-10T13:59:13.589040+00:00
Crewship,Crewship,FutureTools,0.8,DeterministicRuleCleaned,2026-09-10T13:59:13.593000+00:00
Color,Color,FutureTools,0.8,DeterministicRuleCleaned,2026-09-10T13:59:13.596130+00:00
Maisa,Maisa,FutureTools,0.8,DeterministicRuleCleaned,2026-09-10T13:59:13.599617+00:00
Podsuite,Podsuite,FutureTools,0.8,DeterministicRuleCleaned,2026-09-10T13:59:13.605573+00:00
Hyperguard,Hyperguard,FutureTools,0.8,DeterministicRuleCleaned,2026-09-10T13:59:13.609997+00:00
Helpcrunch,Helpcrunch,FutureTools,0.8,DeterministicRuleCleaned,2026-09-10T13:59:13.614176+00:00
Chattitude,Chattitude,FutureTools,0.8,DeterministicRuleCleaned,2026-09-10T13:59:13.618625+00:00
Mnemosphere,Mnemosphere,FutureTools,0.8,DeterministicRuleCleaned,2026-09-10T13:59:13.624467+00:00
Vibeknow,Vibeknow,FutureTools,0.8,DeterministicRuleCleaned,2026-09-10T13:59:13.628732+00:00
Anycap,Anycap,FutureTools,0.8,DeterministicRuleCleaned,2026-09-10T13:59:13.632660+00:00
Versq,Versq,FutureTools,0.8,DeterministicRuleCleaned,2026-09-10T13:59:13.637586+00:00
Launchchair,Launchchair,FutureTools,0.8,DeterministicRuleCleaned,2026-09-10T13:59:13.642663+00:00
Sage,Sage,FutureTools,0.8,DeterministicRuleCleaned,2026-09-10T13:59:13.645940+00:00
Foundstep,Foundstep,FutureTools,0.8,DeterministicRuleCleaned,2026-09-10T13:59:13.650000+00:00
Memorylake,Memorylake,FutureTools,0.8,DeterministicRuleCleaned,2026-09-10T13:59:13.656430+00:00
Igenflow,Igenflow,FutureTools,0.8,DeterministicRuleCleaned,2026-09-10T13:59:13.660275+00:00
Clickup,Clickup,FutureTools,0.8,DeterministicRuleCleaned,2026-09-10T13:59:13.663937+00:00
Floatboat,Floatboat,FutureTools,0.8,DeterministicRuleCleaned,2026-09-10T13:59:13.668295+00:00
Frigade,Frigade,FutureTools,0.8,DeterministicRuleCleaned,2026-09-10T13:59:13.674036+00:00
Hidata,Hidata,FutureTools,0.8,DeterministicRuleCleaned,2026-09-10T13:59:13.677819+00:00
Tweetback,Tweetback,FutureTools,0.8,DeterministicRuleCleaned,2026-09-10T13:59:13.682147+00:00
Mindmarks,Mindmarks,FutureTools,0.8,DeterministicRuleCleaned,2026-09-10T13:59:13.687533+00:00
Lookio,Lookio,FutureTools,0.8,DeterministicRuleCleaned,2026-09-10T13:59:13.691906+00:00
Timbre,Timbre,FutureTools,0.8,DeterministicRuleCleaned,2026-09-10T13:59:13.695485+00:00
Ltvx,Ltvx,FutureTools,0.8,DeterministicRuleCleaned,2026-09-10T13:59:13.698317+00:00
Lanes,Lanes,FutureTools,0.8,DeterministicRuleCleaned,2026-09-10T13:59:13.702354+00:00
Sollo,Sollo,FutureTools,0.8,DeterministicRuleCleaned,2026-09-10T13:59:13.706777+00:00
Professionally,Professionally,FutureTools,0.8,DeterministicRuleCleaned,2026-09-10T13:59:13.712075+00:00
Vocallab,Vocallab,FutureTools,0.8,DeterministicRuleCleaned,2026-09-10T13:59:13.715989+00:00
Remoroo,Remoroo,FutureTools,0.8,DeterministicRuleCleaned,2026-09-10T13:59:13.721204+00:00
Datagrout,Datagrout,FutureTools,0.8,DeterministicRuleCleaned,2026-09-10T13:59:13.725976+00:00
Testmax,Testmax,FutureTools,0.8,DeterministicRuleCleaned,2026-09-10T13:59:13.729628+00:00
Buildra,Buildra,FutureTools,0.8,DeterministicRuleCleaned,2026-09-10T13:59:13.733253+00:00
Formula,Formula,FutureTools,0.8,DeterministicRuleCleaned,2026-09-10T13:59:13.738500+00:00
Flixier,Flixier,FutureTools,0.8,DeterministicRuleCleaned,2026-09-10T13:59:13.742659+00:00
Build,Build,FutureTools,0.8,DeterministicRuleCleaned,2026-09-10T13:59:13.745938+00:00
Capibot,Capibot,FutureTools,0.8,DeterministicRuleCleaned,2026-09-10T13:59:13.749623+00:00
Conceptseek,Conceptseek,FutureTools,0.8,DeterministicRuleCleaned,2026-09-10T13:59:13.755684+00:00
Runsight,Runsight,FutureTools,0.8,DeterministicRuleCleaned,2026-09-10T13:59:13.759654+00:00
Stellar,Stellar,FutureTools,0.8,DeterministicRuleCleaned,2026-09-10T13:59:13.763416+00:00
Autoscaled,Autoscaled,FutureTools,0.8,DeterministicRuleCleaned,2026-09-10T13:59:13.767646+00:00
Stage5,Stage5,FutureTools,0.8,DeterministicRuleCleaned,2026-09-10T13:59:13.773491+00:00
Caret,Caret,FutureTools,0.8,DeterministicRuleCleaned,2026-09-10T13:59:13.776897+00:00
Inkscan,Inkscan,FutureTools,0.8,DeterministicRuleCleaned,2026-09-10T13:59:13.780387+00:00
Composite,Composite,FutureTools,0.8,DeterministicRuleCleaned,2026-09-10T13:59:13.784053+00:00
Ones,Ones,FutureTools,0.8,DeterministicRuleCleaned,2026-09-10T13:59:13.789240+00:00
Autosubbed,Autosubbed,FutureTools,0.8,DeterministicRuleCleaned,2026-09-10T13:59:13.793371+00:00
Opal,Opal,FutureTools,0.8,DeterministicRuleCleaned,2026-09-10T13:59:13.796665+00:00
Skygen,Skygen,FutureTools,0.8,DeterministicRuleCleaned,2026-09-10T13:59:13.800115+00:00
Tethra,Tethra,FutureTools,0.8,DeterministicRuleCleaned,2026-09-10T13:59:13.805476+00:00
Krible,Krible,FutureTools,0.8,DeterministicRuleCleaned,2026-09-10T13:59:13.809120+00:00
Tagshop,Tagshop,FutureTools,0.8,DeterministicRuleCleaned,2026-09-10T13:59:13.812696+00:00
Asqav,Asqav,FutureTools,0.8,DeterministicRuleCleaned,2026-09-10T13:59:13.815839+00:00
Boundbot,Boundbot,FutureTools,0.8,DeterministicRuleCleaned,2026-09-10T13:59:13.820988+00:00
Opsworker,Opsworker,FutureTools,0.8,DeterministicRuleCleaned,2026-09-10T13:59:13.825483+00:00
Intempt,Intempt,FutureTools,0.8,DeterministicRuleCleaned,2026-09-10T13:59:13.828942+00:00
Softspell,Softspell,FutureTools,0.8,DeterministicRuleCleaned,2026-09-10T13:59:13.832709+00:00
Triverse,Triverse,FutureTools,0.8,DeterministicRuleCleaned,2026-09-10T13:59:13.838617+00:00
Scenario,Scenario,FutureTools,0.8,DeterministicRuleCleaned,2026-09-10T13:59:13.842769+00:00
Palabra,Palabra,FutureTools,0.8,DeterministicRuleCleaned,2026-09-10T13:59:13.846488+00:00
Orbiit,Orbiit,FutureTools,0.8,DeterministicRuleCleaned,2026-09-10T13:59:13.850168+00:00
Hasmcp,Hasmcp,FutureTools,0.8,DeterministicRuleCleaned,2026-09-10T13:59:13.855759+00:00
Journey,Journey,FutureTools,0.8,DeterministicRuleCleaned,2026-09-10T13:59:13.859517+00:00
Cycles,Cycles,FutureTools,0.8,DeterministicRuleCleaned,2026-09-10T13:59:13.862776+00:00
Codeinput,Codeinput,FutureTools,0.8,DeterministicRuleCleaned,2026-09-10T13:59:13.866930+00:00
Pluno,Pluno,FutureTools,0.8,DeterministicRuleCleaned,2026-09-10T13:59:13.872252+00:00
Kowabunga,Kowabunga,FutureTools,0.8,DeterministicRuleCleaned,2026-09-10T13:59:13.876500+00:00
Montr,Montr,FutureTools,0.8,DeterministicRuleCleaned,2026-09-10T13:59:13.879715+00:00
Neo,Neo,FutureTools,0.8,DeterministicRuleCleaned,2026-09-10T13:59:13.883165+00:00
Hooksy,Hooksy,FutureTools,0.8,DeterministicRuleCleaned,2026-09-10T13:59:13.888174+00:00
Permaship,Permaship,FutureTools,0.8,DeterministicRuleCleaned,2026-09-10T13:59:13.893093+00:00
Kubbi,Kubbi,FutureTools,0.8,DeterministicRuleCleaned,2026-09-10T13:59:13.896461+00:00
Coreworks,Coreworks,FutureTools,0.8,DeterministicRuleCleaned,2026-09-10T13:59:13.900153+00:00
Flint,Flint,FutureTools,0.8,DeterministicRuleCleaned,2026-09-10T13:59:13.905574+00:00
Omnimend,Omnimend,FutureTools,0.8,DeterministicRuleCleaned,2026-09-10T13:59:13.909494+00:00
Uplizd,Uplizd,FutureTools,0.8,DeterministicRuleCleaned,2026-09-10T13:59:13.913085+00:00
Crowbert,Crowbert,FutureTools,0.8,DeterministicRuleCleaned,2026-09-10T13:59:13.916787+00:00
Tindlo,Tindlo,FutureTools,0.8,DeterministicRuleCleaned,2026-09-10T13:59:13.922064+00:00
Llmnesia,Llmnesia,FutureTools,0.8,DeterministicRuleCleaned,2026-09-10T13:59:13.926146+00:00
Chatzy,Chatzy,FutureTools,0.8,DeterministicRuleCleaned,2026-09-10T13:59:13.930087+00:00
Videollama,Videollama,FutureTools,0.8,DeterministicRuleCleaned,2026-09-10T13:59:13.934405+00:00
Claude,Claude,FutureTools,0.8,DeterministicRuleCleaned,2026-09-10T13:59:13.939633+00:00
Product,Product,FutureTools,0.8,DeterministicRuleCleaned,2026-09-10T13:59:13.943454+00:00
Tropic,Tropic,FutureTools,0.8,DeterministicRuleCleaned,2026-09-10T13:59:13.947155+00:00
Prodini,Prodini,FutureTools,0.8,DeterministicRuleCleaned,2026-09-10T13:59:13.950913+00:00
Ziggle,Ziggle,FutureTools,0.8,DeterministicRuleCleaned,2026-09-10T13:59:13.956816+00:00
Octopoda,Octopoda,FutureTools,0.8,DeterministicRuleCleaned,2026-09-10T13:59:13.961971+00:00
Cust,Cust,FutureTools,0.8,DeterministicRuleCleaned,2026-09-10T13:59:13.965106+00:00
Deerflow,Deerflow,FutureTools,0.8,DeterministicRuleCleaned,2026-09-10T13:59:13.972059+00:00
Stamp,Stamp,FutureTools,0.8,DeterministicRuleCleaned,2026-09-10T13:59:13.977153+00:00
Utm,Utm,FutureTools,0.8,DeterministicRuleCleaned,2026-09-10T13:59:13.979925+00:00
Requestly,Requestly,FutureTools,0.8,DeterministicRuleCleaned,2026-09-10T13:59:13.983994+00:00
Zealos,Zealos,FutureTools,0.8,DeterministicRuleCleaned,2026-09-10T13:59:13.990900+00:00
Cliphi,Cliphi,FutureTools,0.8,DeterministicRuleCleaned,2026-09-10T13:59:13.994579+00:00
Synta,Synta,FutureTools,0.8,DeterministicRuleCleaned,2026-09-10T13:59:13.998266+00:00
Alma,Alma,FutureTools,0.8,DeterministicRuleCleaned,2026-09-10T13:59:14.001712+00:00
Tubeanalytics,Tubeanalytics,FutureTools,0.8,DeterministicRuleCleaned,2026-09-10T13:59:14.009214+00:00
Appdeploy,Appdeploy,FutureTools,0.8,DeterministicRuleCleaned,2026-09-10T13:59:14.013063+00:00
Lasso,Lasso,FutureTools,0.8,DeterministicRuleCleaned,2026-09-10T13:59:14.016345+00:00
Glyde,Glyde,FutureTools,0.8,DeterministicRuleCleaned,2026-09-10T13:59:14.021310+00:00
Chartcastr,Chartcastr,FutureTools,0.8,DeterministicRuleCleaned,2026-09-10T13:59:14.025686+00:00
Git,Git,FutureTools,0.8,DeterministicRuleCleaned,2026-09-10T13:59:14.028610+00:00
Goldmine,Goldmine,FutureTools,0.8,DeterministicRuleCleaned,2026-09-10T13:59:14.032497+00:00
Agentative,Agentative,FutureTools,0.8,DeterministicRuleCleaned,2026-09-10T13:59:14.038751+00:00
Oncallclerk,Oncallclerk,FutureTools,0.8,DeterministicRuleCleaned,2026-09-10T13:59:14.042796+00:00
Ito,Ito,FutureTools,0.8,DeterministicRuleCleaned,2026-09-10T13:59:14.045717+00:00
Superprompt,Superprompt,FutureTools,0.8,DeterministicRuleCleaned,2026-09-10T13:59:14.049651+00:00
Storydoc,Storydoc,FutureTools,0.8,DeterministicRuleCleaned,2026-09-10T13:59:14.055218+00:00
Renamer,Renamer,FutureTools,0.8,DeterministicRuleCleaned,2026-09-10T13:59:14.059258+00:00
Repoclip,Repoclip,FutureTools,0.8,DeterministicRuleCleaned,2026-09-10T13:59:14.063322+00:00
Fixy,Fixy,FutureTools,0.8,DeterministicRuleCleaned,2026-09-10T13:59:14.066612+00:00
Openmaic,Openmaic,FutureTools,0.8,DeterministicRuleCleaned,2026-09-10T13:59:14.072805+00:00
Helpgenie,Helpgenie,FutureTools,0.8,DeterministicRuleCleaned,2026-09-10T13:59:14.077116+00:00
Editghost,Editghost,FutureTools,0.8,DeterministicRuleCleaned,2026-09-10T13:59:14.081467+00:00
Knowtree,Knowtree,FutureTools,0.8,DeterministicRuleCleaned,2026-09-10T13:59:14.086414+00:00
Cflow,Cflow,FutureTools,0.8,DeterministicRuleCleaned,2026-09-10T13:59:14.090045+00:00
Droidrun,Droidrun,FutureTools,0.8,DeterministicRuleCleaned,2026-09-10T13:59:14.093866+00:00
Relia,Relia,FutureTools,0.8,DeterministicRuleCleaned,2026-09-10T13:59:14.097809+00:00
Attherate,Attherate,FutureTools,0.8,DeterministicRuleCleaned,2026-09-10T13:59:14.102743+00:00
Digestflow,Digestflow,FutureTools,0.8,DeterministicRuleCleaned,2026-09-10T13:59:14.107853+00:00
Crawldesk,Crawldesk,FutureTools,0.8,DeterministicRuleCleaned,2026-09-10T13:59:14.111740+00:00
Knowlify,Knowlify,FutureTools,0.8,DeterministicRuleCleaned,2026-09-10T13:59:14.115905+00:00
Extinde,Extinde,FutureTools,0.8,DeterministicRuleCleaned,2026-09-10T13:59:14.121280+00:00
Gaintrace,Gaintrace,FutureTools,0.8,DeterministicRuleCleaned,2026-09-10T13:59:14.125567+00:00
Stitchdesk,Stitchdesk,FutureTools,0.8,DeterministicRuleCleaned,2026-09-10T13:59:14.129894+00:00
Ai,Ai,FutureTools,0.8,DeterministicRuleCleaned,2026-09-10T13:59:14.132577+00:00
Embedai,Embedai,FutureTools,0.8,DeterministicRuleCleaned,2026-09-10T13:59:14.138464+00:00
Socialkit,Socialkit,FutureTools,0.8,DeterministicRuleCleaned,2026-09-10T13:59:14.142572+00:00
Cliptude,Cliptude,FutureTools,0.8,DeterministicRuleCleaned,2026-09-10T13:59:14.146387+00:00
Clico,Clico,FutureTools,0.8,DeterministicRuleCleaned,2026-09-10T13:59:14.149540+00:00
Bayeslab,Bayeslab,FutureTools,0.8,DeterministicRuleCleaned,2026-09-10T13:59:14.155219+00:00
Miapi,Miapi,FutureTools,0.8,DeterministicRuleCleaned,2026-09-10T13:59:14.158658+00:00
Guide,Guide,FutureTools,0.8,DeterministicRuleCleaned,2026-09-10T13:59:14.162007+00:00
Mirothinker,Mirothinker,FutureTools,0.8,DeterministicRuleCleaned,2026-09-10T13:59:14.166464+00:00
Pulse,Pulse,FutureTools,0.8,DeterministicRuleCleaned,2026-09-10T13:59:14.171414+00:00
Viewmetrics,Viewmetrics,FutureTools,0.8,DeterministicRuleCleaned,2026-09-10T13:59:14.176106+00:00
Insforge,Insforge,FutureTools,0.8,DeterministicRuleCleaned,2026-09-10T13:59:14.179655+00:00
Chattee,Chattee,FutureTools,0.8,DeterministicRuleCleaned,2026-09-10T13:59:14.183148+00:00
Vivgrid,Vivgrid,FutureTools,0.8,DeterministicRuleCleaned,2026-09-10T13:59:14.188444+00:00
Worksbuddy,Worksbuddy,FutureTools,0.8,DeterministicRuleCleaned,2026-09-10T13:59:14.192491+00:00
Paperclip,Paperclip,FutureTools,0.8,DeterministicRuleCleaned,2026-09-10T13:59:14.196792+00:00
Flowgent,Flowgent,FutureTools,0.8,DeterministicRuleCleaned,2026-09-10T13:59:14.200641+00:00
Openprod,Openprod,FutureTools,0.8,DeterministicRuleCleaned,2026-09-10T13:59:14.206617+00:00
Matanyone,Matanyone,FutureTools,0.8,DeterministicRuleCleaned,2026-09-10T13:59:14.210851+00:00
Lemon,Lemon,FutureTools,0.8,DeterministicRuleCleaned,2026-09-10T13:59:14.214092+00:00
Memorylane,Memorylane,FutureTools,0.8,DeterministicRuleCleaned,2026-09-10T13:59:14.219548+00:00
Dashtera,Dashtera,FutureTools,0.8,DeterministicRuleCleaned,2026-09-10T13:59:14.224469+00:00
Shipsafe,Shipsafe,FutureTools,0.8,DeterministicRuleCleaned,2026-09-10T13:59:14.228476+00:00
Trio,Trio,FutureTools,0.8,DeterministicRuleCleaned,2026-09-10T13:59:14.231617+00:00
Signalbrain,Signalbrain,FutureTools,0.8,DeterministicRuleCleaned,2026-09-10T13:59:14.238794+00:00
Genve,Genve,FutureTools,0.8,DeterministicRuleCleaned,2026-09-10T13:59:14.242111+00:00
Evo,Evo,FutureTools,0.8,DeterministicRuleCleaned,2026-09-10T13:59:14.244810+00:00
Dokubrain,Dokubrain,FutureTools,0.8,DeterministicRuleCleaned,2026-09-10T13:59:14.248858+00:00
Maximem,Maximem,FutureTools,0.8,DeterministicRuleCleaned,2026-09-10T13:59:14.254510+00:00
Flompt,Flompt,FutureTools,0.8,DeterministicRuleCleaned,2026-09-10T13:59:14.258083+00:00
Image,Image,FutureTools,0.8,DeterministicRuleCleaned,2026-09-10T13:59:14.261445+00:00
Nimbalyst,Nimbalyst,FutureTools,0.8,DeterministicRuleCleaned,2026-09-10T13:59:14.265331+00:00
Hebbrix,Hebbrix,FutureTools,0.8,DeterministicRuleCleaned,2026-09-10T13:59:14.271571+00:00
Triall,Triall,FutureTools,0.8,DeterministicRuleCleaned,2026-09-10T13:59:14.275445+00:00
Nbot,Nbot,FutureTools,0.8,DeterministicRuleCleaned,2026-09-10T13:59:14.278469+00:00
Anybrowse,Anybrowse,FutureTools,0.8,DeterministicRuleCleaned,2026-09-10T13:59:14.282288+00:00
Privacyscrubber,Privacyscrubber,FutureTools,0.8,DeterministicRuleCleaned,2026-09-10T13:59:14.288883+00:00
Roxy,Roxy,FutureTools,0.8,DeterministicRuleCleaned,2026-09-10T13:59:14.291814+00:00
Semarize,Semarize,FutureTools,0.8,DeterministicRuleCleaned,2026-09-10T13:59:14.296081+00:00
Matik,Matik,FutureTools,0.8,DeterministicRuleCleaned,2026-09-10T13:59:14.299638+00:00
Patrivox,Patrivox,FutureTools,0.8,DeterministicRuleCleaned,2026-09-10T13:59:14.305830+00:00
Town,Town,FutureTools,0.8,DeterministicRuleCleaned,2026-09-10T13:59:14.308908+00:00
Dittodub,Dittodub,FutureTools,0.8,DeterministicRuleCleaned,2026-09-10T13:59:14.312501+00:00
Pencil,Pencil,FutureTools,0.8,DeterministicRuleCleaned,2026-09-10T13:59:14.316268+00:00
Montage,Montage,FutureTools,0.8,DeterministicRuleCleaned,2026-09-10T13:59:14.321637+00:00
Revmaxx,Revmaxx,FutureTools,0.8,DeterministicRuleCleaned,2026-09-10T13:59:14.325422+00:00
Offerpulse,Offerpulse,FutureTools,0.8,DeterministicRuleCleaned,2026-09-10T13:59:14.329566+00:00
Mia,Mia,FutureTools,0.8,DeterministicRuleCleaned,2026-09-10T13:59:14.332579+00:00
Podcuts,Podcuts,FutureTools,0.8,DeterministicRuleCleaned,2026-09-10T13:59:14.338441+00:00
Bandits,Bandits,FutureTools,0.8,DeterministicRuleCleaned,2026-09-10T13:59:14.343060+00:00
Transmonkey,Transmonkey,FutureTools,0.8,DeterministicRuleCleaned,2026-09-10T13:59:14.347735+00:00
Karley,Karley,FutureTools,0.8,DeterministicRuleCleaned,2026-09-10T13:59:14.352743+00:00
Autype,Autype,FutureTools,0.8,DeterministicRuleCleaned,2026-09-10T13:59:14.357065+00:00
Auzora,Auzora,FutureTools,0.8,DeterministicRuleCleaned,2026-09-10T13:59:14.360584+00:00
Waxell,Waxell,FutureTools,0.8,DeterministicRuleCleaned,2026-09-10T13:59:14.364490+00:00
Automasnap,Automasnap,FutureTools,0.8,DeterministicRuleCleaned,2026-09-10T13:59:14.370047+00:00
Quiverai,Quiverai,FutureTools,0.8,DeterministicRuleCleaned,2026-09-10T13:59:14.374557+00:00
Trilo,Trilo,FutureTools,0.8,DeterministicRuleCleaned,2026-09-10T13:59:14.378140+00:00
Sketchflow,Sketchflow,FutureTools,0.8,DeterministicRuleCleaned,2026-09-10T13:59:14.382195+00:00
Autocalls,Autocalls,FutureTools,0.8,DeterministicRuleCleaned,2026-09-10T13:59:14.387894+00:00
Producer,Producer,FutureTools,0.8,DeterministicRuleCleaned,2026-09-10T13:59:14.391880+00:00
Fabricate,Fabricate,FutureTools,0.8,DeterministicRuleCleaned,2026-09-10T13:59:14.396178+00:00
Owlytics,Owlytics,FutureTools,0.8,DeterministicRuleCleaned,2026-09-10T13:59:14.400214+00:00
Cellsource,Cellsource,FutureTools,0.8,DeterministicRuleCleaned,2026-09-10T13:59:14.406077+00:00
Finsi,Finsi,FutureTools,0.8,DeterministicRuleCleaned,2026-09-10T13:59:14.409522+00:00
Pencil&Apos;D,Pencil&Apos;D,FutureTools,0.8,DeterministicRuleCleaned,2026-09-10T13:59:14.414174+00:00
Wideframe,Wideframe,FutureTools,0.8,DeterministicRuleCleaned,2026-09-10T13:59:14.419693+00:00
Luminix,Luminix,FutureTools,0.8,DeterministicRuleCleaned,2026-09-10T13:59:14.424202+00:00
Aiartist,Aiartist,FutureTools,0.8,DeterministicRuleCleaned,2026-09-10T13:59:14.427989+00:00
Helpmaton,Helpmaton,FutureTools,0.8,DeterministicRuleCleaned,2026-09-10T13:59:14.432189+00:00
Mindrop,Mindrop,FutureTools,0.8,DeterministicRuleCleaned,2026-09-10T13:59:14.438277+00:00
Adspectre,Adspectre,FutureTools,0.8,DeterministicRuleCleaned,2026-09-10T13:59:14.442444+00:00
Reelify,Reelify,FutureTools,0.8,DeterministicRuleCleaned,2026-09-10T13:59:14.448904+00:00
Articos,Articos,FutureTools,0.8,DeterministicRuleCleaned,2026-09-10T13:59:14.455010+00:00
Ochatbot,Ochatbot,FutureTools,0.8,DeterministicRuleCleaned,2026-09-10T13:59:14.458782+00:00
Intavia,Intavia,FutureTools,0.8,DeterministicRuleCleaned,2026-09-10T13:59:14.462341+00:00
Spawned,Spawned,FutureTools,0.8,DeterministicRuleCleaned,2026-09-10T13:59:14.466278+00:00
Llm,Llm,FutureTools,0.8,DeterministicRuleCleaned,2026-09-10T13:59:14.470652+00:00
Miniloop,Miniloop,FutureTools,0.8,DeterministicRuleCleaned,2026-09-10T13:59:14.474538+00:00
Furnimesh,Furnimesh,FutureTools,0.8,DeterministicRuleCleaned,2026-09-10T13:59:14.478661+00:00
Koolio,Koolio,FutureTools,0.8,DeterministicRuleCleaned,2026-09-10T13:59:14.482123+00:00
Fusedash,Fusedash,FutureTools,0.8,DeterministicRuleCleaned,2026-09-10T13:59:14.488083+00:00
Workops,Workops,FutureTools,0.8,DeterministicRuleCleaned,2026-09-10T13:59:14.491617+00:00
Sitelove,Sitelove,FutureTools,0.8,DeterministicRuleCleaned,2026-09-10T13:59:14.495403+00:00
Demofast,Demofast,FutureTools,0.8,DeterministicRuleCleaned,2026-09-10T13:59:14.499301+00:00
Drizz,Drizz,FutureTools,0.8,DeterministicRuleCleaned,2026-09-10T13:59:14.505300+00:00
Flowhubr,Flowhubr,FutureTools,0.8,DeterministicRuleCleaned,2026-09-10T13:59:14.508893+00:00
Frontman,Frontman,FutureTools,0.8,DeterministicRuleCleaned,2026-09-10T13:59:14.512802+00:00
Hugo,Hugo,FutureTools,0.8,DeterministicRuleCleaned,2026-09-10T13:59:14.515662+00:00
Mailopoly,Mailopoly,FutureTools,0.8,DeterministicRuleCleaned,2026-09-10T13:59:14.521238+00:00
Testdino,Testdino,FutureTools,0.8,DeterministicRuleCleaned,2026-09-10T13:59:14.525294+00:00
Glinky,Glinky,FutureTools,0.8,DeterministicRuleCleaned,2026-09-10T13:59:14.528756+00:00
Embeddable,Embeddable,FutureTools,0.8,DeterministicRuleCleaned,2026-09-10T13:59:14.532924+00:00
Lenzo,Lenzo,FutureTools,0.8,DeterministicRuleCleaned,2026-09-10T13:59:14.538276+00:00
Syntopia,Syntopia,FutureTools,0.8,DeterministicRuleCleaned,2026-09-10T13:59:14.542245+00:00
Actionsync,Actionsync,FutureTools,0.8,DeterministicRuleCleaned,2026-09-10T13:59:14.546733+00:00
Ayudo,Ayudo,FutureTools,0.8,DeterministicRuleCleaned,2026-09-10T13:59:14.549833+00:00
Llmwise,Llmwise,FutureTools,0.8,DeterministicRuleCleaned,2026-09-10T13:59:14.555522+00:00
Admanage,Admanage,FutureTools,0.8,DeterministicRuleCleaned,2026-09-10T13:59:14.559477+00:00
Cropilot,Cropilot,FutureTools,0.8,DeterministicRuleCleaned,2026-09-10T13:59:14.563746+00:00
Pullsy,Pullsy,FutureTools,0.8,DeterministicRuleCleaned,2026-09-10T13:59:14.567106+00:00
Eler,Eler,FutureTools,0.8,DeterministicRuleCleaned,2026-09-10T13:59:14.572348+00:00
Texturefast,Texturefast,FutureTools,0.8,DeterministicRuleCleaned,2026-09-10T13:59:14.576746+00:00
Selfstorming,Selfstorming,FutureTools,0.8,DeterministicRuleCleaned,2026-09-10T13:59:14.581400+00:00
Protaigé,Protaigé,FutureTools,0.8,DeterministicRuleCleaned,2026-09-10T13:59:14.587175+00:00
Mixmemo,Mixmemo,FutureTools,0.8,DeterministicRuleCleaned,2026-09-10T13:59:14.591144+00:00
Bidhelm,Bidhelm,FutureTools,0.8,DeterministicRuleCleaned,2026-09-10T13:59:14.594765+00:00
Shipper,Shipper,FutureTools,0.8,DeterministicRuleCleaned,2026-09-10T13:59:14.598379+00:00
Orchids,Orchids,FutureTools,0.8,DeterministicRuleCleaned,2026-09-10T13:59:14.603655+00:00
Sprite,Sprite,FutureTools,0.8,DeterministicRuleCleaned,2026-09-10T13:59:14.607937+00:00
Cnaps,Cnaps,FutureTools,0.8,DeterministicRuleCleaned,2026-09-10T13:59:14.611243+00:00
Winpag,Winpag,FutureTools,0.8,DeterministicRuleCleaned,2026-09-10T13:59:14.614694+00:00
Rectify,Rectify,FutureTools,0.8,DeterministicRuleCleaned,2026-09-10T13:59:14.619919+00:00
Calendhub,Calendhub,FutureTools,0.8,DeterministicRuleCleaned,2026-09-10T13:59:14.624608+00:00
Skills,Skills,FutureTools,0.8,DeterministicRuleCleaned,2026-09-10T13:59:14.627982+00:00
Zoronal,Zoronal,FutureTools,0.8,DeterministicRuleCleaned,2026-09-10T13:59:14.631706+00:00
Rushhoster,Rushhoster,FutureTools,0.8,DeterministicRuleCleaned,2026-09-10T13:59:14.637468+00:00
Iconly,Iconly,FutureTools,0.8,DeterministicRuleCleaned,2026-09-10T13:59:14.641351+00:00
Flowstep,Flowstep,FutureTools,0.8,DeterministicRuleCleaned,2026-09-10T13:59:14.645193+00:00
Kolva,Kolva,FutureTools,0.8,DeterministicRuleCleaned,2026-09-10T13:59:14.648440+00:00
Videomule,Videomule,FutureTools,0.8,DeterministicRuleCleaned,2026-09-10T13:59:14.654143+00:00
Vowise,Vowise,FutureTools,0.8,DeterministicRuleCleaned,2026-09-10T13:59:14.657881+00:00
Ragflow,Ragflow,FutureTools,0.8,DeterministicRuleCleaned,2026-09-10T13:59:14.661413+00:00
Docbatch,Docbatch,FutureTools,0.8,DeterministicRuleCleaned,2026-09-10T13:59:14.665132+00:00
Affinitybots,Affinitybots,FutureTools,0.8,DeterministicRuleCleaned,2026-09-10T13:59:14.671858+00:00
Simplai,Simplai,FutureTools,0.8,DeterministicRuleCleaned,2026-09-10T13:59:14.675788+00:00
Fyno,Fyno,FutureTools,0.8,DeterministicRuleCleaned,2026-09-10T13:59:14.678805+00:00
Vaethat,Vaethat,FutureTools,0.8,DeterministicRuleCleaned,2026-09-10T13:59:14.682473+00:00
Upfirst,Upfirst,FutureTools,0.8,DeterministicRuleCleaned,2026-09-10T13:59:14.688259+00:00
Simplora,Simplora,FutureTools,0.8,DeterministicRuleCleaned,2026-09-10T13:59:14.692065+00:00
Orita,Orita,FutureTools,0.8,DeterministicRuleCleaned,2026-09-10T13:59:14.695550+00:00
Mixels,Mixels,FutureTools,0.8,DeterministicRuleCleaned,2026-09-10T13:59:14.699350+00:00
Screentell,Screentell,FutureTools,0.8,DeterministicRuleCleaned,2026-09-10T13:59:14.705424+00:00
Ngram,Ngram,FutureTools,0.8,DeterministicRuleCleaned,2026-09-10T13:59:14.708817+00:00
Spreadsimple,Spreadsimple,FutureTools,0.8,DeterministicRuleCleaned,2026-09-10T13:59:14.713492+00:00
Recap,Recap,FutureTools,0.8,DeterministicRuleCleaned,2026-09-10T13:59:14.717066+00:00
Jugl,Jugl,FutureTools,0.8,DeterministicRuleCleaned,2026-09-10T13:59:14.721269+00:00
Sunpeak,Sunpeak,FutureTools,0.8,DeterministicRuleCleaned,2026-09-10T13:59:14.725117+00:00
Tailride,Tailride,FutureTools,0.8,DeterministicRuleCleaned,2026-09-10T13:59:14.728954+00:00
Postproxy,Postproxy,FutureTools,0.8,DeterministicRuleCleaned,2026-09-10T13:59:14.732813+00:00
Canvora,Canvora,FutureTools,0.8,DeterministicRuleCleaned,2026-09-10T13:59:14.738304+00:00
Dokie,Dokie,FutureTools,0.8,DeterministicRuleCleaned,2026-09-10T13:59:14.741774+00:00
Lovalingo,Lovalingo,FutureTools,0.8,DeterministicRuleCleaned,2026-09-10T13:59:14.746420+00:00
Beezi,Beezi,FutureTools,0.8,DeterministicRuleCleaned,2026-09-10T13:59:14.750083+00:00
99Helpers,99Helpers,FutureTools,0.8,DeterministicRuleCleaned,2026-09-10T13:59:14.755611+00:00
Adspirer,Adspirer,FutureTools,0.8,DeterministicRuleCleaned,2026-09-10T13:59:14.759526+00:00
Qveris,Qveris,FutureTools,0.8,DeterministicRuleCleaned,2026-09-10T13:59:14.763288+00:00
Proplab,Proplab,FutureTools,0.8,DeterministicRuleCleaned,2026-09-10T13:59:14.767321+00:00
Boast,Boast,FutureTools,0.8,DeterministicRuleCleaned,2026-09-10T13:59:14.772113+00:00
Ref,Ref,FutureTools,0.8,DeterministicRuleCleaned,2026-09-10T13:59:14.775037+00:00
Moltbook,Moltbook,FutureTools,0.8,DeterministicRuleCleaned,2026-09-10T13:59:14.778858+00:00
Project,Project,FutureTools,0.8,DeterministicRuleCleaned,2026-09-10T13:59:14.782591+00:00
Orphiq,Orphiq,FutureTools,0.8,DeterministicRuleCleaned,2026-09-10T13:59:14.787785+00:00
Devhawk,Devhawk,FutureTools,0.8,DeterministicRuleCleaned,2026-09-10T13:59:14.791494+00:00
Tented,Tented,FutureTools,0.8,DeterministicRuleCleaned,2026-09-10T13:59:14.795164+00:00
Labelspark,Labelspark,FutureTools,0.8,DeterministicRuleCleaned,2026-09-10T13:59:14.799211+00:00
Semrush,Semrush,FutureTools,0.8,DeterministicRuleCleaned,2026-09-10T13:59:14.804579+00:00
Osam,Osam,FutureTools,0.8,DeterministicRuleCleaned,2026-09-10T13:59:14.808048+00:00
Renameclick,Renameclick,FutureTools,0.8,DeterministicRuleCleaned,2026-09-10T13:59:14.812663+00:00
Lobehub,Lobehub,FutureTools,0.8,DeterministicRuleCleaned,2026-09-10T13:59:14.816163+00:00
Thumbnailcreator,Thumbnailcreator,FutureTools,0.8,DeterministicRuleCleaned,2026-09-10T13:59:14.825490+00:00
Puzzle,Puzzle,FutureTools,0.8,DeterministicRuleCleaned,2026-09-10T13:59:14.832022+00:00
Openclaw,Openclaw,FutureTools,0.8,DeterministicRuleCleaned,2026-09-10T13:59:14.843667+00:00
Image,Image,FutureTools,0.8,DeterministicRuleCleaned,2026-09-10T13:59:14.847045+00:00
Fragments,Fragments,FutureTools,0.8,DeterministicRuleCleaned,2026-09-10T13:59:14.852764+00:00
Thumbfa,Thumbfa,FutureTools,0.8,DeterministicRuleCleaned,2026-09-10T13:59:14.857025+00:00
Qwen3,Qwen3,FutureTools,0.8,DeterministicRuleCleaned,2026-09-10T13:59:14.860209+00:00
Vicoa,Vicoa,FutureTools,0.8,DeterministicRuleCleaned,2026-09-10T13:59:14.863503+00:00
Spiry,Spiry,FutureTools,0.8,DeterministicRuleCleaned,2026-09-10T13:59:14.866957+00:00
Parano,Parano,FutureTools,0.8,DeterministicRuleCleaned,2026-09-10T13:59:14.872634+00:00
Ideaproof,Ideaproof,FutureTools,0.8,DeterministicRuleCleaned,2026-09-10T13:59:14.876593+00:00
Gorules,Gorules,FutureTools,0.8,DeterministicRuleCleaned,2026-09-10T13:59:14.880225+00:00
Flashbot,Flashbot,FutureTools,0.8,DeterministicRuleCleaned,2026-09-10T13:59:14.884452+00:00
Constructable,Constructable,FutureTools,0.8,DeterministicRuleCleaned,2026-09-10T13:59:14.890512+00:00
Flowspeech,Flowspeech,FutureTools,0.8,DeterministicRuleCleaned,2026-09-10T13:59:14.894802+00:00
Flyploy,Flyploy,FutureTools,0.8,DeterministicRuleCleaned,2026-09-10T13:59:14.898100+00:00
Aepto,Aepto,FutureTools,0.8,DeterministicRuleCleaned,2026-09-10T13:59:14.902596+00:00
Burntop,Burntop,FutureTools,0.8,DeterministicRuleCleaned,2026-09-10T13:59:14.907390+00:00
Box,Box,FutureTools,0.8,DeterministicRuleCleaned,2026-09-10T13:59:14.910072+00:00
Omnara,Omnara,FutureTools,0.8,DeterministicRuleCleaned,2026-09-10T13:59:14.913619+00:00
Designkit,Designkit,FutureTools,0.8,DeterministicRuleCleaned,2026-09-10T13:59:14.919112+00:00
Springhub,Springhub,FutureTools,0.8,DeterministicRuleCleaned,2026-09-10T13:59:14.923813+00:00
Skills,Skills,FutureTools,0.8,DeterministicRuleCleaned,2026-09-10T13:59:14.927259+00:00
Nodetool,Nodetool,FutureTools,0.8,DeterministicRuleCleaned,2026-09-10T13:59:14.931112+00:00
Personify,Personify,FutureTools,0.8,DeterministicRuleCleaned,2026-09-10T13:59:14.937966+00:00
Litmas,Litmas,FutureTools,0.8,DeterministicRuleCleaned,2026-09-10T13:59:14.941578+00:00
Infercall,Infercall,FutureTools,0.8,DeterministicRuleCleaned,2026-09-10T13:59:14.945610+00:00
Livedocs,Livedocs,FutureTools,0.8,DeterministicRuleCleaned,2026-09-10T13:59:14.950458+00:00
Fastscribe,Fastscribe,FutureTools,0.8,DeterministicRuleCleaned,2026-09-10T13:59:14.956956+00:00
Beeslee,Beeslee,FutureTools,0.8,DeterministicRuleCleaned,2026-09-10T13:59:14.960521+00:00
Wobbio,Wobbio,FutureTools,0.8,DeterministicRuleCleaned,2026-09-10T13:59:14.964195+00:00
Camb,Camb,FutureTools,0.8,DeterministicRuleCleaned,2026-09-10T13:59:14.968144+00:00
Scroll,Scroll,FutureTools,0.8,DeterministicRuleCleaned,2026-09-10T13:59:14.972876+00:00
Vidocu,Vidocu,FutureTools,0.8,DeterministicRuleCleaned,2026-09-10T13:59:14.976476+00:00
Floowed,Floowed,FutureTools,0.8,DeterministicRuleCleaned,2026-09-10T13:59:14.980235+00:00
Kya,Kya,FutureTools,0.8,DeterministicRuleCleaned,2026-09-10T13:59:14.983024+00:00
Supabook,Supabook,FutureTools,0.8,DeterministicRuleCleaned,2026-09-10T13:59:14.989056+00:00
Goran,Goran,FutureTools,0.8,DeterministicRuleCleaned,2026-09-10T13:59:14.992546+00:00
Friday,Friday,FutureTools,0.8,DeterministicRuleCleaned,2026-09-10T13:59:14.997006+00:00
Viralcanvas,Viralcanvas,FutureTools,0.8,DeterministicRuleCleaned,2026-09-10T13:59:15.002602+00:00
Byvoice,Byvoice,FutureTools,0.8,DeterministicRuleCleaned,2026-09-10T13:59:15.007226+00:00
Uthana,Uthana,FutureTools,0.8,DeterministicRuleCleaned,2026-09-10T13:59:15.011153+00:00
Recomaze,Recomaze,FutureTools,0.8,DeterministicRuleCleaned,2026-09-10T13:59:15.015128+00:00
Vibe,Vibe,FutureTools,0.8,DeterministicRuleCleaned,2026-09-10T13:59:15.019989+00:00
Photostudio,Photostudio,FutureTools,0.8,DeterministicRuleCleaned,2026-09-10T13:59:15.025386+00:00
Ad,Ad,FutureTools,0.8,DeterministicRuleCleaned,2026-09-10T13:59:15.028209+00:00
Sideconvo,Sideconvo,FutureTools,0.8,DeterministicRuleCleaned,2026-09-10T13:59:15.032213+00:00
Handoff,Handoff,FutureTools,0.8,DeterministicRuleCleaned,2026-09-10T13:59:15.037998+00:00
Origon,Origon,FutureTools,0.8,DeterministicRuleCleaned,2026-09-10T13:59:15.041691+00:00
Xpoz,Xpoz,FutureTools,0.8,DeterministicRuleCleaned,2026-09-10T13:59:15.044463+00:00
Skipup,Skipup,FutureTools,0.8,DeterministicRuleCleaned,2026-09-10T13:59:15.047764+00:00
Archrender,Archrender,FutureTools,0.8,DeterministicRuleCleaned,2026-09-10T13:59:15.053543+00:00
Modelmonkey,Modelmonkey,FutureTools,0.8,DeterministicRuleCleaned,2026-09-10T13:59:15.058862+00:00
Skipcalls,Skipcalls,FutureTools,0.8,DeterministicRuleCleaned,2026-09-10T13:59:15.062908+00:00
Fudge,Fudge,FutureTools,0.8,DeterministicRuleCleaned,2026-09-10T13:59:15.065957+00:00
Nextphone,Nextphone,FutureTools,0.8,DeterministicRuleCleaned,2026-09-10T13:59:15.072045+00:00
Housegpts,Housegpts,FutureTools,0.8,DeterministicRuleCleaned,2026-09-10T13:59:15.076304+00:00
Scaffold,Scaffold,FutureTools,0.8,DeterministicRuleCleaned,2026-09-10T13:59:15.079907+00:00
Fastshort,Fastshort,FutureTools,0.8,DeterministicRuleCleaned,2026-09-10T13:59:15.084798+00:00
Mowgli,Mowgli,FutureTools,0.8,DeterministicRuleCleaned,2026-09-10T13:59:15.090291+00:00
Pandada,Pandada,FutureTools,0.8,DeterministicRuleCleaned,2026-09-10T13:59:15.094069+00:00
Janus,Janus,FutureTools,0.8,DeterministicRuleCleaned,2026-09-10T13:59:15.097397+00:00
Legnext,Legnext,FutureTools,0.8,DeterministicRuleCleaned,2026-09-10T13:59:15.102399+00:00
Canvasgpt,Canvasgpt,FutureTools,0.8,DeterministicRuleCleaned,2026-09-10T13:59:15.107572+00:00
Stirling,Stirling,FutureTools,0.8,DeterministicRuleCleaned,2026-09-10T13:59:15.111537+00:00
Maybe,Maybe,FutureTools,0.8,DeterministicRuleCleaned,2026-09-10T13:59:15.114853+00:00
Gafix,Gafix,FutureTools,0.8,DeterministicRuleCleaned,2026-09-10T13:59:15.120205+00:00
Onerouter,Onerouter,FutureTools,0.8,DeterministicRuleCleaned,2026-09-10T13:59:15.124676+00:00
Snipin,Snipin,FutureTools,0.8,DeterministicRuleCleaned,2026-09-10T13:59:15.128327+00:00
Aspr,Aspr,FutureTools,0.8,DeterministicRuleCleaned,2026-09-10T13:59:15.131330+00:00
Extraction,Extraction,FutureTools,0.8,DeterministicRuleCleaned,2026-09-10T13:59:15.137667+00:00
Ayewatch,Ayewatch,FutureTools,0.8,DeterministicRuleCleaned,2026-09-10T13:59:15.141719+00:00
Hexus,Hexus,FutureTools,0.8,DeterministicRuleCleaned,2026-09-10T13:59:15.144939+00:00
Whatllm,Whatllm,FutureTools,0.8,DeterministicRuleCleaned,2026-09-10T13:59:15.148482+00:00
Gobii,Gobii,FutureTools,0.8,DeterministicRuleCleaned,2026-09-10T13:59:15.153881+00:00
Neverclosed,Neverclosed,FutureTools,0.8,DeterministicRuleCleaned,2026-09-10T13:59:15.158461+00:00
Gmc,Gmc,FutureTools,0.8,DeterministicRuleCleaned,2026-09-10T13:59:15.161162+00:00
Iquest,Iquest,FutureTools,0.8,DeterministicRuleCleaned,2026-09-10T13:59:15.164490+00:00
Parserdata,Parserdata,FutureTools,0.8,DeterministicRuleCleaned,2026-09-10T13:59:15.170752+00:00
Noiz,Noiz,FutureTools,0.8,DeterministicRuleCleaned,2026-09-10T13:59:15.174386+00:00
Note67,Note67,FutureTools,0.8,DeterministicRuleCleaned,2026-09-10T13:59:15.177735+00:00
Codekudu,Codekudu,FutureTools,0.8,DeterministicRuleCleaned,2026-09-10T13:59:15.181062+00:00
Feynn,Feynn,FutureTools,0.8,DeterministicRuleCleaned,2026-09-10T13:59:15.186674+00:00
Punchd,Punchd,FutureTools,0.8,DeterministicRuleCleaned,2026-09-10T13:59:15.190467+00:00
Acadraw,Acadraw,FutureTools,0.8,DeterministicRuleCleaned,2026-09-10T13:59:15.193997+00:00
Promptpanda,Promptpanda,FutureTools,0.8,DeterministicRuleCleaned,2026-09-10T13:59:15.198698+00:00
Weavin,Weavin,FutureTools,0.8,DeterministicRuleCleaned,2026-09-10T13:59:15.204884+00:00
Paperchat,Paperchat,FutureTools,0.8,DeterministicRuleCleaned,2026-09-10T13:59:15.208972+00:00
Certping,Certping,FutureTools,0.8,DeterministicRuleCleaned,2026-09-10T13:59:15.212957+00:00
Hostinger,Hostinger,FutureTools,0.8,DeterministicRuleCleaned,2026-09-10T13:59:15.218672+00:00
Diffray,Diffray,FutureTools,0.8,DeterministicRuleCleaned,2026-09-10T13:59:15.223218+00:00
Sequenzy,Sequenzy,FutureTools,0.8,DeterministicRuleCleaned,2026-09-10T13:59:15.227229+00:00
Hi,Hi,FutureTools,0.8,DeterministicRuleCleaned,2026-09-10T13:59:15.229999+00:00
Readless,Readless,FutureTools,0.8,DeterministicRuleCleaned,2026-09-10T13:59:15.234823+00:00
Recallify,Recallify,FutureTools,0.8,DeterministicRuleCleaned,2026-09-10T13:59:15.240218+00:00
Invoiceagent,Invoiceagent,FutureTools,0.8,DeterministicRuleCleaned,2026-09-10T13:59:15.244510+00:00
Caffeine,Caffeine,FutureTools,0.8,DeterministicRuleCleaned,2026-09-10T13:59:15.248751+00:00
Logic,Logic,FutureTools,0.8,DeterministicRuleCleaned,2026-09-10T13:59:15.254520+00:00
Hoverbot,Hoverbot,FutureTools,0.8,DeterministicRuleCleaned,2026-09-10T13:59:15.258407+00:00
Arka,Arka,FutureTools,0.8,DeterministicRuleCleaned,2026-09-10T13:59:15.261606+00:00
Fastbreak,Fastbreak,FutureTools,0.8,DeterministicRuleCleaned,2026-09-10T13:59:15.265773+00:00
Yonoo,Yonoo,FutureTools,0.8,DeterministicRuleCleaned,2026-09-10T13:59:15.270898+00:00
Bitdive,Bitdive,FutureTools,0.8,DeterministicRuleCleaned,2026-09-10T13:59:15.274702+00:00
Leadde,Leadde,FutureTools,0.8,DeterministicRuleCleaned,2026-09-10T13:59:15.278265+00:00
Reelbase,Reelbase,FutureTools,0.8,DeterministicRuleCleaned,2026-09-10T13:59:15.282248+00:00
Youmind,Youmind,FutureTools,0.8,DeterministicRuleCleaned,2026-09-10T13:59:15.287912+00:00
Calton,Calton,FutureTools,0.8,DeterministicRuleCleaned,2026-09-10T13:59:15.291444+00:00
Bridgecall,Bridgecall,FutureTools,0.8,DeterministicRuleCleaned,2026-09-10T13:59:15.295681+00:00
Podmanager,Podmanager,FutureTools,0.8,DeterministicRuleCleaned,2026-09-10T13:59:15.300027+00:00
Arahi,Arahi,FutureTools,0.8,DeterministicRuleCleaned,2026-09-10T13:59:15.305507+00:00
Botsify,Botsify,FutureTools,0.8,DeterministicRuleCleaned,2026-09-10T13:59:15.309333+00:00
Supawazap,Supawazap,FutureTools,0.8,DeterministicRuleCleaned,2026-09-10T13:59:15.313287+00:00
Slidewhisper,Slidewhisper,FutureTools,0.8,DeterministicRuleCleaned,2026-09-10T13:59:15.318591+00:00
Email,Email,FutureTools,0.8,DeterministicRuleCleaned,2026-09-10T13:59:15.322493+00:00
Deeprails,Deeprails,FutureTools,0.8,DeterministicRuleCleaned,2026-09-10T13:59:15.329055+00:00
Marimo,Marimo,FutureTools,0.8,DeterministicRuleCleaned,2026-09-10T13:59:15.332665+00:00
Goveagle,Goveagle,FutureTools,0.8,DeterministicRuleCleaned,2026-09-10T13:59:15.338307+00:00
Vowen,Vowen,FutureTools,0.8,DeterministicRuleCleaned,2026-09-10T13:59:15.342187+00:00
Testsprite,Testsprite,FutureTools,0.8,DeterministicRuleCleaned,2026-09-10T13:59:15.346478+00:00
Coniva,Coniva,FutureTools,0.8,DeterministicRuleCleaned,2026-09-10T13:59:15.349866+00:00
Archiquill,Archiquill,FutureTools,0.8,DeterministicRuleCleaned,2026-09-10T13:59:15.356301+00:00
Salessage,Salessage,FutureTools,0.8,DeterministicRuleCleaned,2026-09-10T13:59:15.360353+00:00
Xurrent,Xurrent,FutureTools,0.8,DeterministicRuleCleaned,2026-09-10T13:59:15.363934+00:00
Tiktask,Tiktask,FutureTools,0.8,DeterministicRuleCleaned,2026-09-10T13:59:15.368859+00:00
Hypenest,Hypenest,FutureTools,0.8,DeterministicRuleCleaned,2026-09-10T13:59:15.373882+00:00
Lection,Lection,FutureTools,0.8,DeterministicRuleCleaned,2026-09-10T13:59:15.377783+00:00
Insightful,Insightful,FutureTools,0.8,DeterministicRuleCleaned,2026-09-10T13:59:15.381486+00:00
Kaicalls,Kaicalls,FutureTools,0.8,DeterministicRuleCleaned,2026-09-10T13:59:15.386913+00:00
Transcriptapi,Transcriptapi,FutureTools,0.8,DeterministicRuleCleaned,2026-09-10T13:59:15.392079+00:00
Patternaly,Patternaly,FutureTools,0.8,DeterministicRuleCleaned,2026-09-10T13:59:15.396583+00:00
Adps,Adps,FutureTools,0.8,DeterministicRuleCleaned,2026-09-10T13:59:15.399580+00:00
Mavibot,Mavibot,FutureTools,0.8,DeterministicRuleCleaned,2026-09-10T13:59:15.405480+00:00
Streamoid,Streamoid,FutureTools,0.8,DeterministicRuleCleaned,2026-09-10T13:59:15.409873+00:00
Baselight,Baselight,FutureTools,0.8,DeterministicRuleCleaned,2026-09-10T13:59:15.414148+00:00
Guideless,Guideless,FutureTools,0.8,DeterministicRuleCleaned,2026-09-10T13:59:15.420024+00:00
Spell,Spell,FutureTools,0.8,DeterministicRuleCleaned,2026-09-10T13:59:15.423523+00:00
Fermi,Fermi,FutureTools,0.8,DeterministicRuleCleaned,2026-09-10T13:59:15.426986+00:00
We,We,FutureTools,0.8,DeterministicRuleCleaned,2026-09-10T13:59:15.429517+00:00
Dafthunk,Dafthunk,FutureTools,0.8,DeterministicRuleCleaned,2026-09-10T13:59:15.434562+00:00
Roomx,Roomx,FutureTools,0.8,DeterministicRuleCleaned,2026-09-10T13:59:15.438958+00:00
Commentions,Commentions,FutureTools,0.8,DeterministicRuleCleaned,2026-09-10T13:59:15.443164+00:00
Hypnotype,Hypnotype,FutureTools,0.8,DeterministicRuleCleaned,2026-09-10T13:59:15.446951+00:00
One,One,FutureTools,0.8,DeterministicRuleCleaned,2026-09-10T13:59:15.450882+00:00
Devgraph,Devgraph,FutureTools,0.8,DeterministicRuleCleaned,2026-09-10T13:59:15.456111+00:00
Meltplan,Meltplan,FutureTools,0.8,DeterministicRuleCleaned,2026-09-10T13:59:15.460632+00:00
Waplify,Waplify,FutureTools,0.8,DeterministicRuleCleaned,2026-09-10T13:59:15.464604+00:00
Brightcall,Brightcall,FutureTools,0.8,DeterministicRuleCleaned,2026-09-10T13:59:15.471234+00:00
Cloudgo,Cloudgo,FutureTools,0.8,DeterministicRuleCleaned,2026-09-10T13:59:15.474578+00:00
Grella,Grella,FutureTools,0.8,DeterministicRuleCleaned,2026-09-10T13:59:15.478228+00:00
Braingrid,Braingrid,FutureTools,0.8,DeterministicRuleCleaned,2026-09-10T13:59:15.482181+00:00
Loki,Loki,FutureTools,0.8,DeterministicRuleCleaned,2026-09-10T13:59:15.487062+00:00
Compyle,Compyle,FutureTools,0.8,DeterministicRuleCleaned,2026-09-10T13:59:15.490929+00:00
Cruxi,Cruxi,FutureTools,0.8,DeterministicRuleCleaned,2026-09-10T13:59:15.494251+00:00
Ad,Ad,FutureTools,0.8,DeterministicRuleCleaned,2026-09-10T13:59:15.496929+00:00
Repedge,Repedge,FutureTools,0.8,DeterministicRuleCleaned,2026-09-10T13:59:15.501487+00:00
Promptguard,Promptguard,FutureTools,0.8,DeterministicRuleCleaned,2026-09-10T13:59:15.507031+00:00
Niti,Niti,FutureTools,0.8,DeterministicRuleCleaned,2026-09-10T13:59:15.510356+00:00
Medally,Medally,FutureTools,0.8,DeterministicRuleCleaned,2026-09-10T13:59:15.514137+00:00
Dor,Dor,FutureTools,0.8,DeterministicRuleCleaned,2026-09-10T13:59:15.517998+00:00
Sup,Sup,FutureTools,0.8,DeterministicRuleCleaned,2026-09-10T13:59:15.521702+00:00
Textdeck,Textdeck,FutureTools,0.8,DeterministicRuleCleaned,2026-09-10T13:59:15.525414+00:00
Subject,Subject,FutureTools,0.8,DeterministicRuleCleaned,2026-09-10T13:59:15.529167+00:00
Sociavault,Sociavault,FutureTools,0.8,DeterministicRuleCleaned,2026-09-10T13:59:15.533407+00:00
Autohive,Autohive,FutureTools,0.8,DeterministicRuleCleaned,2026-09-10T13:59:15.539546+00:00
Tenets,Tenets,FutureTools,0.8,DeterministicRuleCleaned,2026-09-10T13:59:15.543378+00:00
Faq,Faq,FutureTools,0.8,DeterministicRuleCleaned,2026-09-10T13:59:15.546371+00:00
Autosend,Autosend,FutureTools,0.8,DeterministicRuleCleaned,2026-09-10T13:59:15.551434+00:00
Liquiflow,Liquiflow,FutureTools,0.8,DeterministicRuleCleaned,2026-09-10T13:59:15.556276+00:00
Featureshark,Featureshark,FutureTools,0.8,DeterministicRuleCleaned,2026-09-10T13:59:15.560991+00:00
Myclone,Myclone,FutureTools,0.8,DeterministicRuleCleaned,2026-09-10T13:59:15.564551+00:00
Auteng,Auteng,FutureTools,0.8,DeterministicRuleCleaned,2026-09-10T13:59:15.570130+00:00
Skene,Skene,FutureTools,0.8,DeterministicRuleCleaned,2026-09-10T13:59:15.574093+00:00
Mybusinessflow,Mybusinessflow,FutureTools,0.8,DeterministicRuleCleaned,2026-09-10T13:59:15.578603+00:00
Bloom,Bloom,FutureTools,0.8,DeterministicRuleCleaned,2026-09-10T13:59:15.581584+00:00
Appwizzy,Appwizzy,FutureTools,0.8,DeterministicRuleCleaned,2026-09-10T13:59:15.587230+00:00
Zest,Zest,FutureTools,0.8,DeterministicRuleCleaned,2026-09-10T13:59:15.590385+00:00
Aira,Aira,FutureTools,0.8,DeterministicRuleCleaned,2026-09-10T13:59:15.593460+00:00
Agentive,Agentive,FutureTools,0.8,DeterministicRuleCleaned,2026-09-10T13:59:15.747277+00:00
Codeprot,Codeprot,FutureTools,0.8,DeterministicRuleCleaned,2026-09-10T13:59:15.752455+00:00
Monsterops,Monsterops,FutureTools,0.8,DeterministicRuleCleaned,2026-09-10T13:59:15.757179+00:00
Debuggai,Debuggai,FutureTools,0.8,DeterministicRuleCleaned,2026-09-10T13:59:15.761124+00:00
Didoo,Didoo,FutureTools,0.8,DeterministicRuleCleaned,2026-09-10T13:59:15.764288+00:00
Blendedcal,Blendedcal,FutureTools,0.8,DeterministicRuleCleaned,2026-09-10T13:59:15.770657+00:00
Zerothreat,Zerothreat,FutureTools,0.8,DeterministicRuleCleaned,2026-09-10T13:59:15.775314+00:00
Shopos,Shopos,FutureTools,0.8,DeterministicRuleCleaned,2026-09-10T13:59:15.778545+00:00
Usertrace,Usertrace,FutureTools,0.8,DeterministicRuleCleaned,2026-09-10T13:59:15.782735+00:00
Email,Email,FutureTools,0.8,DeterministicRuleCleaned,2026-09-10T13:59:15.788191+00:00
Everdone,Everdone,FutureTools,0.8,DeterministicRuleCleaned,2026-09-10T13:59:15.792086+00:00
Youware,Youware,FutureTools,0.8,DeterministicRuleCleaned,2026-09-10T13:59:15.795873+00:00
Cosupport,Cosupport,FutureTools,0.8,DeterministicRuleCleaned,2026-09-10T13:59:15.799549+00:00
Thematic,Thematic,FutureTools,0.8,DeterministicRuleCleaned,2026-09-10T13:59:15.806578+00:00
Rewnue,Rewnue,FutureTools,0.8,DeterministicRuleCleaned,2026-09-10T13:59:15.810307+00:00
Ordinal,Ordinal,FutureTools,0.8,DeterministicRuleCleaned,2026-09-10T13:59:15.814128+00:00
Evechange,Evechange,FutureTools,0.8,DeterministicRuleCleaned,2026-09-10T13:59:15.820033+00:00
Ori,Ori,FutureTools,0.8,DeterministicRuleCleaned,2026-09-10T13:59:15.823012+00:00
Gaffa,Gaffa,FutureTools,0.8,DeterministicRuleCleaned,2026-09-10T13:59:15.826318+00:00
Utmguard,Utmguard,FutureTools,0.8,DeterministicRuleCleaned,2026-09-10T13:59:15.830070+00:00
Velt,Velt,FutureTools,0.8,DeterministicRuleCleaned,2026-09-10T13:59:15.834031+00:00
Plurality,Plurality,FutureTools,0.8,DeterministicRuleCleaned,2026-09-10T13:59:15.840269+00:00
Emdash,Emdash,FutureTools,0.8,DeterministicRuleCleaned,2026-09-10T13:59:15.843783+00:00
Evermind,Evermind,FutureTools,0.8,DeterministicRuleCleaned,2026-09-10T13:59:15.847795+00:00
Cospace,Cospace,FutureTools,0.8,DeterministicRuleCleaned,2026-09-10T13:59:15.853123+00:00
Alloy,Alloy,FutureTools,0.8,DeterministicRuleCleaned,2026-09-10T13:59:15.856421+00:00
Uxmagic,Uxmagic,FutureTools,0.8,DeterministicRuleCleaned,2026-09-10T13:59:15.860190+00:00
Genaraera,Genaraera,FutureTools,0.8,DeterministicRuleCleaned,2026-09-10T13:59:15.864594+00:00
Astron,Astron,FutureTools,0.8,DeterministicRuleCleaned,2026-09-10T13:59:15.872302+00:00
Nodeland,Nodeland,FutureTools,0.8,DeterministicRuleCleaned,2026-09-10T13:59:15.876435+00:00
Rootlenses,Rootlenses,FutureTools,0.8,DeterministicRuleCleaned,2026-09-10T13:59:15.882429+00:00
Atono,Atono,FutureTools,0.8,DeterministicRuleCleaned,2026-09-10T13:59:15.887675+00:00
Starzero,Starzero,FutureTools,0.8,DeterministicRuleCleaned,2026-09-10T13:59:15.891585+00:00
Google,Google,FutureTools,0.8,DeterministicRuleCleaned,2026-09-10T13:59:15.895169+00:00
2Wai,2Wai,FutureTools,0.8,DeterministicRuleCleaned,2026-09-10T13:59:15.898173+00:00
Leni,Leni,FutureTools,0.8,DeterministicRuleCleaned,2026-09-10T13:59:15.902780+00:00
Kipps,Kipps,FutureTools,0.8,DeterministicRuleCleaned,2026-09-10T13:59:15.906671+00:00
Inboxparser,Inboxparser,FutureTools,0.8,DeterministicRuleCleaned,2026-09-10T13:59:15.911179+00:00
Hiver,Hiver,FutureTools,0.8,DeterministicRuleCleaned,2026-09-10T13:59:15.914698+00:00
Postsyncer,Postsyncer,FutureTools,0.8,DeterministicRuleCleaned,2026-09-10T13:59:15.920931+00:00
Thread,Thread,FutureTools,0.8,DeterministicRuleCleaned,2026-09-10T13:59:15.924843+00:00
Requisor,Requisor,FutureTools,0.8,DeterministicRuleCleaned,2026-09-10T13:59:15.929951+00:00
Anyreach,Anyreach,FutureTools,0.8,DeterministicRuleCleaned,2026-09-10T13:59:15.934905+00:00
Pageon,Pageon,FutureTools,0.8,DeterministicRuleCleaned,2026-09-10T13:59:15.939288+00:00
Vezlo,Vezlo,FutureTools,0.8,DeterministicRuleCleaned,2026-09-10T13:59:15.942629+00:00
Marble,Marble,FutureTools,0.8,DeterministicRuleCleaned,2026-09-10T13:59:15.946212+00:00
Openlayer,Openlayer,FutureTools,0.8,DeterministicRuleCleaned,2026-09-10T13:59:15.953522+00:00
Coldi,Coldi,FutureTools,0.8,DeterministicRuleCleaned,2026-09-10T13:59:15.957345+00:00
Fuser,Fuser,FutureTools,0.8,DeterministicRuleCleaned,2026-09-10T13:59:15.961188+00:00
Cookiy,Cookiy,FutureTools,0.8,DeterministicRuleCleaned,2026-09-10T13:59:15.964504+00:00
NOPE,NOPE,RemoteOK,0.8,DeterministicRuleCleaned,2026-09-10T13:59:36.225670+00:00
iMerit Technology,iMerit,RemoteOK,0.8,DeterministicRuleCleaned,2026-09-10T13:59:36.233100+00:00
Empire Assets,Empire Assets,RemoteOK,0.8,DeterministicRuleCleaned,2026-09-10T13:59:36.238319+00:00
ReLytics Hire,ReLytics Hire,RemoteOK,0.8,DeterministicRuleCleaned,2026-09-10T13:59:36.243527+00:00
Crypto.com,Crypto.Com,RemoteOK,0.8,DeterministicRuleCleaned,2026-09-10T13:59:36.249320+00:00
RecruitGo Careers,RecruitGo Careers,RemoteOK,0.8,DeterministicRuleCleaned,2026-09-10T13:59:36.255572+00:00
RECSEEKERS,RECSEEKERS,RemoteOK,0.8,DeterministicRuleCleaned,2026-09-10T13:59:36.259682+00:00
Swoon,Swoon,RemoteOK,0.8,DeterministicRuleCleaned,2026-09-10T13:59:36.262898+00:00
"Mast-JÃ¤germeister US, Inc.","Mast-JÃ¤germeister US,",RemoteOK,0.8,DeterministicRuleCleaned,2026-09-10T13:59:36.271381+00:00
Blackstone Talent Group,Blackstone Talent Group,RemoteOK,0.8,DeterministicRuleCleaned,2026-09-10T13:59:36.277757+00:00
Crypto.com,Crypto.Com,RemoteOK,0.8,DeterministicRuleCleaned,2026-09-10T13:59:36.283655+00:00
Zenius Corporation,Zenius,RemoteOK,0.8,DeterministicRuleCleaned,2026-09-10T13:59:36.289622+00:00
Archinect,Archinect,RemoteOK,0.8,DeterministicRuleCleaned,2026-09-10T13:59:36.293832+00:00
CuraSenseAI,CuraSenseAI,RemoteOK,0.8,DeterministicRuleCleaned,2026-09-10T13:59:36.300360+00:00
Grido,Grido,RemoteOK,0.8,DeterministicRuleCleaned,2026-09-10T13:59:36.304174+00:00
Queen Katharine Academy,Queen Katharine Academy,RemoteOK,0.8,DeterministicRuleCleaned,2026-09-10T13:59:36.310760+00:00
TUS Media,TUS Media,RemoteOK,0.8,DeterministicRuleCleaned,2026-09-10T13:59:36.317117+00:00
RubyPlay,RubyPlay,RemoteOK,0.8,DeterministicRuleCleaned,2026-09-10T13:59:36.321075+00:00
Acclaim AI,Acclaim AI,RemoteOK,0.8,DeterministicRuleCleaned,2026-09-10T13:59:36.325320+00:00
Neutrality,Neutrality,RemoteOK,0.8,DeterministicRuleCleaned,2026-09-10T13:59:36.329786+00:00
COBS Bread,COBS Bread,RemoteOK,0.8,DeterministicRuleCleaned,2026-09-10T13:59:36.372480+00:00
Tremendous,Tremendous,RemoteOK,0.8,DeterministicRuleCleaned,2026-09-10T13:59:36.388548+00:00
Top Aces,Top Aces,RemoteOK,0.8,DeterministicRuleCleaned,2026-09-10T13:59:36.402594+00:00
Rentokil Initial,Rentokil Initial,RemoteOK,0.8,DeterministicRuleCleaned,2026-09-10T13:59:36.408316+00:00
TUS Media,TUS Media,RemoteOK,0.8,DeterministicRuleCleaned,2026-09-10T13:59:36.412693+00:00
TUS Media,TUS Media,RemoteOK,0.8,DeterministicRuleCleaned,2026-09-10T13:59:36.418742+00:00
adm Indicia,adm Indicia,RemoteOK,0.8,DeterministicRuleCleaned,2026-09-10T13:59:36.423157+00:00
RockawayX,RockawayX,RemoteOK,0.8,DeterministicRuleCleaned,2026-09-10T13:59:36.427126+00:00
Liquid AI,Liquid AI,RemoteOK,0.8,DeterministicRuleCleaned,2026-09-10T13:59:36.432966+00:00
"Contact Government Services, LLC",Contact Government Services,RemoteOK,0.8,DeterministicRuleCleaned,2026-09-10T13:59:36.440605+00:00
BYOUNG Social Media Co.,BYOUNG Social Media,RemoteOK,0.8,DeterministicRuleCleaned,2026-09-10T13:59:36.447359+00:00
PANROTAS,PANROTAS,RemoteOK,0.8,DeterministicRuleCleaned,2026-09-10T13:59:36.453021+00:00
Reflection,Reflection,RemoteOK,0.8,DeterministicRuleCleaned,2026-09-10T13:59:36.457451+00:00
Cohere,Cohere,RemoteOK,1.0,ExactSeedMatch,2026-09-10T13:59:36.457577+00:00
Milskil,Milskil,RemoteOK,0.8,DeterministicRuleCleaned,2026-09-10T13:59:36.461458+00:00
Invisible Agency,Invisible Agency,RemoteOK,0.8,DeterministicRuleCleaned,2026-09-10T13:59:36.467778+00:00
Papa Johns,Papa Johns,RemoteOK,0.8,DeterministicRuleCleaned,2026-09-10T13:59:36.472490+00:00
Papa Johns,Papa Johns,RemoteOK,0.8,DeterministicRuleCleaned,2026-09-10T13:59:36.477289+00:00
Amentum,Amentum,RemoteOK,0.8,DeterministicRuleCleaned,2026-09-10T13:59:36.482038+00:00
Cosuno,Cosuno,RemoteOK,0.8,DeterministicRuleCleaned,2026-09-10T13:59:36.485918+00:00
YO IT Consulting,YO IT Consulting,RemoteOK,0.8,DeterministicRuleCleaned,2026-09-10T13:59:36.491240+00:00
YO IT Consulting,YO IT Consulting,RemoteOK,0.8,DeterministicRuleCleaned,2026-09-10T13:59:36.496359+00:00
Kalepa,Kalepa,RemoteOK,0.8,DeterministicRuleCleaned,2026-09-10T13:59:36.501206+00:00
BrewDog,BrewDog,RemoteOK,0.8,DeterministicRuleCleaned,2026-09-10T13:59:36.504847+00:00
Adani Airport Holdings Ltd,Adani Airport Holdings,RemoteOK,0.8,DeterministicRuleCleaned,2026-09-10T13:59:36.511325+00:00
Adani Airport Holdings Ltd,Adani Airport Holdings,RemoteOK,0.8,DeterministicRuleCleaned,2026-09-10T13:59:36.518964+00:00
Adani Airport Holdings Ltd,Adani Airport Holdings,RemoteOK,0.8,DeterministicRuleCleaned,2026-09-10T13:59:36.525568+00:00
Glia,Glia,RemoteOK,0.8,DeterministicRuleCleaned,2026-09-10T13:59:36.528922+00:00
Wealthsimple Technologies,Wealthsimple,RemoteOK,0.8,DeterministicRuleCleaned,2026-09-10T13:59:36.537328+00:00
Phaidra,Phaidra,RemoteOK,0.8,DeterministicRuleCleaned,2026-09-10T13:59:36.541199+00:00
Genomenon,Genomenon,RemoteOK,0.8,DeterministicRuleCleaned,2026-09-10T13:59:36.545248+00:00
Covera Health,Covera Health,RemoteOK,0.8,DeterministicRuleCleaned,2026-09-10T13:59:36.551704+00:00
Natera,Natera,RemoteOK,0.8,DeterministicRuleCleaned,2026-09-10T13:59:36.555646+00:00
Calyxo,Calyxo,RemoteOK,0.8,DeterministicRuleCleaned,2026-09-10T13:59:36.558960+00:00
Brandtech+,Brandtech+,RemoteOK,0.8,DeterministicRuleCleaned,2026-09-10T13:59:36.563101+00:00
Ecommerce Media,Ecommerce Media,RemoteOK,0.8,DeterministicRuleCleaned,2026-09-10T13:59:36.569738+00:00
Brainlabs,Brainlabs,RemoteOK,0.8,DeterministicRuleCleaned,2026-09-10T13:59:36.573790+00:00
Adani Airport Holdings Ltd,Adani Airport Holdings,RemoteOK,0.8,DeterministicRuleCleaned,2026-09-10T13:59:36.580323+00:00
CipherHealth,CipherHealth,RemoteOK,0.8,DeterministicRuleCleaned,2026-09-10T13:59:36.586344+00:00
Buckeye Partners,Buckeye Partners,RemoteOK,0.8,DeterministicRuleCleaned,2026-09-10T13:59:36.591619+00:00
Greenhouse,Greenhouse,RemoteOK,0.8,DeterministicRuleCleaned,2026-09-10T13:59:36.595929+00:00
Correlation One,Correlation One,RemoteOK,0.8,DeterministicRuleCleaned,2026-09-10T13:59:36.602788+00:00
Noctrix Health,Noctrix Health,RemoteOK,0.8,DeterministicRuleCleaned,2026-09-10T13:59:36.607778+00:00
Sorcero,Sorcero,RemoteOK,0.8,DeterministicRuleCleaned,2026-09-10T13:59:36.611444+00:00
Chipotle Mexican Grill,Chipotle Mexican Grill,RemoteOK,0.8,DeterministicRuleCleaned,2026-09-10T13:59:36.619142+00:00
saas.group,Saas.Group,RemoteOK,0.8,DeterministicRuleCleaned,2026-09-10T13:59:36.623497+00:00
YO IT Consulting,YO IT Consulting,RemoteOK,0.8,DeterministicRuleCleaned,2026-09-10T13:59:36.628539+00:00
Invisible Agency,Invisible Agency,RemoteOK,0.8,DeterministicRuleCleaned,2026-09-10T13:59:36.634856+00:00
Everlaw,Everlaw,RemoteOK,0.8,DeterministicRuleCleaned,2026-09-10T13:59:36.638789+00:00
Arize AI,Arize AI,RemoteOK,0.8,DeterministicRuleCleaned,2026-09-10T13:59:36.642929+00:00
YO IT Consulting,YO IT Consulting,RemoteOK,0.8,DeterministicRuleCleaned,2026-09-10T13:59:36.649570+00:00
YO IT Consulting,YO IT Consulting,RemoteOK,0.8,DeterministicRuleCleaned,2026-09-10T13:59:36.654702+00:00
Prolific Academic Ltd,Prolific Academic,RemoteOK,0.8,DeterministicRuleCleaned,2026-09-10T13:59:36.660775+00:00
Heidi,Heidi,RemoteOK,0.8,DeterministicRuleCleaned,2026-09-10T13:59:36.665857+00:00
Haast,Haast,RemoteOK,0.8,DeterministicRuleCleaned,2026-09-10T13:59:36.669380+00:00
Paragon,Paragon,RemoteOK,0.8,DeterministicRuleCleaned,2026-09-10T13:59:36.673230+00:00
Jusbrasil,Jusbrasil,RemoteOK,0.8,DeterministicRuleCleaned,2026-09-10T13:59:36.677614+00:00
"Credit Wellness, LLC",Credit Wellness,Remotive,0.8,DeterministicRuleCleaned,2026-09-10T13:59:36.982324+00:00
Unio Digital,Unio Digital,Remotive,0.8,DeterministicRuleCleaned,2026-09-10T13:59:36.987089+00:00
Creative Force,Creative Force,Remotive,0.8,DeterministicRuleCleaned,2026-09-10T13:59:36.992107+00:00
Creative Force,Creative Force,Remotive,0.8,DeterministicRuleCleaned,2026-09-10T13:59:36.998156+00:00
IAPWE,IAPWE,Remotive,0.8,DeterministicRuleCleaned,2026-09-10T13:59:37.001943+00:00
Coalition Technologies,Coalition,Remotive,0.8,DeterministicRuleCleaned,2026-09-10T13:59:37.007719+00:00
Lemon.io,Lemon.Io,Remotive,0.8,DeterministicRuleCleaned,2026-09-10T13:59:37.011680+00:00
Lemon.io,Lemon.Io,Remotive,0.8,DeterministicRuleCleaned,2026-09-10T13:59:37.017790+00:00
Lemon.io,Lemon.Io,Remotive,0.8,DeterministicRuleCleaned,2026-09-10T13:59:37.021873+00:00
TELUS Digital,TELUS Digital,Remotive,0.8,DeterministicRuleCleaned,2026-09-10T13:59:37.026925+00:00
Lemon.io,Lemon.Io,Remotive,0.8,DeterministicRuleCleaned,2026-09-10T13:59:37.032708+00:00
Lemon.io,Lemon.Io,Remotive,0.8,DeterministicRuleCleaned,2026-09-10T13:59:37.036941+00:00
A.Team,A.Team,Remotive,0.8,DeterministicRuleCleaned,2026-09-10T13:59:37.040568+00:00
A.Team,A.Team,Remotive,0.8,DeterministicRuleCleaned,2026-09-10T13:59:37.044163+00:00
garden3d,Garden3D,Remotive,0.8,DeterministicRuleCleaned,2026-09-10T13:59:37.050057+00:00
Mitre Media,Mitre Media,Remotive,0.8,DeterministicRuleCleaned,2026-09-10T13:59:37.054748+00:00
TELUS Digital,TELUS Digital,Remotive,0.8,DeterministicRuleCleaned,2026-09-10T13:59:37.059828+00:00
Coalition Technologies,Coalition,Remotive,0.8,DeterministicRuleCleaned,2026-09-10T13:59:37.067337+00:00
Aker Systems,Aker,WeWorkRemotely,0.8,DeterministicRuleCleaned,2026-09-10T13:59:37.722104+00:00
Happyco,Happyco,WeWorkRemotely,0.8,DeterministicRuleCleaned,2026-09-10T13:59:37.725915+00:00
Zeta Global,Zeta Global,WeWorkRemotely,0.8,DeterministicRuleCleaned,2026-09-10T13:59:37.732501+00:00
Zeta Global,Zeta Global,WeWorkRemotely,0.8,DeterministicRuleCleaned,2026-09-10T13:59:37.737365+00:00
Coderio,Coderio,WeWorkRemotely,0.8,DeterministicRuleCleaned,2026-09-10T13:59:37.741101+00:00
Summa Linguae Technologies,Summa Linguae,WeWorkRemotely,0.8,DeterministicRuleCleaned,2026-09-10T13:59:37.749904+00:00
Myneva,Myneva,WeWorkRemotely,0.8,DeterministicRuleCleaned,2026-09-10T13:59:37.753610+00:00
Charisma-tec,Charisma-Tec,WeWorkRemotely,0.8,DeterministicRuleCleaned,2026-09-10T13:59:37.758550+00:00
Edfinity,Edfinity,WeWorkRemotely,0.8,DeterministicRuleCleaned,2026-09-10T13:59:37.763201+00:00
Toptal,Toptal,WeWorkRemotely,0.8,DeterministicRuleCleaned,2026-09-10T13:59:37.768130+00:00
Samsara,Samsara,WeWorkRemotely,0.8,DeterministicRuleCleaned,2026-09-10T13:59:37.771874+00:00
Collaboration.Ai,Collaboration.Ai,WeWorkRemotely,0.8,DeterministicRuleCleaned,2026-09-10T13:59:37.777368+00:00
Collaboration.Ai,Collaboration.Ai,WeWorkRemotely,0.8,DeterministicRuleCleaned,2026-09-10T13:59:37.784386+00:00
Vercel,Vercel,WeWorkRemotely,0.8,DeterministicRuleCleaned,2026-09-10T13:59:37.788235+00:00
Vercel,Vercel,WeWorkRemotely,0.8,DeterministicRuleCleaned,2026-09-10T13:59:37.791844+00:00
Hightouch,Hightouch,WeWorkRemotely,0.8,DeterministicRuleCleaned,2026-09-10T13:59:37.796697+00:00
OKX,OKX,WeWorkRemotely,0.8,DeterministicRuleCleaned,2026-09-10T13:59:37.800596+00:00
ZoomInfo Technologies LLC,ZoomInfo,WeWorkRemotely,0.8,DeterministicRuleCleaned,2026-09-10T13:59:37.807068+00:00
Proxify AB,Proxify AB,WeWorkRemotely,0.8,DeterministicRuleCleaned,2026-09-10T13:59:37.811632+00:00
Proxify AB,Proxify AB,WeWorkRemotely,0.8,DeterministicRuleCleaned,2026-09-10T13:59:37.818331+00:00
Proxify AB,Proxify AB,WeWorkRemotely,0.8,DeterministicRuleCleaned,2026-09-10T13:59:37.822964+00:00
Toptal,Toptal,WeWorkRemotely,0.8,DeterministicRuleCleaned,2026-09-10T13:59:37.826632+00:00
Toptal,Toptal,WeWorkRemotely,0.8,DeterministicRuleCleaned,2026-09-10T13:59:37.831813+00:00
Sticker Mule,Sticker Mule,WeWorkRemotely,0.8,DeterministicRuleCleaned,2026-09-10T13:59:37.836779+00:00
Mercury,Mercury,WeWorkRemotely,0.8,DeterministicRuleCleaned,2026-09-10T13:59:37.840446+00:00
AI Venture,AI Venture,HN Who is Hiring,0.8,DeterministicRuleCleaned,2026-09-10T13:59:38.716434+00:00
AI Venture,AI Venture,HN Who is Hiring,0.8,DeterministicRuleCleaned,2026-09-10T13:59:38.721183+00:00
AI Venture,AI Venture,HN Who is Hiring,0.8,DeterministicRuleCleaned,2026-09-10T13:59:38.725466+00:00
AI Venture,AI Venture,HN Who is Hiring,0.8,DeterministicRuleCleaned,2026-09-10T13:59:38.731144+00:00
AI Venture,AI Venture,HN Who is Hiring,0.8,DeterministicRuleCleaned,2026-09-10T13:59:38.735758+00:00
AI Venture,AI Venture,HN Who is Hiring,0.8,DeterministicRuleCleaned,2026-09-10T13:59:38.740574+00:00
AI Venture,AI Venture,HN Who is Hiring,0.8,DeterministicRuleCleaned,2026-09-10T13:59:38.746242+00:00
AI Venture,AI Venture,HN Who is Hiring,0.8,DeterministicRuleCleaned,2026-09-10T13:59:38.751328+00:00
AI Venture,AI Venture,HN Who is Hiring,0.8,DeterministicRuleCleaned,2026-09-10T13:59:38.755705+00:00
Netrias,Netrias,HN Who is Hiring,0.8,DeterministicRuleCleaned,2026-09-10T13:59:38.760122+00:00
AI Venture,AI Venture,HN Who is Hiring,0.8,DeterministicRuleCleaned,2026-09-10T13:59:38.766610+00:00
