schemaVersion,recordType,content.title,content.authors,content.paper_url,content.github_url,content.github_stars,content.published_date,collectedAt
1.0,RESEARCH_PAPER,Odyssey: A Public GPU-Based Code for General-Relativistic Radiative Transfer in Kerr Spacetime,"Hung-Yi Pu, Kiyun Yun, Ziri Younsi, Suk-Jin Yoon",https://arxiv.org/abs/1601.02063v2,https://github.com/LeonGeiger/Kerr,572,2016-01-09T02:34:35Z,2026-09-10T13:59:16.582973+00:00
1.0,RESEARCH_PAPER,Efficient leave-one-out cross-validation for Bayesian non-factorized normal and Student-t models,"Paul-Christian Bürkner, Jonah Gabry, Aki Vehtari",https://arxiv.org/abs/1810.10559v5,https://github.com/paul-buerkner/psis-non-factorized-paper,2232,2018-10-24T18:03:36Z,2026-09-10T13:59:16.583145+00:00
1.0,RESEARCH_PAPER,AttnGAN: Fine-Grained Text to Image Generation with Attentional Generative Adversarial Networks,"Tao Xu, Pengchuan Zhang, Qiuyuan Huang, Han Zhang, Zhe Gan, Xiaolei Huang, Xiaodong He",http://arxiv.org/abs/1711.10485v1,https://github.com/bprabhakar/text-to-image,254,2017-11-28T18:59:50Z,2026-09-10T13:59:16.583173+00:00
1.0,RESEARCH_PAPER,Photo-Realistic Single Image Super-Resolution Using a Generative Adversarial Network,"Christian Ledig, Lucas Theis, Ferenc Huszar, Jose Caballero, Andrew Cunningham, Alejandro Acosta, Andrew Aitken, Alykhan Tejani, Johannes Totz, Zehan Wang, Wenzhe Shi",http://arxiv.org/abs/1609.04802v5,https://github.com/2023-MindSpore-1/ms-code-210/tree/main/CSNL,2171,2016-09-15T19:53:07Z,2026-09-10T13:59:16.583230+00:00
1.0,RESEARCH_PAPER,Distilling Interpretable Models into Human-Readable Code,"Walker Ravina, Ethan Sterling, Olexiy Oryeshko, Nathan Bell, Honglei Zhuang, Xuanhui Wang, Yonghui Wu, Alexander Grushetsky",https://arxiv.org/abs/2101.08393v2,https://github.com/google/pwlfit,4293,2021-01-21T01:46:36Z,2026-09-10T13:59:16.583255+00:00
1.0,RESEARCH_PAPER,Wide Residual Networks,"Sergey Zagoruyko, Nikos Komodakis",http://arxiv.org/abs/1605.07146v4,https://github.com/epfl-ml-reproducers/subspace-attack-reproduction,883,2016-05-23T19:27:13Z,2026-09-10T13:59:16.583276+00:00
1.0,RESEARCH_PAPER,Show and Tell: Lessons learned from the 2015 MSCOCO Image Captioning Challenge,"Oriol Vinyals, Alexander Toshev, Samy Bengio, Dumitru Erhan",http://arxiv.org/abs/1609.06647v1,https://github.com/HughKu/Im2txt,908,2016-09-21T17:40:57Z,2026-09-10T13:59:16.583293+00:00
1.0,RESEARCH_PAPER,A Wavenet for Speech Denoising,"Dario Rethage, Jordi Pons, Xavier Serra",http://arxiv.org/abs/1706.07162v3,https://github.com/francesclluis/source-separation-wavenet,817,2017-06-22T04:13:43Z,2026-09-10T13:59:16.583309+00:00
1.0,RESEARCH_PAPER,StackGAN++: Realistic Image Synthesis with Stacked Generative Adversarial Networks,"Han Zhang, Tao Xu, Hongsheng Li, Shaoting Zhang, Xiaogang Wang, Xiaolei Huang, Dimitris Metaxas",http://arxiv.org/abs/1710.10916v3,https://github.com/Maymaher/StackGANv2,506,2017-10-19T18:45:59Z,2026-09-10T13:59:16.583325+00:00
1.0,RESEARCH_PAPER,Towards K-means-friendly Spaces: Simultaneous Deep Learning and Clustering,"Bo Yang, Xiao Fu, Nicholas D. Sidiropoulos, Mingyi Hong",http://arxiv.org/abs/1610.04794v2,https://github.com/boyangumn/DCN,3972,2016-10-15T22:51:06Z,2026-09-10T13:59:16.583350+00:00
1.0,RESEARCH_PAPER,SimulaQron - A simulator for developing quantum internet software,"Axel Dahlberg, Stephanie Wehner",http://arxiv.org/abs/1712.08032v2,https://github.com/quantumprotocolzoo/protocols,875,2017-12-21T15:54:51Z,2026-09-10T13:59:16.583370+00:00
1.0,RESEARCH_PAPER,Online Deep Learning: Learning Deep Neural Networks on the Fly,"Doyen Sahoo, Quang Pham, Jing Lu, Steven C. H. Hoi",http://arxiv.org/abs/1711.03705v1,https://github.com/LIBOL/ODL,3040,2017-11-10T05:54:14Z,2026-09-10T13:59:16.583413+00:00
1.0,RESEARCH_PAPER,"Model Rubik's Cube: Twisting Resolution, Depth and Width for TinyNets","Kai Han, Yunhe Wang, Qiulin Zhang, Wei Zhang, Chunjing Xu, Tong Zhang",https://arxiv.org/abs/2010.14819v2,https://github.com/leondgarse/keras_cv_attention_models/tree/main/keras_cv_attention_models/mobilenetv3_family,786,2020-10-28T08:49:45Z,2026-09-10T13:59:16.583431+00:00
1.0,RESEARCH_PAPER,ArcticNet: A Deep Learning Solution to Classify Arctic Wetlands,"Ziyu Jiang, Kate Von Ness, Julie Loisel, Zhangyang Wang",https://arxiv.org/abs/1906.00133v1,https://github.com/geekJZY/arcticnet,6759,2019-06-01T02:40:47Z,2026-09-10T13:59:16.583449+00:00
1.0,RESEARCH_PAPER,Multi-Label Image Classification via Knowledge Distillation from Weakly-Supervised Detection,"Yongcheng Liu, Lu Sheng, Jing Shao, Junjie Yan, Shiming Xiang, Chunhong Pan",http://arxiv.org/abs/1809.05884v2,https://github.com/Yochengliu/MLIC-KD-WSD,2530,2018-09-16T14:35:03Z,2026-09-10T13:59:16.583525+00:00
1.0,RESEARCH_PAPER,Few-Shot Learning with Graph Neural Networks,"Victor Garcia, Joan Bruna",http://arxiv.org/abs/1711.04043v3,https://github.com/HoganZhang/few-shot-gnn,2109,2017-11-10T23:32:47Z,2026-09-10T13:59:16.583541+00:00
1.0,RESEARCH_PAPER,Generative Adversarial Networks,"Ian J. Goodfellow, Jean Pouget-Abadie, Mehdi Mirza, Bing Xu, David Warde-Farley, Sherjil Ozair, Aaron Courville, Yoshua Bengio",https://arxiv.org/abs/1406.2661v1,https://github.com/syahdeini/gan,722,2014-06-10T18:58:17Z,2026-09-10T13:59:16.583558+00:00
1.0,RESEARCH_PAPER,Mastering Chess and Shogi by Self-Play with a General Reinforcement Learning Algorithm,"David Silver, Thomas Hubert, Julian Schrittwieser, Ioannis Antonoglou, Matthew Lai, Arthur Guez, Marc Lanctot, Laurent Sifre, Dharshan Kumaran, Thore Graepel, Timothy Lillicrap, Karen Simonyan, Demis Hassabis",http://arxiv.org/abs/1712.01815v1,https://github.com/Neo-The1/ThinkingTicTacToe,2402,2017-12-05T18:45:38Z,2026-09-10T13:59:16.583579+00:00
1.0,RESEARCH_PAPER,Focal Loss for Dense Object Detection,"Tsung-Yi Lin, Priya Goyal, Ross Girshick, Kaiming He, Piotr Dollár",http://arxiv.org/abs/1708.02002v2,https://github.com/trongnghia00/darknet,3357,2017-08-07T06:32:42Z,2026-09-10T13:59:16.583595+00:00
1.0,RESEARCH_PAPER,Semi-Supervised Learning with Ladder Networks,"Antti Rasmus, Harri Valpola, Mikko Honkala, Mathias Berglund, Tapani Raiko",http://arxiv.org/abs/1507.02672v2,https://github.com/brandonrobertz/AcademicUrlTitles,481,2015-07-09T19:52:19Z,2026-09-10T13:59:16.583618+00:00
1.0,RESEARCH_PAPER,Co-designing for a Hybrid Workplace Experience in Software Development,"Zhendong Wang, Yi-Hung Chou, Kayla Fathi, Tobias Schimmer, Peter Colligan, David Redmiles, Rafael Prikladnicki",https://arxiv.org/abs/2212.09638v1,https://github.com/co-design-hybrid/co-design-hybrid,3495,2022-12-19T17:16:30Z,2026-09-10T13:59:16.583637+00:00
1.0,RESEARCH_PAPER,Towards Automated Deep Learning: Efficient Joint Neural Architecture and Hyperparameter Search,"Arber Zela, Aaron Klein, Stefan Falkner, Frank Hutter",http://arxiv.org/abs/1807.06906v1,https://github.com/arberzela/EfficientNAS,232,2018-07-18T13:11:08Z,2026-09-10T13:59:16.583656+00:00
1.0,RESEARCH_PAPER,Statistical Parametric Speech Synthesis Using Generative Adversarial Networks Under A Multi-task Learning Framework,"Shan Yang, Lei Xie, Xiao Chen, Xiaoyan Lou, Xuan Zhu, Dongyan Huang, Haizhou Li",http://arxiv.org/abs/1707.01670v2,https://github.com/rickyHong/GANTTS-update-repl,1841,2017-07-06T08:01:24Z,2026-09-10T13:59:16.583674+00:00
1.0,RESEARCH_PAPER,Perfect Sampling with Unitary Tensor Networks,"Andrew J. Ferris, Guifre Vidal",http://arxiv.org/abs/1201.3974v3,https://github.com/0/itensor-linear-rotors,2549,2012-01-19T05:43:20Z,2026-09-10T13:59:16.583692+00:00
1.0,RESEARCH_PAPER,Real-Time Single Image and Video Super-Resolution Using an Efficient Sub-Pixel Convolutional Neural Network,"Wenzhe Shi, Jose Caballero, Ferenc Huszár, Johannes Totz, Andrew P. Aitken, Rob Bishop, Daniel Rueckert, Zehan Wang",http://arxiv.org/abs/1609.05158v2,https://github.com/Nhat-Thanh/ESPCN-Pytorch,521,2016-09-16T17:58:14Z,2026-09-10T13:59:16.583711+00:00
1.0,RESEARCH_PAPER,A structured matrix factorization framework for large scale calcium imaging data analysis,"Eftychios A. Pnevmatikakis, Yuanjun Gao, Daniel Soudry, David Pfau, Clay Lacefield, Kira Poskanzer, Randy Bruno, Rafael Yuste, Liam Paninski",http://arxiv.org/abs/1409.2903v1,https://github.com/YGUO29/FANTASIA-CaImAn,1267,2014-09-09T21:25:59Z,2026-09-10T13:59:16.583729+00:00
1.0,RESEARCH_PAPER,Recent Trends in Deep Learning Based Natural Language Processing,"Tom Young, Devamanyu Hazarika, Soujanya Poria, Erik Cambria",http://arxiv.org/abs/1708.02709v8,https://github.com/ridakadri14/AspectBasedSentimentAnalysis,2018,2017-08-09T04:02:17Z,2026-09-10T13:59:16.583753+00:00
1.0,RESEARCH_PAPER,CVAE-GAN: Fine-Grained Image Generation through Asymmetric Training,"Jianmin Bao, Dong Chen, Fang Wen, Houqiang Li, Gang Hua",http://arxiv.org/abs/1703.10155v2,https://github.com/One-sixth/CVAE-GAN_tensorlayer,1692,2017-03-29T17:49:48Z,2026-09-10T13:59:16.583770+00:00
1.0,RESEARCH_PAPER,LIQUi|>: A Software Design Architecture and Domain-Specific Language for Quantum Computing,"Dave Wecker, Krysta M. Svore",http://arxiv.org/abs/1402.4467v1,https://github.com/hhy37/Liquid,2643,2014-02-18T20:46:01Z,2026-09-10T13:59:16.583785+00:00
1.0,RESEARCH_PAPER,Quantum algorithm for solving linear systems of equations,"Aram W. Harrow, Avinatan Hassidim, Seth Lloyd",http://arxiv.org/abs/0811.3171v3,https://github.com/hhy37/Liquid,2643,2008-11-19T20:36:41Z,2026-09-10T13:59:16.583802+00:00
1.0,RESEARCH_PAPER,The Temporal Event Graph,Andrew Mellor,http://arxiv.org/abs/1706.02128v1,https://github.com/empiricalstateofmind/eventgraphs,1395,2017-06-07T11:06:26Z,2026-09-10T13:59:16.583818+00:00
1.0,RESEARCH_PAPER,Inverse Problems in Asteroseismology,Earl Patrick Bellinger,http://arxiv.org/abs/1808.06649v1,https://github.com/earlbellinger/thesis,825,2018-08-20T18:43:52Z,2026-09-10T13:59:16.583834+00:00
1.0,RESEARCH_PAPER,Predictive Entropy Search for Efficient Global Optimization of Black-box Functions,"José Miguel Hernández-Lobato, Matthew W. Hoffman, Zoubin Ghahramani",http://arxiv.org/abs/1406.2541v1,https://github.com/chongkewu/PESC-HPC,2916,2014-06-10T13:29:09Z,2026-09-10T13:59:16.583850+00:00
1.0,RESEARCH_PAPER,Tencent ML-Images: A Large-Scale Multi-Label Image Database for Visual Representation Learning,"Baoyuan Wu, Weidong Chen, Yanbo Fan, Yong Zhang, Jinlong Hou, Jie Liu, Tong Zhang",https://arxiv.org/abs/1901.01703v7,https://github.com/Tencent/tencent-ml-images,7077,2019-01-07T08:35:15Z,2026-09-10T13:59:16.583867+00:00
1.0,RESEARCH_PAPER,Visual Relationship Detection with Language prior and Softmax,"Jaewon Jung, Jongyoul Park",http://arxiv.org/abs/1904.07798v1,https://github.com/Jungjaewon/Visual-Relationship-Detection,3294,2019-04-16T16:29:52Z,2026-09-10T13:59:16.583883+00:00
1.0,RESEARCH_PAPER,End-To-End Memory Networks,"Sainbayar Sukhbaatar, Arthur Szlam, Jason Weston, Rob Fergus",http://arxiv.org/abs/1503.08895v5,https://github.com/dare0021/MemN2N_Bench,2257,2015-03-31T03:05:37Z,2026-09-10T13:59:16.583900+00:00
1.0,RESEARCH_PAPER,Towards High Performance Video Object Detection for Mobiles,"Xizhou Zhu, Jifeng Dai, Xingchi Zhu, Yichen Wei, Lu Yuan",http://arxiv.org/abs/1804.05830v1,https://github.com/stanlee321/LightFlow-TensorFlow,2530,2018-04-16T17:59:36Z,2026-09-10T13:59:16.583916+00:00
1.0,RESEARCH_PAPER,Multimodal Word Distributions,"Ben Athiwaratkun, Andrew Gordon Wilson",https://arxiv.org/abs/1704.08424v2,https://github.com/benathi/multisense-prob-fasttext,901,2017-04-27T03:59:54Z,2026-09-10T13:59:16.583936+00:00
1.0,RESEARCH_PAPER,Feature Importance Measure for Non-linear Learning Algorithms,"Marina M. -C. Vidovic, Nico Görnitz, Klaus-Robert Müller, Marius Kloft",http://arxiv.org/abs/1611.07567v1,https://github.com/mcvidomi/MFI,1243,2016-11-22T22:36:31Z,2026-09-10T13:59:16.583952+00:00
1.0,RESEARCH_PAPER,Inference of stellar parameters from brightness variations,"Melissa K. Ness, Victor Silva Aguirre, Mikkel N. Lund, Matteo Cantiello, Daniel Foreman-Mackey, David W. Hogg, Ruth Angus",http://arxiv.org/abs/1805.04519v1,https://github.com/mkness/ACFCannon,6054,2018-05-11T18:00:00Z,2026-09-10T13:59:16.583968+00:00
1.0,RESEARCH_PAPER,Event Graphs: Advances and Applications of Second-Order Time-Unfolded Temporal Network Models,Andrew Mellor,http://arxiv.org/abs/1809.03457v1,https://github.com/empiricalstateofmind/eventgraphs,4185,2018-09-10T16:53:12Z,2026-09-10T13:59:16.583985+00:00
1.0,RESEARCH_PAPER,Separating the signal from the noise: Evidence for deceleration in old-age death rates,Dennis M. Feehan,http://arxiv.org/abs/1707.09433v2,https://github.com/dfeehan/oldage-paper-code-released,2514,2017-07-28T22:43:42Z,2026-09-10T13:59:16.584002+00:00
1.0,RESEARCH_PAPER,CNN+CNN: Convolutional Decoders for Image Captioning,"Qingzhong Wang, Antoni B. Chan",http://arxiv.org/abs/1805.09019v1,https://github.com/qingzwang/GHA-ImageCaptioning,2712,2018-05-23T09:16:59Z,2026-09-10T13:59:16.584018+00:00
1.0,RESEARCH_PAPER,SPNets: Differentiable Fluid Dynamics for Deep Neural Networks,"Connor Schenck, Dieter Fox",http://arxiv.org/abs/1806.06094v2,https://github.com/cschenck/SmoothParticleNets,711,2018-06-15T18:58:16Z,2026-09-10T13:59:16.584035+00:00
1.0,RESEARCH_PAPER,Deep Residual Learning for Image Recognition,"Kaiming He, Xiangyu Zhang, Shaoqing Ren, Jian Sun",http://arxiv.org/abs/1512.03385v1,https://github.com/MindSpore-paper-code-3/code7/tree/main/FaceAttribute,1826,2015-12-10T19:51:55Z,2026-09-10T13:59:16.584052+00:00
1.0,RESEARCH_PAPER,Efficient Estimation of Word Representations in Vector Space,"Tomas Mikolov, Kai Chen, Greg Corrado, Jeffrey Dean",http://arxiv.org/abs/1301.3781v3,https://github.com/palmagro/gg2vec,3351,2013-01-16T18:24:43Z,2026-09-10T13:59:16.584068+00:00
1.0,RESEARCH_PAPER,A Structured Self-attentive Sentence Embedding,"Zhouhan Lin, Minwei Feng, Cicero Nogueira dos Santos, Mo Yu, Bing Xiang, Bowen Zhou, Yoshua Bengio",http://arxiv.org/abs/1703.03130v1,https://github.com/hantek/SelfAttentiveSentEmbed,2575,2017-03-09T04:42:30Z,2026-09-10T13:59:16.584085+00:00
1.0,RESEARCH_PAPER,"YOLO9000: Better, Faster, Stronger","Joseph Redmon, Ali Farhadi",http://arxiv.org/abs/1612.08242v1,https://github.com/vantupham/darknet,2246,2016-12-25T07:21:38Z,2026-09-10T13:59:16.584101+00:00
1.0,RESEARCH_PAPER,U-Net: Convolutional Networks for Biomedical Image Segmentation,"Olaf Ronneberger, Philipp Fischer, Thomas Brox",http://arxiv.org/abs/1505.04597v1,https://github.com/muramasa8191/DeepLearning,3436,2015-05-18T11:28:37Z,2026-09-10T13:59:16.584117+00:00
1.0,RESEARCH_PAPER,SGDR: Stochastic Gradient Descent with Warm Restarts,"Ilya Loshchilov, Frank Hutter",http://arxiv.org/abs/1608.03983v5,https://github.com/Harshvardhan1/cyclic-learning-schedulers-pytorch,2327,2016-08-13T13:46:05Z,2026-09-10T13:59:16.584133+00:00
1.0,RESEARCH_PAPER,Knowing When to Look: Adaptive Attention via A Visual Sentinel for Image Captioning,"Jiasen Lu, Caiming Xiong, Devi Parikh, Richard Socher",http://arxiv.org/abs/1612.01887v2,https://github.com/miroblog/AdaptiveAttention,1854,2016-12-06T16:03:50Z,2026-09-10T13:59:16.584152+00:00
1.0,RESEARCH_PAPER,Supervised Learning of Universal Sentence Representations from Natural Language Inference Data,"Alexis Conneau, Douwe Kiela, Holger Schwenk, Loic Barrault, Antoine Bordes",http://arxiv.org/abs/1705.02364v5,https://github.com/facebookresearch/InferSent,5538,2017-05-05T18:54:39Z,2026-09-10T13:59:16.584169+00:00
1.0,RESEARCH_PAPER,The Chef's Hat Simulation Environment for Reinforcement-Learning-Based Agents,"Pablo Barros, Anne C. Bloem, Inge M. Hootsmans, Lena M. Opheij, Romain H. A. Toebosch, Emilia Barakova, Alessandra Sciutti",https://arxiv.org/abs/2003.05861v1,https://github.com/pablovin/MoodyFramework,1999,2020-03-12T15:52:49Z,2026-09-10T13:59:16.584185+00:00
1.0,RESEARCH_PAPER,Deep Video Deblurring,"Shuochen Su, Mauricio Delbracio, Jue Wang, Guillermo Sapiro, Wolfgang Heidrich, Oliver Wang",http://arxiv.org/abs/1611.08387v1,https://github.com/susomena/DeepSlowMotion,334,2016-11-25T08:51:51Z,2026-09-10T13:59:16.584202+00:00
1.0,RESEARCH_PAPER,Adaptive system optimization using random directions stochastic approximation,"Prashanth L. A., Shalabh Bhatnagar, Michael Fu, Steve Marcus",http://arxiv.org/abs/1502.05577v2,https://github.com/prashla/RDSA,2463,2015-02-19T14:11:21Z,2026-09-10T13:59:16.584219+00:00
1.0,RESEARCH_PAPER,Rethinking on Multi-Stage Networks for Human Pose Estimation,"Wenbo Li, Zhicheng Wang, Binyi Yin, Qixiang Peng, Yuming Du, Tianzi Xiao, Gang Yu, Hongtao Lu, Yichen Wei, Jian Sun",https://arxiv.org/abs/1901.00148v4,https://github.com/chenyilun95/tf-cpn,382,2019-01-01T12:52:37Z,2026-09-10T13:59:16.584236+00:00
1.0,RESEARCH_PAPER,Semantic Visual Navigation by Watching YouTube Videos,"Matthew Chang, Arjun Gupta, Saurabh Gupta",https://arxiv.org/abs/2006.10034v2,https://github.com/MatthewChang/video-dqn,4638,2020-06-17T17:56:00Z,2026-09-10T13:59:16.584254+00:00
1.0,RESEARCH_PAPER,Sound Event Detection and Time-Frequency Segmentation from Weakly Labelled Data,"Qiuqiang Kong, Yong Xu, Iwona Sobieraj, Wenwu Wang, Mark D. Plumbley",http://arxiv.org/abs/1804.04715v2,https://github.com/qiuqiangkong/sed_time_freq_segmentation,6303,2018-04-12T20:20:29Z,2026-09-10T13:59:16.584272+00:00
1.0,RESEARCH_PAPER,Dueling Network Architectures for Deep Reinforcement Learning,"Ziyu Wang, Tom Schaul, Matteo Hessel, Hado van Hasselt, Marc Lanctot, Nando de Freitas",http://arxiv.org/abs/1511.06581v3,https://github.com/prajwalgatti/DRL-Continuous-Control,3107,2015-11-20T13:07:54Z,2026-09-10T13:59:16.584289+00:00
1.0,RESEARCH_PAPER,Very Deep Convolutional Networks for Large-Scale Image Recognition,"Karen Simonyan, Andrew Zisserman",http://arxiv.org/abs/1409.1556v6,https://github.com/Tools4Project/4501Project,3380,2014-09-04T19:48:04Z,2026-09-10T13:59:16.584305+00:00
1.0,RESEARCH_PAPER,Efficient training of energy-based models via spin-glass control,"Alejandro Pozas-Kerstjens, Gorka Muñoz-Gil, Eloy Piñol, Miguel Ángel García-March, Antonio Acín, Maciej Lewenstein, Przemysław R. Grzybowski",https://arxiv.org/abs/1910.01592v4,https://github.com/apozas/rapid,9351,2019-10-03T16:51:26Z,2026-09-10T13:59:16.584319+00:00
1.0,RESEARCH_PAPER,Context-Dependent Fine-Grained Entity Type Tagging,"Dan Gillick, Nevena Lazic, Kuzman Ganchev, Jesse Kirchner, David Huynh",http://arxiv.org/abs/1412.1820v2,https://github.com/shanzhenren/AFET,2714,2014-12-03T23:26:33Z,2026-09-10T13:59:16.584335+00:00
1.0,RESEARCH_PAPER,Sampling Generative Networks,Tom White,http://arxiv.org/abs/1609.04468v3,https://github.com/ptrblck/prog_gans_pytorch_inference,2113,2016-09-14T22:42:23Z,2026-09-10T13:59:16.584351+00:00
1.0,RESEARCH_PAPER,Breaking the Curse of Space Explosion: Towards Efficient NAS with Curriculum Search,"Yong Guo, Yaofo Chen, Yin Zheng, Peilin Zhao, Jian Chen, Junzhou Huang, Mingkui Tan",https://arxiv.org/abs/2007.07197v2,https://github.com/guoyongcs/CNAS,6630,2020-07-07T02:29:06Z,2026-09-10T13:59:16.584368+00:00
1.0,RESEARCH_PAPER,Learning Imbalanced Datasets with Label-Distribution-Aware Margin Loss,"Kaidi Cao, Colin Wei, Adrien Gaidon, Nikos Arechiga, Tengyu Ma",https://arxiv.org/abs/1906.07413v2,https://github.com/feidfoe/AdjustBnd4Imbalance,2304,2019-06-18T07:21:18Z,2026-09-10T13:59:16.584384+00:00
1.0,RESEARCH_PAPER,Learning 2D Temporal Adjacent Networks for Moment Localization with Natural Language,"Songyang Zhang, Houwen Peng, Jianlong Fu, Jiebo Luo",https://arxiv.org/abs/1912.03590v3,https://github.com/researchmm/2D-TAN,2163,2019-12-08T01:34:39Z,2026-09-10T13:59:16.584401+00:00
1.0,RESEARCH_PAPER,Multigrid Predictive Filter Flow for Unsupervised Learning on Videos,"Shu Kong, Charless Fowlkes",http://arxiv.org/abs/1904.01693v1,https://github.com/bestaar/predictiveFilterFlow,2524,2019-04-02T22:41:48Z,2026-09-10T13:59:16.584416+00:00
1.0,RESEARCH_PAPER,Image Reconstruction with Predictive Filter Flow,"Shu Kong, Charless Fowlkes",http://arxiv.org/abs/1811.11482v1,https://github.com/bestaar/predictiveFilterFlow,2524,2018-11-28T10:17:14Z,2026-09-10T13:59:16.584431+00:00
1.0,RESEARCH_PAPER,Revisiting Unreasonable Effectiveness of Data in Deep Learning Era,"Chen Sun, Abhinav Shrivastava, Saurabh Singh, Abhinav Gupta",http://arxiv.org/abs/1707.02968v2,https://github.com/Tencent/tencent-ml-images,2359,2017-07-10T17:54:31Z,2026-09-10T13:59:16.584449+00:00
1.0,RESEARCH_PAPER,General Purpose Atomic Crosschain Transactions,"Peter Robinson, Raghavendra Ramesh",https://arxiv.org/abs/2011.12783v4,https://github.com/ConsenSys/gpact,2544,2020-11-24T01:37:01Z,2026-09-10T13:59:16.584465+00:00
1.0,RESEARCH_PAPER,MS-DPPs: Multi-Source Determinantal Point Processes for Contextual Diversity Refinement of Composite Attributes in Text to Image Retrieval,"Naoya Sogi, Takashi Shibata, Makoto Terao, Masanori Suganuma, Takayuki Okatani",https://arxiv.org/abs/2507.06654v1,https://github.com/nec-n-sogi/msdpp,6387,2025-07-09T08:38:46Z,2026-09-10T13:59:16.584481+00:00
1.0,RESEARCH_PAPER,Atlas: End-to-End 3D Scene Reconstruction from Posed Images,"Zak Murez, Tarrence van As, James Bartolozzi, Ayan Sinha, Vijay Badrinarayanan, Andrew Rabinovich",https://arxiv.org/abs/2003.10432v3,https://github.com/magicleap/Atlas,2814,2020-03-23T17:59:15Z,2026-09-10T13:59:16.584498+00:00
1.0,RESEARCH_PAPER,NimbRo-OP2X: Adult-sized Open-source 3D Printed Humanoid Robot,"Grzegorz Ficht, Hafez Farazi, André Brandenburger, Diego Rodriguez, Dmytro Pavlichenko, Philipp Allgeuer, Mojtaba Hosseini, Sven Behnke",http://arxiv.org/abs/1810.08395v1,https://github.com/iswariyam/Mini-semantic-segmentation-network-pytorch,242,2018-10-19T08:29:25Z,2026-09-10T13:59:16.584514+00:00
1.0,RESEARCH_PAPER,Invariance Analysis of Saliency Models versus Human Gaze During Scene Free Viewing,"Zhaohui Che, Ali Borji, Guangtao Zhai, Xiongkuo Min",http://arxiv.org/abs/1810.04456v1,https://github.com/CZHQuality/Sal-CFS-GAN,729,2018-10-10T11:10:28Z,2026-09-10T13:59:16.584530+00:00
1.0,RESEARCH_PAPER,Unpaired Image-to-Image Translation using Cycle-Consistent Adversarial Networks,"Jun-Yan Zhu, Taesung Park, Phillip Isola, Alexei A. Efros",https://arxiv.org/abs/1703.10593v7,https://github.com/Shumway82/CycleGAN,2505,2017-03-30T17:44:17Z,2026-09-10T13:59:16.584546+00:00
1.0,RESEARCH_PAPER,Bayesian optimization of hyper-parameters in reservoir computing,"Jan Yperman, Thijs Becker",http://arxiv.org/abs/1611.05193v3,https://github.com/rednotion/parallel_esn_web,3049,2016-11-16T09:25:17Z,2026-09-10T13:59:16.584563+00:00
1.0,RESEARCH_PAPER,Convolutional neural network architecture for geometric matching,"Ignacio Rocco, Relja Arandjelović, Josef Sivic",http://arxiv.org/abs/1703.05593v2,https://github.com/ignacio-rocco/cnngeometric_pytorch,1652,2017-03-16T13:03:54Z,2026-09-10T13:59:16.584583+00:00
1.0,RESEARCH_PAPER,Neural Audio Synthesis of Musical Notes with WaveNet Autoencoders,"Jesse Engel, Cinjon Resnick, Adam Roberts, Sander Dieleman, Douglas Eck, Karen Simonyan, Mohammad Norouzi",http://arxiv.org/abs/1704.01279v1,https://github.com/NoaCahan/WavenetAutoEncoder,2672,2017-04-05T06:34:22Z,2026-09-10T13:59:16.584608+00:00
1.0,RESEARCH_PAPER,Tips and Tricks for Visual Question Answering: Learnings from the 2017 Challenge,"Damien Teney, Peter Anderson, Xiaodong He, Anton van den Hengel",http://arxiv.org/abs/1708.02711v1,https://github.com/feifengwhu/question_attention,1407,2017-08-09T04:19:42Z,2026-09-10T13:59:16.584629+00:00
1.0,RESEARCH_PAPER,Retinal vessel segmentation based on Fully Convolutional Neural Networks,"Américo Oliveira, Sérgio Pereira, Carlos A. Silva",http://arxiv.org/abs/1812.07110v2,https://github.com/americofmoliveira/VesselSegmentation_ESWA,3000,2018-12-18T00:14:27Z,2026-09-10T13:59:16.584651+00:00
1.0,RESEARCH_PAPER,Randomized Matrix Decompositions using R,"N. Benjamin Erichson, Sergey Voronin, Steven L. Brunton, J. Nathan Kutz",http://arxiv.org/abs/1608.02148v4,https://github.com/Benli11/ristretto,1268,2016-08-06T19:47:48Z,2026-09-10T13:59:16.584676+00:00
1.0,RESEARCH_PAPER,Modified Shallow Water Equations for significantly varying seabeds,"Denys Dutykh, Didier Clamond",http://arxiv.org/abs/1202.6542v6,https://github.com/huwb/crest-oceanrender,2864,2012-02-29T13:28:39Z,2026-09-10T13:59:16.584695+00:00
1.0,RESEARCH_PAPER,Semantic Document Distance Measures and Unsupervised Document Revision Detection,"Xiaofeng Zhu, Diego Klabjan, Patrick Bless",http://arxiv.org/abs/1709.01256v2,https://github.com/XiaofengZhu/wDTW-wTED,8739,2017-09-05T06:47:03Z,2026-09-10T13:59:16.584719+00:00
1.0,RESEARCH_PAPER,Revisiting Decomposable Submodular Function Minimization with Incidence Relations,"Pan Li, Olgica Milenkovic",http://arxiv.org/abs/1803.03851v3,https://github.com/lipan00123/DSFM-with-incidence-relations,3426,2018-03-10T18:40:07Z,2026-09-10T13:59:16.584743+00:00
1.0,RESEARCH_PAPER,Learning Deep Representations of Fine-grained Visual Descriptions,"Scott Reed, Zeynep Akata, Bernt Schiele, Honglak Lee",http://arxiv.org/abs/1605.05395v1,https://github.com/Maymaher/StackGANv2,506,2016-05-17T23:08:46Z,2026-09-10T13:59:16.584762+00:00
1.0,RESEARCH_PAPER,An End-to-End Trainable Neural Network for Image-based Sequence Recognition and Its Application to Scene Text Recognition,"Baoguang Shi, Xiang Bai, Cong Yao",http://arxiv.org/abs/1507.05717v1,https://github.com/bai-shang/crnn_ctc_ocr.Tensorflow,2097,2015-07-21T06:26:32Z,2026-09-10T13:59:16.584776+00:00
1.0,RESEARCH_PAPER,Learning to Learn without Forgetting by Maximizing Transfer and Minimizing Interference,"Matthew Riemer, Ignacio Cases, Robert Ajemian, Miao Liu, Irina Rish, Yuhai Tu, Gerald Tesauro",https://arxiv.org/abs/1810.11910v3,https://github.com/mattriemer/mer,4452,2018-10-29T00:13:50Z,2026-09-10T13:59:16.584789+00:00
1.0,RESEARCH_PAPER,Pythia v0.1: the Winning Entry to the VQA Challenge 2018,"Yu Jiang, Vivek Natarajan, Xinlei Chen, Marcus Rohrbach, Dhruv Batra, Devi Parikh",http://arxiv.org/abs/1807.09956v2,https://github.com/songhe17/pythia-clone,1089,2018-07-26T04:57:43Z,2026-09-10T13:59:16.584804+00:00
1.0,RESEARCH_PAPER,Generative Adversarial Text to Image Synthesis,"Scott Reed, Zeynep Akata, Xinchen Yan, Lajanugen Logeswaran, Bernt Schiele, Honglak Lee",http://arxiv.org/abs/1605.05396v2,https://github.com/Maymaher/StackGANv2,506,2016-05-17T23:09:15Z,2026-09-10T13:59:16.584818+00:00
1.0,RESEARCH_PAPER,Benchmarking machine learning models on multi-centre eICU critical care dataset,"Seyedmostafa Sheikhalishahi, Vevake Balaraman, Venet Osmani",https://arxiv.org/abs/1910.00964v3,https://github.com/mostafaalishahi/eICU_Benchmark,4332,2019-10-02T14:04:24Z,2026-09-10T13:59:16.584830+00:00
1.0,RESEARCH_PAPER,Learning Temporal Coherence via Self-Supervision for GAN-based Video Generation,"Mengyu Chu, You Xie, Jonas Mayer, Laura Leal-Taixé, Nils Thuerey",https://arxiv.org/abs/1811.09393v4,https://github.com/GitHubXlong/TecoGAN,1668,2018-11-23T09:16:22Z,2026-09-10T13:59:16.584842+00:00
1.0,RESEARCH_PAPER,CKmeans and FCKmeans : Two deterministic initialization procedures for Kmeans algorithm using a modified crowding distance,Abdesslem Layeb,https://arxiv.org/abs/2304.09989v2,https://github.com/Layebuniv/fckmeans,1746,2023-04-19T21:46:02Z,2026-09-10T13:59:16.584853+00:00
1.0,RESEARCH_PAPER,1-OGC: The first open gravitational-wave catalog of binary mergers from analysis of public Advanced LIGO data,"Alexander H. Nitz, Collin Capano, Alex B. Nielsen, Steven Reyes, Rebecca White, Duncan A. Brown, Badri Krishnan",http://arxiv.org/abs/1811.01921v2,https://github.com/gwastro/1-ogc,3969,2018-11-05T18:56:34Z,2026-09-10T13:59:16.584867+00:00
1.0,RESEARCH_PAPER,Modeling the Dynamics of Online Learning Activity,"Charalampos Mavroforakis, Isabel Valera, Manuel Gomez Rodriguez",http://arxiv.org/abs/1610.05775v1,https://github.com/Networks-Learning/hdhp.py,10461,2016-10-18T20:00:09Z,2026-09-10T13:59:16.584880+00:00
1.0,RESEARCH_PAPER,Hierarchical Density Order Embeddings,"Ben Athiwaratkun, Andrew Gordon Wilson",http://arxiv.org/abs/1804.09843v1,https://github.com/benathi/density-order-emb,90,2018-04-26T00:43:49Z,2026-09-10T13:59:16.584894+00:00
1.0,RESEARCH_PAPER,Kernalised Multi-resolution Convnet for Visual Tracking,"Di Wu, Wenbin Zou, Xia Li, Yong Zhao",http://arxiv.org/abs/1708.00577v1,https://github.com/stevenwudi/KMC_cvprw_2017,6630,2017-08-02T02:20:12Z,2026-09-10T13:59:16.584907+00:00
1.0,RESEARCH_PAPER,Crowdsourcing Lightweight Pyramids for Manual Summary Evaluation,"Ori Shapira, David Gabay, Yang Gao, Hadar Ronen, Ramakanth Pasunuru, Mohit Bansal, Yael Amsterdamer, Ido Dagan",http://arxiv.org/abs/1904.05929v1,https://github.com/OriShapira/LitePyramids,6714,2019-04-11T19:04:57Z,2026-09-10T13:59:16.584920+00:00
1.0,RESEARCH_PAPER,Spatiotemporal Residual Networks for Video Action Recognition,"Christoph Feichtenhofer, Axel Pinz, Richard P. Wildes",http://arxiv.org/abs/1611.02155v1,https://github.com/feichtenhofer/st-resnet,9315,2016-11-07T16:17:16Z,2026-09-10T13:59:16.584932+00:00
1.0,RESEARCH_PAPER,Generative Partition Networks for Multi-Person Pose Estimation,"Xuecheng Nie, Jiashi Feng, Junliang Xing, Shuicheng Yan",http://arxiv.org/abs/1705.07422v2,https://github.com/NieXC/pytorch-ppn,823,2017-05-21T09:54:48Z,2026-09-10T13:59:16.584946+00:00
1.0,RESEARCH_PAPER,Traffic Graph Convolutional Recurrent Neural Network: A Deep Learning Framework for Network-Scale Traffic Learning and Forecasting,"Zhiyong Cui, Kristian Henrickson, Ruimin Ke, Ziyuan Pu, Yinhai Wang",https://arxiv.org/abs/1802.07007v3,https://github.com/zhiyongc/Seattle-Loop-Data,144,2018-02-20T08:40:21Z,2026-09-10T13:59:16.584961+00:00
1.0,RESEARCH_PAPER,SurfaceNet: An End-to-end 3D Neural Network for Multiview Stereopsis,"Mengqi Ji, Juergen Gall, Haitian Zheng, Yebin Liu, Lu Fang",http://arxiv.org/abs/1708.01749v1,https://github.com/mjiUST/SurfaceNet,2046,2017-08-05T10:58:19Z,2026-09-10T13:59:16.670514+00:00
1.0,RESEARCH_PAPER,Geometric adaptive Monte Carlo in random environment,"Theodore Papamarkou, Alexey Lindo, Eric B. Ford",https://arxiv.org/abs/1608.07986v4,https://github.com/scidom/MAMALASampler.jl,8292,2016-08-29T10:32:15Z,2026-09-10T13:59:16.670579+00:00
1.0,RESEARCH_PAPER,Random directions stochastic approximation with deterministic perturbations,"Prashanth L A, Shalabh Bhatnagar, Nirav Bhavsar, Michael Fu, Steven I. Marcus",http://arxiv.org/abs/1808.02871v2,https://github.com/prashla/RDSA,2463,2018-08-08T17:26:37Z,2026-09-10T13:59:16.670597+00:00
1.0,RESEARCH_PAPER,ManifoldNet: A Deep Network Framework for Manifold-valued Data,"Rudrasis Chakraborty, Jose Bouza, Jonathan Manton, Baba C. Vemuri",http://arxiv.org/abs/1809.06211v3,https://github.com/jjbouza/manifold-net,6129,2018-09-11T00:27:48Z,2026-09-10T13:59:16.670609+00:00
1.0,RESEARCH_PAPER,Show and Tell: A Neural Image Caption Generator,"Oriol Vinyals, Alexander Toshev, Samy Bengio, Dumitru Erhan",http://arxiv.org/abs/1411.4555v2,https://github.com/kirbiyik/caption-it,908,2014-11-17T17:15:41Z,2026-09-10T13:59:16.670619+00:00
1.0,RESEARCH_PAPER,Disentangling Factors of Variation with Cycle-Consistent Variational Auto-Encoders,"Ananya Harsh Jha, Saket Anand, Maneesh Singh, V. S. R. Veeravasarapu",http://arxiv.org/abs/1804.10469v1,https://github.com/ananyahjha93/disentangling-factors-of-variation-using-adversarial-training,1053,2018-04-27T12:37:35Z,2026-09-10T13:59:16.670629+00:00
1.0,RESEARCH_PAPER,Disentangling factors of variation in deep representations using adversarial training,"Michael Mathieu, Junbo Zhao, Pablo Sprechmann, Aditya Ramesh, Yann LeCun",http://arxiv.org/abs/1611.03383v1,https://github.com/ananyahjha93/disentangling-factors-of-variation-using-adversarial-training,1053,2016-11-10T16:24:16Z,2026-09-10T13:59:16.670639+00:00
1.0,RESEARCH_PAPER,audino: A Modern Annotation Tool for Audio and Speech,"Manraj Singh Grover, Pakhi Bamdev, Ratin Kumar Brala, Yaman Kumar, Mika Hama, Rajiv Ratn Shah",https://arxiv.org/abs/2006.05236v2,https://github.com/midas-research/audino,6975,2020-06-09T13:12:44Z,2026-09-10T13:59:16.670651+00:00
1.0,RESEARCH_PAPER,Robust Adversarial Reinforcement Learning,"Lerrel Pinto, James Davidson, Rahul Sukthankar, Abhinav Gupta",http://arxiv.org/abs/1703.02702v1,https://github.com/davidsonic/robust-grasp,1833,2017-03-08T04:58:51Z,2026-09-10T13:59:16.670661+00:00
1.0,RESEARCH_PAPER,ChainerCV: a Library for Deep Learning in Computer Vision,"Yusuke Niitani, Toru Ogawa, Shunta Saito, Masaki Saito",http://arxiv.org/abs/1708.08169v1,https://github.com/chainer/chainercv,3272,2017-08-28T02:54:11Z,2026-09-10T13:59:16.670671+00:00
1.0,RESEARCH_PAPER,Denoising Diffusion Probabilistic Models,"Jonathan Ho, Ajay Jain, Pieter Abbeel",https://arxiv.org/abs/2006.11239v2,https://github.com/sak-h/pytorch-Denoising-Diffusion-Probabilistic-Models,439,2020-06-19T17:24:44Z,2026-09-10T13:59:16.670682+00:00
1.0,RESEARCH_PAPER,Variational Dropout Sparsifies Deep Neural Networks,"Dmitry Molchanov, Arsenii Ashukha, Dmitry Vetrov",http://arxiv.org/abs/1701.05369v3,https://github.com/ars-ashuha/sparse-vd-pytorch,2861,2017-01-19T10:44:55Z,2026-09-10T13:59:16.670691+00:00
1.0,RESEARCH_PAPER,Learning from Simulated and Unsupervised Images through Adversarial Training,"Ashish Shrivastava, Tomas Pfister, Oncel Tuzel, Josh Susskind, Wenda Wang, Russ Webb",http://arxiv.org/abs/1612.07828v2,https://github.com/rickyhan/SimGAN-Captcha,857,2016-12-22T22:10:51Z,2026-09-10T13:59:16.670700+00:00
1.0,RESEARCH_PAPER,"SAVOIAS: A Diverse, Multi-Category Visual Complexity Dataset","Elham Saraee, Mona Jalal, Margrit Betke",http://arxiv.org/abs/1810.01771v1,https://github.com/esaraee/Savoias-Dataset,3036,2018-10-03T14:34:37Z,2026-09-10T13:59:16.670709+00:00
1.0,RESEARCH_PAPER,Depth Map Prediction from a Single Image using a Multi-Scale Deep Network,"David Eigen, Christian Puhrsch, Rob Fergus",http://arxiv.org/abs/1406.2283v1,https://github.com/MasazI/cnn_depth_tensorflow,2662,2014-06-09T19:01:18Z,2026-09-10T13:59:16.670719+00:00
1.0,RESEARCH_PAPER,The signature of large scale turbulence driving on the structure of the interstellar medium,"Tine Colman, Jean-François Robitaille, Patrick Hennebelle, Marc-Antoine Miville-Deschênes, Noé Brucy, Ralf S. Klessen, Simon C. O. Glover, Juan D. Soler, Davide Elia, Alessio Traficante, Sergio Molinari, Leonardo Testi",https://arxiv.org/abs/2206.00451v1,https://bitbucket.org/rteyssie/ramses,0,2022-06-01T12:39:12Z,2026-09-10T13:59:16.670727+00:00
1.0,RESEARCH_PAPER,"The Fermilab Muon $g-2$ straw tracking detectors, internal tracker alignment, and the muon EDM measurement",Gleb Lukicov,https://arxiv.org/abs/1909.12900v2,https://github.com/glukicov/alignTrack,622,2019-09-24T20:31:57Z,2026-09-10T13:59:16.670739+00:00
1.0,RESEARCH_PAPER,Two Local Models for Neural Constituent Parsing,"Zhiyang Teng, Yue Zhang",http://arxiv.org/abs/1808.04850v2,https://github.com/zeeeyang/two-local-neural-conparsers,9315,2018-08-14T18:34:17Z,2026-09-10T13:59:16.670751+00:00
1.0,RESEARCH_PAPER,Learning Deep Features for Discriminative Localization,"Bolei Zhou, Aditya Khosla, Agata Lapedriza, Aude Oliva, Antonio Torralba",http://arxiv.org/abs/1512.04150v1,https://github.com/tensorpack/tensorpack/tree/master/examples/Saliency,181,2015-12-14T01:32:33Z,2026-09-10T13:59:16.670761+00:00
1.0,RESEARCH_PAPER,A Fast and Scalable Joint Estimator for Integrating Additional Knowledge in Learning Multiple Related Sparse Gaussian Graphical Models,"Beilun Wang, Arshdeep Sekhon, Yanjun Qi",http://arxiv.org/abs/1806.00548v4,https://github.com/QData/JEEK,10041,2018-06-01T21:41:34Z,2026-09-10T13:59:16.670771+00:00
1.0,RESEARCH_PAPER,Neural Machine Translation of Rare Words with Subword Units,"Rico Sennrich, Barry Haddow, Alexandra Birch",http://arxiv.org/abs/1508.07909v5,https://github.com/simonjisu/NMT,3151,2015-08-31T16:37:31Z,2026-09-10T13:59:16.670782+00:00
1.0,RESEARCH_PAPER,Breaking the Nonsmooth Barrier: A Scalable Parallel Method for Composite Optimization,"Fabian Pedregosa, Rémi Leblond, Simon Lacoste-Julien",http://arxiv.org/abs/1707.06468v3,https://github.com/fabianp/ProxASAGA,1593,2017-07-20T12:14:31Z,2026-09-10T13:59:16.670792+00:00
1.0,RESEARCH_PAPER,Like What You Like: Knowledge Distill via Neuron Selectivity Transfer,"Zehao Huang, Naiyan Wang",http://arxiv.org/abs/1707.01219v2,https://github.com/TuSimple/neuron-selectivity-transfer,2794,2017-07-05T05:44:02Z,2026-09-10T13:59:16.670801+00:00
1.0,RESEARCH_PAPER,CTCModel: a Keras Model for Connectionist Temporal Classification,"Yann Soullard, Cyprien Ruffino, Thierry Paquet",http://arxiv.org/abs/1901.07957v1,https://github.com/cyprienruffino/CTCModel,1352,2019-01-23T15:39:01Z,2026-09-10T13:59:16.670810+00:00
1.0,RESEARCH_PAPER,Alternating Direction Graph Matching,"D. Khuê Lê-Huu, Nikos Paragios",http://arxiv.org/abs/1611.07583v4,https://github.com/netw0rkf10w/adgm,577,2016-11-22T23:51:03Z,2026-09-10T13:59:16.670819+00:00
1.0,RESEARCH_PAPER,Efficient Neural Architecture Search via Parameter Sharing,"Hieu Pham, Melody Y. Guan, Barret Zoph, Quoc V. Le, Jeff Dean",http://arxiv.org/abs/1802.03268v2,https://github.com/Ezereal/enas,2905,2018-02-09T14:14:37Z,2026-09-10T13:59:16.670830+00:00
1.0,RESEARCH_PAPER,Forgetting to learn logic programs,Andrew Cropper,https://arxiv.org/abs/1911.06643v1,https://github.com/metagol/metagol,3219,2019-11-15T14:05:23Z,2026-09-10T13:59:16.670839+00:00
1.0,RESEARCH_PAPER,Aggregated Residual Transformations for Deep Neural Networks,"Saining Xie, Ross Girshick, Piotr Dollár, Zhuowen Tu, Kaiming He",http://arxiv.org/abs/1611.05431v2,https://github.com/TuSimple/resnet.mxnet,921,2016-11-16T20:34:42Z,2026-09-10T13:59:16.670848+00:00
1.0,RESEARCH_PAPER,BackPACK: Packing more into backprop,"Felix Dangel, Frederik Kunstner, Philipp Hennig",https://arxiv.org/abs/1912.10985v2,https://github.com/f-dangel/backpack,1573,2019-12-23T17:22:45Z,2026-09-10T13:59:16.670857+00:00
1.0,RESEARCH_PAPER,Linear colour segmentation revisited,"Anna Smagina, Valentina Bozhkova, Sergey Gladilin, Dmitry Nikolaev",http://arxiv.org/abs/1901.00534v1,https://github.com/visillect/colorsegdataset,4014,2019-01-02T21:06:55Z,2026-09-10T13:59:16.670869+00:00
1.0,RESEARCH_PAPER,Guided Image Generation with Conditional Invertible Neural Networks,"Lynton Ardizzone, Carsten Lüth, Jakob Kruse, Carsten Rother, Ullrich Köthe",https://arxiv.org/abs/1907.02392v3,https://github.com/5yearsKim/Conditional-Normalizing-Flow,1682,2019-07-04T13:20:57Z,2026-09-10T13:59:16.670878+00:00
1.0,RESEARCH_PAPER,Glow: Generative Flow with Invertible 1x1 Convolutions,"Diederik P. Kingma, Prafulla Dhariwal",http://arxiv.org/abs/1807.03039v2,https://github.com/5yearsKim/Conditional-Normalizing-Flow,1682,2018-07-09T10:57:26Z,2026-09-10T13:59:16.670887+00:00
1.0,RESEARCH_PAPER,The simple essence of automatic differentiation,Conal Elliott,http://arxiv.org/abs/1804.00746v2,https://github.com/conal/essence-of-ad,1707,2018-04-02T22:03:52Z,2026-09-10T13:59:16.670896+00:00
1.0,RESEARCH_PAPER,Episode-based Prototype Generating Network for Zero-Shot Learning,"Yunlong Yu, Zhong Ji, Zhongfei Zhang, Jungong Han",https://arxiv.org/abs/1909.03360v2,https://github.com/yunlongyu/EPGN,8205,2019-09-08T01:06:15Z,2026-09-10T13:59:16.670906+00:00
1.0,RESEARCH_PAPER,Spin orientations of merging black holes formed from the evolution of stellar binaries,"Davide Gerosa, Emanuele Berti, Richard O'Shaughnessy, Krzysztof Belczynski, Michael Kesden, Daniel Wysocki, Wojciech Gladysz",http://arxiv.org/abs/1808.02491v1,https://github.com/dgerosa/spops,6585,2018-08-07T18:00:03Z,2026-09-10T13:59:16.670916+00:00
1.0,RESEARCH_PAPER,Constrained-size Tensorflow Models for YouTube-8M Video Understanding Challenge,"Tianqi Liu, Bo Liu",http://arxiv.org/abs/1808.06739v3,https://github.com/boliu61/youtube-8m,2523,2018-08-21T02:22:44Z,2026-09-10T13:59:16.670925+00:00
1.0,RESEARCH_PAPER,A Neural Algorithm of Artistic Style,"Leon A. Gatys, Alexander S. Ecker, Matthias Bethge",http://arxiv.org/abs/1508.06576v2,https://github.com/Gaurav927/Neural_Style_Transfer,212,2015-08-26T17:14:42Z,2026-09-10T13:59:16.670934+00:00
1.0,RESEARCH_PAPER,Easy Transfer Learning By Exploiting Intra-domain Structures,"Jindong Wang, Yiqiang Chen, Han Yu, Meiyu Huang, Qiang Yang",http://arxiv.org/abs/1904.01376v2,https://github.com/jindongwang/transferlearning,1072,2019-04-02T12:43:53Z,2026-09-10T13:59:16.670944+00:00
1.0,RESEARCH_PAPER,Convex space learning for tabular synthetic data generation,"Manjunath Mahendra, Chaithra Umesh, Saptarshi Bej, Kristian Schultz, Olaf Wolkenhauer",https://arxiv.org/abs/2407.09789v1,https://github.com/manjunath-mahendra/NextConvGeN,2127,2024-07-13T07:07:35Z,2026-09-10T13:59:16.670953+00:00
1.0,RESEARCH_PAPER,Giraffe: Using Deep Reinforcement Learning to Play Chess,Matthew Lai,http://arxiv.org/abs/1509.01549v2,https://github.com/saikrishna-1996/deep_pepper_chess,952,2015-09-04T18:21:52Z,2026-09-10T13:59:16.670962+00:00
1.0,RESEARCH_PAPER,Zero-Shot Learning Through Cross-Modal Transfer,"Richard Socher, Milind Ganjoo, Hamsa Sridhar, Osbert Bastani, Christopher D. Manning, Andrew Y. Ng",http://arxiv.org/abs/1301.3666v2,https://github.com/mganjoo/zslearning,3492,2013-01-16T12:01:34Z,2026-09-10T13:59:16.670971+00:00
1.0,RESEARCH_PAPER,Semantic Image Synthesis via Adversarial Learning,"Hao Dong, Simiao Yu, Chao Wu, Yike Guo",http://arxiv.org/abs/1707.06873v1,https://github.com/vtddggg/BilinearGAN_for_LBIE,1324,2017-07-21T12:45:46Z,2026-09-10T13:59:16.670981+00:00
1.0,RESEARCH_PAPER,Composition based crystal materials symmetry prediction using machine learning with enhanced descriptors,"Yuxin Li, Rongzhi Dong, Wenhui Yang, Jianjun Hu",https://arxiv.org/abs/2105.07303v1,https://github.com/Yuxinya/SG_predict,8262,2021-05-15T22:39:27Z,2026-09-10T13:59:16.670990+00:00
1.0,RESEARCH_PAPER,mixup: Beyond Empirical Risk Minimization,"Hongyi Zhang, Moustapha Cisse, Yann N. Dauphin, David Lopez-Paz",http://arxiv.org/abs/1710.09412v2,https://github.com/simongrest/kaggle-freesound-audio-tagging-2019,530,2017-10-25T18:30:49Z,2026-09-10T13:59:16.671000+00:00
1.0,RESEARCH_PAPER,MetaSCI: Scalable and Adaptive Reconstruction for Video Compressive Sensing,"Zhengjue Wang, Hao Zhang, Ziheng Cheng, Bo Chen, Xin Yuan",https://arxiv.org/abs/2103.01786v1,https://github.com/xyvirtualgroup/MetaSCI-CVPR2021,612,2021-03-02T14:53:00Z,2026-09-10T13:59:16.671009+00:00
1.0,RESEARCH_PAPER,Squeeze-and-Excitation Networks,"Jie Hu, Li Shen, Samuel Albanie, Gang Sun, Enhua Wu",https://arxiv.org/abs/1709.01507v4,https://github.com/simongrest/kaggle-freesound-audio-tagging-2019,530,2017-09-05T17:42:13Z,2026-09-10T13:59:16.671019+00:00
1.0,RESEARCH_PAPER,Open3D: A Modern Library for 3D Data Processing,"Qian-Yi Zhou, Jaesik Park, Vladlen Koltun",http://arxiv.org/abs/1801.09847v1,https://github.com/IntelVCL/Open3D,708,2018-01-30T04:33:20Z,2026-09-10T13:59:16.671028+00:00
1.0,RESEARCH_PAPER,Trainable Frontend For Robust and Far-Field Keyword Spotting,"Yuxuan Wang, Pascal Getreuer, Thad Hughes, Richard F. Lyon, Rif A. Saurous",http://arxiv.org/abs/1607.05666v1,https://github.com/simongrest/kaggle-freesound-audio-tagging-2019,530,2016-07-19T17:17:58Z,2026-09-10T13:59:16.671037+00:00
1.0,RESEARCH_PAPER,xDeepFM: Combining Explicit and Implicit Feature Interactions for Recommender Systems,"Jianxun Lian, Xiaohuan Zhou, Fuzheng Zhang, Zhongxia Chen, Xing Xie, Guangzhong Sun",http://arxiv.org/abs/1803.05170v3,https://github.com/bettenW/Tencent2019_Finals_Rank1st,2955,2018-03-14T09:13:16Z,2026-09-10T13:59:16.671047+00:00
1.0,RESEARCH_PAPER,TrackerBots: Autonomous Unmanned Aerial Vehicle for Real-Time Localization and Tracking of Multiple Radio-Tagged Animals,"Hoa Van Nguyen, Michael Chesser, Lian Pin Koh, S. Hamid Rezatofighi, Damith C. Ranasinghe",http://arxiv.org/abs/1712.01491v4,https://github.com/AdelaideAuto-IDLab/TrackerBots/tree/master/JoFR_2019,3591,2017-12-05T05:55:43Z,2026-09-10T13:59:16.671058+00:00
1.0,RESEARCH_PAPER,Adversarial Autoencoders,"Alireza Makhzani, Jonathon Shlens, Navdeep Jaitly, Ian Goodfellow, Brendan Frey",http://arxiv.org/abs/1511.05644v2,https://github.com/santi-pdp/pase,2762,2015-11-18T02:32:39Z,2026-09-10T13:59:16.671067+00:00
1.0,RESEARCH_PAPER,Accelerating Deep Unsupervised Domain Adaptation with Transfer Channel Pruning,"Chaohui Yu, Jindong Wang, Yiqiang Chen, Zijing Wu",http://arxiv.org/abs/1904.02654v1,https://github.com/jindongwang/transferlearning,3216,2019-03-25T07:32:30Z,2026-09-10T13:59:16.671076+00:00
1.0,RESEARCH_PAPER,Faster R-CNN: Towards Real-Time Object Detection with Region Proposal Networks,"Shaoqing Ren, Kaiming He, Ross Girshick, Jian Sun",http://arxiv.org/abs/1506.01497v3,https://github.com/zacks417/faster-rcnn-tf,3368,2015-06-04T07:58:34Z,2026-09-10T13:59:16.671086+00:00
1.0,RESEARCH_PAPER,Stein Variational Gradient Descent: A General Purpose Bayesian Inference Algorithm,"Qiang Liu, Dilin Wang",https://arxiv.org/abs/1608.04471v3,https://github.com/activatedgeek/stein-gradient,1084,2016-08-16T03:24:20Z,2026-09-10T13:59:16.671095+00:00
1.0,RESEARCH_PAPER,Context-Aware Attentive Knowledge Tracing,"Aritra Ghosh, Neil Heffernan, Andrew S. Lan",https://arxiv.org/abs/2007.12324v1,https://github.com/arghosh/AKT,1269,2020-07-24T02:45:43Z,2026-09-10T13:59:16.671105+00:00
1.0,RESEARCH_PAPER,Compressing physical properties of atomic species for improving predictive chemistry,"John E. Herr, Kevin Koh, Kun Yao, John Parkhill",http://arxiv.org/abs/1811.00123v1,https://github.com/jeherr/element-encoder,52,2018-10-31T21:11:40Z,2026-09-10T13:59:16.671115+00:00
1.0,RESEARCH_PAPER,Universal Language Model Fine-tuning for Text Classification,"Jeremy Howard, Sebastian Ruder",http://arxiv.org/abs/1801.06146v5,https://github.com/comicencyclo/TransferLearning_DiscriminativeFineTuning,135,2018-01-18T17:54:52Z,2026-09-10T13:59:16.671124+00:00
1.0,RESEARCH_PAPER,Restoring Negative Information in Few-Shot Object Detection,"Yukuan Yang, Fangyun Wei, Miaojing Shi, Guoqi Li",https://arxiv.org/abs/2010.11714v2,https://github.com/yang-yk/NP-RepMet,3252,2020-10-22T13:39:48Z,2026-09-10T13:59:16.671134+00:00
1.0,RESEARCH_PAPER,Predictive Entropy Search for Bayesian Optimization with Unknown Constraints,"José Miguel Hernández-Lobato, Michael A. Gelbart, Matthew W. Hoffman, Ryan P. Adams, Zoubin Ghahramani",http://arxiv.org/abs/1502.05312v2,https://github.com/chongkewu/PESC-HPC,2916,2015-02-18T17:39:30Z,2026-09-10T13:59:16.671143+00:00
1.0,RESEARCH_PAPER,Real-time Air Pollution prediction model based on Spatiotemporal Big data,"Van-Duc Le, Tien-Cuong Bui, Sang Kyun Cha",http://arxiv.org/abs/1805.00432v3,https://github.com/vanduc103/air_analysis_v1,7149,2018-04-05T06:36:12Z,2026-09-10T13:59:16.671152+00:00
1.0,RESEARCH_PAPER,Learning Spatiotemporal Features with 3D Convolutional Networks,"Du Tran, Lubomir Bourdev, Rob Fergus, Lorenzo Torresani, Manohar Paluri",http://arxiv.org/abs/1412.0767v4,https://github.com/AKASH2907/Content-based-Video-Recommendation,213,2014-12-02T03:05:54Z,2026-09-10T13:59:16.671161+00:00
1.0,RESEARCH_PAPER,IntegralAction: Pose-driven Feature Integration for Robust Human Action Recognition in Videos,"Gyeongsik Moon, Heeseung Kwon, Kyoung Mu Lee, Minsu Cho",https://arxiv.org/abs/2007.06317v2,https://github.com/arunos728/arunos728.github.io,389,2020-07-13T11:24:48Z,2026-09-10T13:59:16.671171+00:00
1.0,RESEARCH_PAPER,Fully Convolutional Pixel Adaptive Image Denoiser,"Sungmin Cha, Taesup Moon",https://arxiv.org/abs/1807.07569v4,https://github.com/csm9493/FC-AIDE,2270,2018-07-19T14:34:11Z,2026-09-10T13:59:16.671180+00:00
1.0,RESEARCH_PAPER,Joint 3D Face Reconstruction and Dense Alignment with Position Map Regression Network,"Yao Feng, Fan Wu, Xiaohu Shao, Yanfeng Wang, Xi Zhou",http://arxiv.org/abs/1803.07835v1,https://github.com/jimmy0087/faceai-master,3454,2018-03-21T10:27:04Z,2026-09-10T13:59:16.671189+00:00
1.0,RESEARCH_PAPER,Implicit self-consistent electrolyte model in plane-wave density-functional theory,"Kiran Mathew, V. S. Chaitanya Kolluru, Srinidhi Mula, Stephan N. Steinmann, Richard G. Hennig",http://arxiv.org/abs/1601.03346v1,https://github.com/henniggroup/VASPsol,1863,2016-01-13T18:56:57Z,2026-09-10T13:59:16.671198+00:00
1.0,RESEARCH_PAPER,News Headline Grouping as a Challenging NLU Task,"Philippe Laban, Lucas Bandarkar, Marti A. Hearst",https://arxiv.org/abs/2105.05391v1,https://github.com/tingofurro/headline_grouping,4689,2021-05-12T01:40:49Z,2026-09-10T13:59:16.671207+00:00
1.0,RESEARCH_PAPER,End-to-end Learning of LDA by Mirror-Descent Back Propagation over a Deep Architecture,"Jianshu Chen, Ji He, Yelong Shen, Lin Xiao, Xiaodong He, Jianfeng Gao, Xinying Song, Li Deng",http://arxiv.org/abs/1508.03398v2,https://github.com/jvking/bp-lda,663,2015-08-14T01:32:27Z,2026-09-10T13:59:16.671217+00:00
1.0,RESEARCH_PAPER,An Optimization Approach to Learning Falling Rule Lists,"Chaofan Chen, Cynthia Rudin",http://arxiv.org/abs/1710.02572v3,https://github.com/cfchen-duke/FRLOptimization,6360,2017-10-06T20:16:54Z,2026-09-10T13:59:16.671225+00:00
1.0,RESEARCH_PAPER,Asynchronous Methods for Deep Reinforcement Learning,"Volodymyr Mnih, Adrià Puigdomènech Badia, Mehdi Mirza, Alex Graves, Timothy P. Lillicrap, Tim Harley, David Silver, Koray Kavukcuoglu",http://arxiv.org/abs/1602.01783v2,https://github.com/wtingda/DeepRLBreakout,1994,2016-02-04T18:38:41Z,2026-09-10T13:59:16.671234+00:00
1.0,RESEARCH_PAPER,Where to look at the movies : Analyzing visual attention to understand movie editing,"Alexandre Bruckert, Marc Christie, Olivier Le Meur",https://arxiv.org/abs/2102.13378v1,https://github.com/abruckert/eye_tracking_filmmaking,4887,2021-02-26T09:54:58Z,2026-09-10T13:59:16.671244+00:00
1.0,RESEARCH_PAPER,Superaccurate Camera Calibration via Inverse Rendering,"Morten Hannemose, Jakob Wilm, Jeppe Revall Frisvad",https://arxiv.org/abs/2003.09177v1,https://github.com/MortenHannemose/pytorch-vfi-cft,1896,2020-03-20T10:26:16Z,2026-09-10T13:59:16.671254+00:00
1.0,RESEARCH_PAPER,SoccerNet: A Scalable Dataset for Action Spotting in Soccer Videos,"Silvio Giancola, Mohieddine Amine, Tarek Dghaily, Bernard Ghanem",http://arxiv.org/abs/1804.04527v2,https://github.com/SilvioGiancola/SoccerNet-code,148,2018-04-12T14:19:50Z,2026-09-10T13:59:16.671263+00:00
1.0,RESEARCH_PAPER,Fast and Robust Multiple ColorChecker Detection using Deep Convolutional Neural Networks,"Pedro D. Marrero Fernandez, Fidel A. Guerrero-Peña, Tsang Ing Ren, Jorge J. G. Leandro",http://arxiv.org/abs/1810.08639v1,https://github.com/pedrodiamel/colorchacker-detection,1458,2018-10-19T18:39:53Z,2026-09-10T13:59:16.671272+00:00
1.0,RESEARCH_PAPER,Skip-Thought Vectors,"Ryan Kiros, Yukun Zhu, Ruslan Salakhutdinov, Richard S. Zemel, Antonio Torralba, Raquel Urtasun, Sanja Fidler",http://arxiv.org/abs/1506.06726v1,https://github.com/facebookresearch/InferSent,1846,2015-06-22T19:33:40Z,2026-09-10T13:59:16.671283+00:00
1.0,RESEARCH_PAPER,VSE++: Improving Visual-Semantic Embeddings with Hard Negatives,"Fartash Faghri, David J. Fleet, Jamie Ryan Kiros, Sanja Fidler",http://arxiv.org/abs/1707.05612v4,https://github.com/armandvilalta/Full-network-multimodal-embeddings,743,2017-07-18T13:51:32Z,2026-09-10T13:59:16.671292+00:00
1.0,RESEARCH_PAPER,Combining Monte Carlo Tree Search and Heuristic Search for Weighted Vertex Coloring,"Cyril Grelier, Olivier Goudet, Jin-Kao Hao",https://arxiv.org/abs/2304.12146v1,https://github.com/cyril-grelier/gc_wvcp_mcts,6849,2023-04-24T14:50:33Z,2026-09-10T13:59:16.671301+00:00
1.0,RESEARCH_PAPER,Decision Stream: Cultivating Deep Decision Trees,"Dmitry Ignatov, Andrey Ignatov",http://arxiv.org/abs/1704.07657v3,https://github.com/aiff22/Decision-Stream,2820,2017-04-25T12:20:33Z,2026-09-10T13:59:16.671311+00:00
1.0,RESEARCH_PAPER,How is Gaze Influenced by Image Transformations? Dataset and Model,"Zhaohui Che, Ali Borji, Guangtao Zhai, Xiongkuo Min, Guodong Guo, Patrick Le Callet",https://arxiv.org/abs/1905.06803v4,https://github.com/CZHQuality/Sal-CFS-GAN,2187,2019-05-16T14:48:29Z,2026-09-10T13:59:16.671321+00:00
1.0,RESEARCH_PAPER,Addressee and Response Selection in Multi-Party Conversations with Speaker Interaction RNNs,"Rui Zhang, Honglak Lee, Lazaros Polymenakos, Dragomir Radev",http://arxiv.org/abs/1709.04005v2,https://github.com/ryanzhumich/sirnn,4047,2017-09-12T18:19:51Z,2026-09-10T13:59:16.671330+00:00
1.0,RESEARCH_PAPER,Finite sample learning of moving targets,"Nikolaus Vertovec, Kostas Margellos, Maria Prandini",https://arxiv.org/abs/2408.04406v2,https://github.com/nikovert/finite-sample-learning-of-moving-targets,2360,2024-08-08T12:15:45Z,2026-09-10T13:59:16.671340+00:00
1.0,RESEARCH_PAPER,Interpret Federated Learning with Shapley Values,Guan Wang,https://arxiv.org/abs/1905.04519v1,https://github.com/crownpku/federated_shap,8622,2019-05-11T12:59:36Z,2026-09-10T13:59:16.671350+00:00
1.0,RESEARCH_PAPER,Lenient Multi-Agent Deep Reinforcement Learning,"Gregory Palmer, Karl Tuyls, Daan Bloembergen, Rahul Savani",http://arxiv.org/abs/1707.04402v2,https://github.com/gjp1203/nui_in_madrl,1160,2017-07-14T07:33:20Z,2026-09-10T13:59:16.671359+00:00
1.0,RESEARCH_PAPER,Hierarchical Cross-Modal Talking Face Generationwith Dynamic Pixel-Wise Loss,"Lele Chen, Ross K. Maddox, Zhiyao Duan, Chenliang Xu",https://arxiv.org/abs/1905.03820v1,https://github.com/lelechen63/ATVGnet,8217,2019-05-09T19:14:26Z,2026-09-10T13:59:16.671369+00:00
1.0,RESEARCH_PAPER,Benchmarking Natural Language Understanding Services for building Conversational Agents,"Xingkun Liu, Arash Eshghi, Pawel Swietojanski, Verena Rieser",http://arxiv.org/abs/1903.05566v3,https://github.com/lackel/hierarchical_weighted_scl,569,2019-03-13T16:08:46Z,2026-09-10T13:59:16.671378+00:00
1.0,RESEARCH_PAPER,HDLTex: Hierarchical Deep Learning for Text Classification,"Kamran Kowsari, Donald E. Brown, Mojtaba Heidarysafa, Kiana Jafari Meimandi, Matthew S. Gerber, Laura E. Barnes",http://arxiv.org/abs/1709.08267v2,https://github.com/lackel/hierarchical_weighted_scl,569,2017-09-24T21:58:12Z,2026-09-10T13:59:16.671388+00:00
1.0,RESEARCH_PAPER,SyntaxSQLNet: Syntax Tree Networks for Complex and Cross-DomainText-to-SQL Task,"Tao Yu, Michihiro Yasunaga, Kai Yang, Rui Zhang, Dongxu Wang, Zifan Li, Dragomir Radev",http://arxiv.org/abs/1810.05237v2,https://github.com/heyanger/sqltools,3148,2018-10-11T20:24:13Z,2026-09-10T13:59:16.671397+00:00
1.0,RESEARCH_PAPER,Missing Data Infill with Automunge,Nicholas J. Teague,https://arxiv.org/abs/2202.09484v1,https://github.com/gatorwatt/Paper_Demonstrations/tree/main/Missing_Data_infill,2895,2022-02-19T00:49:30Z,2026-09-10T13:59:16.671406+00:00
1.0,RESEARCH_PAPER,Temporal Attentive Alignment for Video Domain Adaptation,"Min-Hung Chen, Zsolt Kira, Ghassan AlRegib",https://arxiv.org/abs/1905.10861v5,https://github.com/olivesgatech/TA3N,758,2019-05-26T19:15:23Z,2026-09-10T13:59:16.671416+00:00
1.0,RESEARCH_PAPER,Hybrid Reward Architecture for Reinforcement Learning,"Harm van Seijen, Mehdi Fatemi, Joshua Romoff, Romain Laroche, Tavian Barnes, Jeffrey Tsang",http://arxiv.org/abs/1706.04208v2,https://github.com/KhenNguyn/DoAn3-MachineLearning,3336,2017-06-13T18:05:48Z,2026-09-10T13:59:16.671426+00:00
1.0,RESEARCH_PAPER,Robustness May Be at Odds with Accuracy,"Dimitris Tsipras, Shibani Santurkar, Logan Engstrom, Alexander Turner, Aleksander Madry",https://arxiv.org/abs/1805.12152v5,https://github.com/louis2889184/pytorch-adversarial-training,65,2018-05-30T18:00:32Z,2026-09-10T13:59:16.671435+00:00
1.0,RESEARCH_PAPER,Hierarchy-of-Visual-Words: a Learning-based Approach for Trademark Image Retrieval,"Vítor N. Lourenço, Gabriela G. Silva, Leandro A. F. Fernandes",https://arxiv.org/abs/1908.02786v1,https://github.com/Prograf-UFF/HoVW,4035,2019-08-07T18:19:43Z,2026-09-10T13:59:16.671444+00:00
1.0,RESEARCH_PAPER,Deep reinforcement learning from human preferences,"Paul Christiano, Jan Leike, Tom B. Brown, Miljan Martic, Shane Legg, Dario Amodei",https://arxiv.org/abs/1706.03741v4,https://github.com/vcharvet/project-rl,1595,2017-06-12T17:23:59Z,2026-09-10T13:59:16.671455+00:00
1.0,RESEARCH_PAPER,Neural Motifs: Scene Graph Parsing with Global Context,"Rowan Zellers, Mark Yatskar, Sam Thomson, Yejin Choi",http://arxiv.org/abs/1711.06640v2,https://github.com/HCPLab-SYSU/KERN,686,2017-11-17T17:33:01Z,2026-09-10T13:59:16.671464+00:00
1.0,RESEARCH_PAPER,Scene relighting with illumination estimation in the latent space on an encoder-decoder scheme,"Alexandre Pierre Dherse, Martin Nicolas Everaert, Jakub Jan Gwizdała",https://arxiv.org/abs/2006.02333v1,https://github.com/martin-ev/2DSceneRelighting,1275,2020-06-03T15:25:11Z,2026-09-10T13:59:16.671475+00:00
1.0,RESEARCH_PAPER,M-FUSE: Multi-frame Fusion for Scene Flow Estimation,"Lukas Mehl, Azin Jahedi, Jenny Schmalfuss, Andrés Bruhn",https://arxiv.org/abs/2207.05704v2,https://github.com/cv-stuttgart/m-fuse,6429,2022-07-12T17:26:55Z,2026-09-10T13:59:16.671484+00:00
1.0,RESEARCH_PAPER,Fully Convolutional Networks for Semantic Segmentation,"Jonathan Long, Evan Shelhamer, Trevor Darrell",http://arxiv.org/abs/1411.4038v2,https://github.com/giovanniguidi/FCN-keras,2957,2014-11-14T20:46:03Z,2026-09-10T13:59:16.671494+00:00
1.0,RESEARCH_PAPER,Spurious Local Minima are Common in Two-Layer ReLU Neural Networks,"Itay Safran, Ohad Shamir",http://arxiv.org/abs/1712.08968v3,https://github.com/ItaySafran/OneLayerGDconvergence,6573,2017-12-24T21:00:10Z,2026-09-10T13:59:16.671503+00:00
1.0,RESEARCH_PAPER,Improving RetinaNet for CT Lesion Detection with Dense Masks from Weak RECIST Labels,"Martin Zlocha, Qi Dou, Ben Glocker",https://arxiv.org/abs/1906.02283v1,https://github.com/fizyr/keras-retinanet,2049,2019-06-05T20:04:11Z,2026-09-10T13:59:16.671514+00:00
1.0,RESEARCH_PAPER,One-Shot Video Object Segmentation,"Sergi Caelles, Kevis-Kokitsi Maninis, Jordi Pont-Tuset, Laura Leal-Taixé, Daniel Cremers, Luc Van Gool",http://arxiv.org/abs/1611.05198v4,https://github.com/kmaninis/OSVOS-caffe,393,2016-11-16T09:58:37Z,2026-09-10T13:59:16.671522+00:00
1.0,RESEARCH_PAPER,Non-Turing computations via Malament-Hogarth space-times,AI Research Consortium,https://arxiv.org/abs/gr-qc/0104023v2,https://github.com/alexnieddu/Kerr-Black-Hole-Geodesics,1739,2024-01-15T00:00:00Z,2026-09-10T13:59:16.671534+00:00
1.0,RESEARCH_PAPER,A chi-squared time-frequency discriminator for gravitational wave detection,AI Research Consortium,https://arxiv.org/abs/gr-qc/0405045v2,https://github.com/gwastro/1-ogc,1323,2024-01-15T00:00:00Z,2026-09-10T13:59:16.831746+00:00
1.0,RESEARCH_PAPER,Quantum Associative Memory,AI Research Consortium,https://arxiv.org/abs/quant-ph/9807053v1,https://github.com/hhy37/Liquid,2643,2024-01-15T00:00:00Z,2026-09-10T13:59:16.831851+00:00
1.0,RESEARCH_PAPER,Improved Simulation of Stabilizer Circuits,AI Research Consortium,https://arxiv.org/abs/quant-ph/0406196v5,https://github.com/hhy37/Liquid,2643,2024-01-15T00:00:00Z,2026-09-10T13:59:16.831913+00:00
1.0,RESEARCH_PAPER,Distributed Prioritized Experience Replay,"Dan Horgan, John Quan, David Budden, Gabriel Barth-Maron, Matteo Hessel, Hado van Hasselt, David Silver",http://arxiv.org/abs/1803.00933v1,https://github.com/neka-nat/distributed_rl,865,2018-03-02T16:21:46Z,2026-09-10T13:59:16.831950+00:00
1.0,RESEARCH_PAPER,Benchmarking Automatic Machine Learning Frameworks,"Adithya Balaji, Alexander Allen",http://arxiv.org/abs/1808.06492v1,https://github.com/ClimbsRocks/auto_ml,3443,2018-08-17T02:15:39Z,2026-09-10T13:59:16.831969+00:00
1.0,RESEARCH_PAPER,A FOFE-based Local Detection Approach for Named Entity Recognition and Mention Detection,"Mingbin Xu, Hui Jiang",http://arxiv.org/abs/1611.00801v1,https://github.com/xmb-cipher/fofe-ner,3975,2016-11-02T20:52:46Z,2026-09-10T13:59:16.831986+00:00
1.0,RESEARCH_PAPER,Nonnegative Decomposition of Multivariate Information,"Paul L. Williams, Randall D. Beer",http://arxiv.org/abs/1004.2515v1,https://github.com/robince/partial-info-decomp,3148,2010-04-14T22:12:52Z,2026-09-10T13:59:16.832003+00:00
1.0,RESEARCH_PAPER,A Tutorial on Thompson Sampling,"Daniel Russo, Benjamin Van Roy, Abbas Kazerouni, Ian Osband, Zheng Wen",https://arxiv.org/abs/1707.02038v3,https://github.com/iosband/ts_tutorial,5352,2017-07-07T05:22:16Z,2026-09-10T13:59:16.832020+00:00
1.0,RESEARCH_PAPER,Penalizing Unfairness in Binary Classification,"Yahav Bechavod, Katrina Ligett",http://arxiv.org/abs/1707.00044v3,https://github.com/jjgold012/lab-project-fairness,2061,2017-06-30T20:59:44Z,2026-09-10T13:59:16.832037+00:00
1.0,RESEARCH_PAPER,Teacher-Student Curriculum Learning,"Tambet Matiisen, Avital Oliver, Taco Cohen, John Schulman",http://arxiv.org/abs/1707.00183v2,https://github.com/tambetm/TSCL,7068,2017-07-01T18:13:17Z,2026-09-10T13:59:16.832055+00:00
1.0,RESEARCH_PAPER,Text Matching as Image Recognition,"Liang Pang, Yanyan Lan, Jiafeng Guo, Jun Xu, Shengxian Wan, Xueqi Cheng",http://arxiv.org/abs/1602.06359v1,https://github.com/pl8787/MatchPyramid-TensorFlow,1482,2016-02-20T02:55:11Z,2026-09-10T13:59:16.832073+00:00
1.0,RESEARCH_PAPER,Hyperband: A Novel Bandit-Based Approach to Hyperparameter Optimization,"Lisha Li, Kevin Jamieson, Giulia DeSalvo, Afshin Rostamizadeh, Ameet Talwalkar",http://arxiv.org/abs/1603.06560v4,https://github.com/zygmuntz/hyperband,849,2016-03-21T19:51:04Z,2026-09-10T13:59:16.832092+00:00
1.0,RESEARCH_PAPER,Perceptual Losses for Real-Time Style Transfer and Super-Resolution,"Justin Johnson, Alexandre Alahi, Li Fei-Fei",http://arxiv.org/abs/1603.08155v1,https://github.com/ksivaman/super-res,2178,2016-03-27T01:04:27Z,2026-09-10T13:59:16.832112+00:00
1.0,RESEARCH_PAPER,Optimal transport-based machine learning to match specific patterns: application to the detection of molecular regulation patterns in omics data,"Thi Thanh Yen Nguyen, Warith Harchaoui, Lucile Mégret, Cloe Mendoza, Olivier Bouaziz, Christian Neri, Antoine Chambaz",https://arxiv.org/abs/2107.11192v3,https://github.com/yen-nguyen-thi-thanh/wtot_coclust_match,10125,2021-07-21T12:02:16Z,2026-09-10T13:59:16.832130+00:00
1.0,RESEARCH_PAPER,MushroomRL: Simplifying Reinforcement Learning Research,"Carlo D'Eramo, Davide Tateo, Andrea Bonarini, Marcello Restelli, Jan Peters",https://arxiv.org/abs/2001.01102v2,https://github.com/AIRLab-POLIMI/mushroom-rl,6642,2020-01-04T17:23:34Z,2026-09-10T13:59:16.832149+00:00
1.0,RESEARCH_PAPER,Extending Text-to-Speech Synthesis with Articulatory Movement Prediction using Ultrasound Tongue Imaging,Tamás Gábor Csapó,https://arxiv.org/abs/2107.05550v1,https://github.com/BME-SmartLab/txt2ult,2601,2021-07-12T16:19:28Z,2026-09-10T13:59:16.832171+00:00
1.0,RESEARCH_PAPER,DGM: A deep learning algorithm for solving partial differential equations,"Justin Sirignano, Konstantinos Spiliopoulos",http://arxiv.org/abs/1708.07469v5,https://github.com/alialaradi/DeepGalerkinMethod,160,2017-08-24T15:50:24Z,2026-09-10T13:59:16.832193+00:00
1.0,RESEARCH_PAPER,A Spatiotemporal Volumetric Interpolation Network for 4D Dynamic Medical Image,"Yuyu Guo, Lei Bi, Euijoon Ahn, Dagan Feng, Qian Wang, Jinman Kim",https://arxiv.org/abs/2002.12680v2,https://github.com/guoyu-niubility/SVIN,9666,2020-02-28T12:40:34Z,2026-09-10T13:59:16.832213+00:00
1.0,RESEARCH_PAPER,MetaPruning: Meta Learning for Automatic Neural Network Channel Pruning,"Zechun Liu, Haoyuan Mu, Xiangyu Zhang, Zichao Guo, Xin Yang, Tim Kwang-Ting Cheng, Jian Sun",https://arxiv.org/abs/1903.10258v3,https://github.com/liuzechun/MetaPruning,2049,2019-03-25T12:05:27Z,2026-09-10T13:59:16.832234+00:00
1.0,RESEARCH_PAPER,Variational Adversarial Active Learning,"Samarth Sinha, Sayna Ebrahimi, Trevor Darrell",https://arxiv.org/abs/1904.00370v3,https://github.com/sinhasam/vaal,9450,2019-03-31T09:54:17Z,2026-09-10T13:59:16.832259+00:00
1.0,RESEARCH_PAPER,Learning higher-order logic programs,"Andrew Cropper, Rolf Morel, Stephen H. Muggleton",https://arxiv.org/abs/1907.10953v1,https://github.com/metagol/metagol,3219,2019-07-25T10:36:01Z,2026-09-10T13:59:16.832280+00:00
1.0,RESEARCH_PAPER,PDE-Net: Learning PDEs from Data,"Zichao Long, Yiping Lu, Xianzhong Ma, Bin Dong",http://arxiv.org/abs/1710.09668v2,https://github.com/agrundner24/pde-net-in-tf,1631,2017-10-26T12:50:45Z,2026-09-10T13:59:16.832304+00:00
1.0,RESEARCH_PAPER,"X-LXMERT: Paint, Caption and Answer Questions with Multi-Modal Transformers","Jaemin Cho, Jiasen Lu, Dustin Schwenk, Hannaneh Hajishirzi, Aniruddha Kembhavi",https://arxiv.org/abs/2009.11278v1,https://github.com/allenai/x-lxmert,1590,2020-09-23T17:45:17Z,2026-09-10T13:59:16.832328+00:00
1.0,RESEARCH_PAPER,InfinityGAN: Towards Infinite-Pixel Image Synthesis,"Chieh Hubert Lin, Hsin-Ying Lee, Yen-Chi Cheng, Sergey Tulyakov, Ming-Hsuan Yang",https://arxiv.org/abs/2104.03963v4,https://github.com/hubert0527/infinityGAN,4320,2021-04-08T17:59:30Z,2026-09-10T13:59:16.832348+00:00
1.0,RESEARCH_PAPER,Graph Structured Prediction Energy Networks,"Colin Graber, Alexander Schwing",https://arxiv.org/abs/1910.14670v2,https://github.com/cgraber/GSPEN,9984,2019-10-31T17:59:57Z,2026-09-10T13:59:16.832389+00:00
1.0,RESEARCH_PAPER,Image-to-Image Translation with Conditional Adversarial Networks,"Phillip Isola, Jun-Yan Zhu, Tinghui Zhou, Alexei A. Efros",http://arxiv.org/abs/1611.07004v3,https://github.com/sidneykingsley/fyp,2488,2016-11-21T20:48:16Z,2026-09-10T13:59:16.832416+00:00
1.0,RESEARCH_PAPER,Minibatch Processing in Spiking Neural Networks,"Daniel J. Saunders, Cooper Sigrist, Kenneth Chaney, Robert Kozma, Hava T. Siegelmann",https://arxiv.org/abs/1909.02549v1,https://github.com/djsaunde/snn-minibatch,7098,2019-09-05T17:42:31Z,2026-09-10T13:59:16.832440+00:00
1.0,RESEARCH_PAPER,Stochastic Chebyshev Gradient Descent for Spectral Optimization,"Insu Han, Haim Avron, Jinwoo Shin",http://arxiv.org/abs/1802.06355v3,https://github.com/EiffL/SpectralFlow,1253,2018-02-18T09:15:56Z,2026-09-10T13:59:16.832464+00:00
1.0,RESEARCH_PAPER,Learned Image Downscaling for Upscaling using Content Adaptive Resampler,"Wanjie Sun, Zhenzhong Chen",https://arxiv.org/abs/1907.12904v2,https://github.com/twice154/ofa-for-super-resolution,1926,2019-07-22T05:35:27Z,2026-09-10T13:59:16.832484+00:00
1.0,RESEARCH_PAPER,Every positive integer is a sum of three palindromes,"Javier Cilleruelo, Florian Luca, Lewis Baxter",http://arxiv.org/abs/1602.06208v2,https://github.com/TroyLaurin/PalindromeSum,1684,2016-02-19T16:23:43Z,2026-09-10T13:59:16.832506+00:00
1.0,RESEARCH_PAPER,Reducing the Training Time of Neural Networks by Partitioning,"Conrado S. Miranda, Fernando J. Von Zuben",http://arxiv.org/abs/1511.02954v2,https://github.com/agongt408/vbranch,3175,2015-11-10T01:20:51Z,2026-09-10T13:59:16.832528+00:00
1.0,RESEARCH_PAPER,Net2Net: Accelerating Learning via Knowledge Transfer,"Tianqi Chen, Ian Goodfellow, Jonathon Shlens",http://arxiv.org/abs/1511.05641v4,https://github.com/agongt408/vbranch,3175,2015-11-18T02:09:20Z,2026-09-10T13:59:16.832588+00:00
1.0,RESEARCH_PAPER,Simple non-perturbative resummation schemes beyond mean-field: case study for scalar $φ^4$ theory in 1+1 dimensions,Paul Romatschke,http://arxiv.org/abs/1901.05483v1,https://github.com/paro8929/Resummation,1896,2019-01-16T19:01:31Z,2026-09-10T13:59:16.832619+00:00
1.0,RESEARCH_PAPER,The Maven Dependency Graph: a Temporal Graph-based Representation of Maven Central,"Amine Benelallam, Nicolas Harrand, César Soto Valero, Benoit Baudry, Olivier Barais",http://arxiv.org/abs/1901.05392v1,https://github.com/tdegueul/sonar-dataset,1627,2019-01-16T17:11:13Z,2026-09-10T13:59:16.832696+00:00
1.0,RESEARCH_PAPER,Adversarial Training Methods for Network Embedding,"Quanyu Dai, Xiao Shen, Liang Zhang, Qiang Li, Dan Wang",https://arxiv.org/abs/1908.11514v1,https://github.com/wonniu/AdvT4NE_WWW2019,9507,2019-08-30T02:48:52Z,2026-09-10T13:59:16.832735+00:00
1.0,RESEARCH_PAPER,Central Server Free Federated Learning over Single-sided Trust Social Networks,"Chaoyang He, Conghui Tan, Hanlin Tang, Shuang Qiu, Ji Liu",https://arxiv.org/abs/1910.04956v2,https://github.com/FedML-AI/FedML/tree/master/fedml_experiments/standalone/decentralized,4116,2019-10-11T03:36:53Z,2026-09-10T13:59:16.832763+00:00
1.0,RESEARCH_PAPER,Expert load matters: operating networks at high accuracy and low manual effort,"Sara Sangalli, Ertunc Erdil, Ender Konukoglu",https://arxiv.org/abs/2308.05035v2,https://github.com/salusanga/aucoc_loss,2067,2023-08-09T16:08:32Z,2026-09-10T13:59:16.832785+00:00
1.0,RESEARCH_PAPER,"Accurate, Large Minibatch SGD: Training ImageNet in 1 Hour","Priya Goyal, Piotr Dollár, Ross Girshick, Pieter Noordhuis, Lukasz Wesolowski, Aapo Kyrola, Andrew Tulloch, Yangqing Jia, Kaiming He",http://arxiv.org/abs/1706.02677v2,https://github.com/darkreapyre/HaaS-dev,3430,2017-06-08T16:51:53Z,2026-09-10T13:59:16.832809+00:00
1.0,RESEARCH_PAPER,FibeR-CNN: Expanding Mask R-CNN to Improve Image-Based Fiber Analysis,"Max Frei, Frank Einar Kruis",https://arxiv.org/abs/2006.04552v2,https://github.com/maxfrei750/synthPIC4Python,5139,2020-06-08T13:03:09Z,2026-09-10T13:59:16.832947+00:00
1.0,RESEARCH_PAPER,Knee Point Identification Based on Trade-Off Utility,"Ke Li, Haifeng Nie, Huifu Gao, Xin Yao",https://arxiv.org/abs/2005.11600v1,https://github.com/COLA-Laboratory/kpi,126,2020-05-23T21:05:00Z,2026-09-10T13:59:16.832968+00:00
1.0,RESEARCH_PAPER,Matching Networks for One Shot Learning,"Oriol Vinyals, Charles Blundell, Timothy Lillicrap, Koray Kavukcuoglu, Daan Wierstra",http://arxiv.org/abs/1606.04080v2,https://github.com/fujenchu/matchingNet,280,2016-06-13T19:34:22Z,2026-09-10T13:59:16.832990+00:00
1.0,RESEARCH_PAPER,Probabilistic FastText for Multi-Sense Word Embeddings,"Ben Athiwaratkun, Andrew Gordon Wilson, Anima Anandkumar",http://arxiv.org/abs/1806.02901v1,https://github.com/benathi/multisense-prob-fasttext,2703,2018-06-07T20:57:22Z,2026-09-10T13:59:16.833016+00:00
1.0,RESEARCH_PAPER,Self-Supervised Visual Planning with Temporal Skip Connections,"Frederik Ebert, Chelsea Finn, Alex X. Lee, Sergey Levine",http://arxiv.org/abs/1710.05268v1,https://github.com/CompVis/image2video-synthesis-using-cINNs,306,2017-10-15T02:58:20Z,2026-09-10T13:59:16.833088+00:00
1.0,RESEARCH_PAPER,The Hitchhiker's Guide to LDA,Chen Ma,https://arxiv.org/abs/1908.03142v2,https://github.com/MachineIntellect/GibbsLDA_plus,3417,2019-08-07T03:59:19Z,2026-09-10T13:59:16.833121+00:00
1.0,RESEARCH_PAPER,ShuffleNet V2: Practical Guidelines for Efficient CNN Architecture Design,"Ningning Ma, Xiangyu Zhang, Hai-Tao Zheng, Jian Sun",http://arxiv.org/abs/1807.11164v1,https://github.com/savageyusuff/MobilePose-Pi,1176,2018-07-30T04:18:25Z,2026-09-10T13:59:16.833142+00:00
1.0,RESEARCH_PAPER,UniTE: Unified Translation Evaluation,"Yu Wan, Dayiheng Liu, Baosong Yang, Haibo Zhang, Boxing Chen, Derek F. Wong, Lidia S. Chao",https://arxiv.org/abs/2204.13346v1,https://github.com/wanyu2018umac/UniTE,4383,2022-04-28T08:35:26Z,2026-09-10T13:59:16.833162+00:00
1.0,RESEARCH_PAPER,Efficient nonparametric statistical inference on population feature importance using Shapley values,"Brian D. Williamson, Jean Feng",https://arxiv.org/abs/2006.09481v1,https://github.com/bdwilliamson/spvim_supplementary,2668,2020-06-16T19:47:11Z,2026-09-10T13:59:16.833182+00:00
1.0,RESEARCH_PAPER,Searching for MobileNetV3,"Andrew Howard, Mark Sandler, Grace Chu, Liang-Chieh Chen, Bo Chen, Mingxing Tan, Weijun Wang, Yukun Zhu, Ruoming Pang, Vijay Vasudevan, Quoc V. Le, Hartwig Adam",https://arxiv.org/abs/1905.02244v5,https://github.com/rwightman/efficientnet-jax,147,2019-05-06T19:38:31Z,2026-09-10T13:59:16.833209+00:00
1.0,RESEARCH_PAPER,Physics-Informed Neural Networks for Non-linear System Identification for Power System Dynamics,"Jochen Stiasny, George S. Misyris, Spyros Chatzivasileiadis",https://arxiv.org/abs/2004.04026v2,https://github.com/jbesty/PINN_system_identification,1953,2020-04-08T14:50:13Z,2026-09-10T13:59:16.833247+00:00
1.0,RESEARCH_PAPER,Distilling Model Knowledge,George Papamakarios,http://arxiv.org/abs/1510.02437v1,https://github.com/gpapamak/distilling_model_knowledge,3414,2015-10-08T18:40:50Z,2026-09-10T13:59:16.833301+00:00
1.0,RESEARCH_PAPER,Effective obstruction to lifting Tate classes from positive characteristic,"Edgar Costa, Emre Can Sertöz",https://arxiv.org/abs/2003.11037v3,https://github.com/edgarcosta/crystalline_obstruction,1380,2020-03-24T18:00:12Z,2026-09-10T13:59:16.833321+00:00
1.0,RESEARCH_PAPER,Attention Is All You Need,"Ashish Vaswani, Noam Shazeer, Niki Parmar, Jakob Uszkoreit, Llion Jones, Aidan N. Gomez, Lukasz Kaiser, Illia Polosukhin",https://arxiv.org/abs/1706.03762v7,https://github.com/StillKeepTry/Transformer-PyTorch,512,2017-06-12T17:57:34Z,2026-09-10T13:59:16.833344+00:00
1.0,RESEARCH_PAPER,On the Importance of Capturing a Sufficient Diversity of Perspective for the Classification of micro-PCBs,"Adam Byerly, Tatiana Kalganova, Anthony J. Grichnik",https://arxiv.org/abs/2101.11164v1,https://github.com/AdamByerly/micro-pcb-analysis,1299,2021-01-27T02:06:09Z,2026-09-10T13:59:16.833373+00:00
1.0,RESEARCH_PAPER,Dropout as a Bayesian Approximation: Representing Model Uncertainty in Deep Learning,"Yarin Gal, Zoubin Ghahramani",http://arxiv.org/abs/1506.02142v6,https://github.com/cdebeunne/uncertainties_CNN,3304,2015-06-06T12:30:43Z,2026-09-10T13:59:16.833394+00:00
1.0,RESEARCH_PAPER,GaussianProcesses.jl: A Nonparametric Bayes package for the Julia Language,"Jamie Fairbrother, Christopher Nemeth, Maxime Rischard, Johanni Brea, Thomas Pinder",https://arxiv.org/abs/1812.09064v2,https://github.com/UnofficialJuliaMirrorSnapshots/GaussianProcesses.jl-891a1506-143c-57d2-908e-e1f8e92e6de9,1578,2018-12-21T11:45:16Z,2026-09-10T13:59:16.833422+00:00
1.0,RESEARCH_PAPER,Tractable higher-order under-approximating AE extensions for non-linear systems,"Eric Goubault, Sylvie Putot",https://arxiv.org/abs/2101.11536v1,https://github.com/cosynus-lix/RINO,8772,2021-01-27T16:45:26Z,2026-09-10T13:59:16.833441+00:00
1.0,RESEARCH_PAPER,Lightweight Probabilistic Deep Networks,"Jochen Gast, Stefan Roth",http://arxiv.org/abs/1805.11327v1,https://github.com/cdebeunne/uncertainties_CNN,3304,2018-05-29T09:40:52Z,2026-09-10T13:59:16.833461+00:00
1.0,RESEARCH_PAPER,Reducing complexity and unidentifiability when modelling human atrial cells,"C. Houston, B. Marchand, L. Engelbert, C. D. Cantwell",https://arxiv.org/abs/2001.10954v1,https://github.com/charleshouston/ion-channel-ABC,7488,2020-01-29T16:57:07Z,2026-09-10T13:59:16.833482+00:00
1.0,RESEARCH_PAPER,Model-Agnostic Meta-Learning for Fast Adaptation of Deep Networks,"Chelsea Finn, Pieter Abbeel, Sergey Levine",http://arxiv.org/abs/1703.03400v3,https://github.com/MoritzTaylor/maml-rl-tf2,3144,2017-03-09T18:58:03Z,2026-09-10T13:59:16.833501+00:00
1.0,RESEARCH_PAPER,f-GAN: Training Generative Neural Samplers using Variational Divergence Minimization,"Sebastian Nowozin, Botond Cseke, Ryota Tomioka",http://arxiv.org/abs/1606.00709v1,https://github.com/mboudiaf/Mutual-Information-Variational-Bounds,860,2016-06-02T14:53:33Z,2026-09-10T13:59:16.833519+00:00
1.0,RESEARCH_PAPER,NLTK: The Natural Language Toolkit,AI Research Consortium,https://arxiv.org/abs/cs/0205028v1,https://github.com/napakalas/NLIMED,3420,2024-01-15T00:00:00Z,2026-09-10T13:59:16.833540+00:00
1.0,RESEARCH_PAPER,An Architecture Combining Convolutional Neural Network (CNN) and Support Vector Machine (SVM) for Image Classification,Abien Fred Agarap,http://arxiv.org/abs/1712.03541v2,https://github.com/da-moon/classifiers-monorepo,2477,2017-12-10T14:50:28Z,2026-09-10T13:59:16.833559+00:00
1.0,RESEARCH_PAPER,Deep Forest,"Zhi-Hua Zhou, Ji Feng",https://arxiv.org/abs/1702.08835v4,https://github.com/da-moon/classifiers-monorepo,2477,2017-02-28T16:10:31Z,2026-09-10T13:59:16.833579+00:00
1.0,RESEARCH_PAPER,A Neural Network Architecture Combining Gated Recurrent Unit (GRU) and Support Vector Machine (SVM) for Intrusion Detection in Network Traffic Data,Abien Fred Agarap,http://arxiv.org/abs/1709.03082v8,https://github.com/da-moon/classifiers-monorepo,2477,2017-09-10T10:43:09Z,2026-09-10T13:59:16.833596+00:00
1.0,RESEARCH_PAPER,High Throughput Open-Source Implementation of Wi-Fi 6 and WiMAX LDPC Encoder and Decoder,"Tomas Palenik, Viktor Szitkey",https://arxiv.org/abs/2306.12063v1,https://github.com/talenik/yaldpc,5766,2023-06-21T07:17:50Z,2026-09-10T13:59:16.833615+00:00
1.0,RESEARCH_PAPER,Achieving Open Vocabulary Neural Machine Translation with Hybrid Word-Character Models,"Minh-Thang Luong, Christopher D. Manning",http://arxiv.org/abs/1604.00788v2,https://github.com/yurayli/stanford-cs224n-sol,1996,2016-04-04T09:30:54Z,2026-09-10T13:59:16.833641+00:00
1.0,RESEARCH_PAPER,QUBO formulations for numerical quantum computing,Kyungtaek Jun,https://arxiv.org/abs/2106.10819v4,https://github.com/ktfriends/QUBO/blob/main/Formulations.ipynb,3453,2021-06-21T02:49:59Z,2026-09-10T13:59:16.833659+00:00
1.0,RESEARCH_PAPER,Continuous Dropout,"Xu Shen, Xinmei Tian, Tongliang Liu, Fang Xu, Dacheng Tao",https://arxiv.org/abs/1911.12675v1,https://github.com/jasonustc/caffe-multigpu,6108,2019-11-28T12:37:48Z,2026-09-10T13:59:16.833677+00:00
1.0,RESEARCH_PAPER,FALCON: An accurate real-time monitor for client-based mobile network data analytics,"Robert Falkenberg, Christian Wietfeld",https://arxiv.org/abs/1907.10110v2,https://github.com/falkenber9/falcon,3384,2019-07-23T19:42:16Z,2026-09-10T13:59:16.833697+00:00
1.0,RESEARCH_PAPER,Wavelet Convolutional Neural Networks for Texture Classification,"Shin Fujieda, Kohei Takayama, Toshiya Hachisuka",http://arxiv.org/abs/1707.07394v1,https://github.com/menon92/WaveletCNN,1413,2017-07-24T03:59:04Z,2026-09-10T13:59:16.833721+00:00
1.0,RESEARCH_PAPER,Joint Unsupervised Learning of Optical Flow and Depth by Watching Stereo Videos,"Yang Wang, Zhenheng Yang, Peng Wang, Yi Yang, Chenxu Luo, Wei Xu",http://arxiv.org/abs/1810.03654v1,https://github.com/baidu-research/UnDepthflow,8211,2018-10-08T18:49:46Z,2026-09-10T13:59:16.833740+00:00
1.0,RESEARCH_PAPER,Rgtsvm: Support Vector Machines on a GPU in R,"Zhong Wang, Tinyi Chu, Lauren A Choate, Charles G Danko",http://arxiv.org/abs/1706.05544v1,https://github.com/Danko-Lab/Rgtsvm,219,2017-06-17T14:22:46Z,2026-09-10T13:59:16.833758+00:00
1.0,RESEARCH_PAPER,The Cosmic Linear Anisotropy Solving System (CLASS) II: Approximation schemes,"Diego Blas, Julien Lesgourgues, Thomas Tram",http://arxiv.org/abs/1104.2933v3,https://github.com/PoulinV/class_interacting_neutrinos,3139,2011-04-14T22:06:43Z,2026-09-10T13:59:16.833776+00:00
1.0,RESEARCH_PAPER,Assessing the Role of Datasets in the Generalization of Motion Deblurring Methods to Real Images,"Guillermo Carbajal, Patricia Vitoria, José Lezama, Pablo Musé",https://arxiv.org/abs/2209.12675v1,https://github.com/guillermocarbajal/segmentationbaseddeblurringdataset,6342,2022-09-26T13:20:35Z,2026-09-10T13:59:16.833795+00:00
1.0,RESEARCH_PAPER,Manhattan Room Layout Reconstruction from a Single 360 image: A Comparative Study of State-of-the-art Methods,"Chuhang Zou, Jheng-Wei Su, Chi-Han Peng, Alex Colburn, Qi Shan, Peter Wonka, Hung-Kuo Chu, Derek Hoiem",https://arxiv.org/abs/1910.04099v3,https://github.com/sunset1995/HorizonNet,3063,2019-10-09T16:22:04Z,2026-09-10T13:59:16.833813+00:00
1.0,RESEARCH_PAPER,ToyADMOS: A Dataset of Miniature-Machine Operating Sounds for Anomalous Sound Detection,"Yuma Koizumi, Shoichiro Saito, Hisashi Uematsu, Noboru Harada, Keisuke Imoto",https://arxiv.org/abs/1908.03299v1,https://github.com/YumaKoizumi/ToyADMOS-dataset,2877,2019-08-09T03:52:08Z,2026-09-10T13:59:16.833831+00:00
1.0,RESEARCH_PAPER,GNNExplainer: Generating Explanations for Graph Neural Networks,"Rex Ying, Dylan Bourgeois, Jiaxuan You, Marinka Zitnik, Jure Leskovec",https://arxiv.org/abs/1903.03894v4,https://github.com/anshul3899/GNNExplainer-Experiments,2446,2019-03-10T00:56:26Z,2026-09-10T13:59:16.833851+00:00
1.0,RESEARCH_PAPER,Collective optimization for variational quantum eigensolvers,"Dan-Bo Zhang, Tao Yin",https://arxiv.org/abs/1910.14030v1,https://github.com/QuContractor/VQE_tutorial,3031,2019-10-30T13:45:02Z,2026-09-10T13:59:16.833870+00:00
1.0,RESEARCH_PAPER,Tha3aroon at NSURL-2019 Task 8: Semantic Question Similarity in Arabic,"Ali Fadel, Ibraheem Tuffaha, Mahmoud Al-Ayyoub",https://arxiv.org/abs/1912.12514v1,https://github.com/AliOsm/semantic-question-similarity,8688,2019-12-28T20:11:33Z,2026-09-10T13:59:16.833889+00:00
1.0,RESEARCH_PAPER,Physics Informed Deep Learning (Part II): Data-driven Discovery of Nonlinear Partial Differential Equations,"Maziar Raissi, Paris Perdikaris, George Em Karniadakis",http://arxiv.org/abs/1711.10566v1,https://github.com/pierremtb/PINNs-TF2.0,2879,2017-11-28T21:29:35Z,2026-09-10T13:59:16.833906+00:00
1.0,RESEARCH_PAPER,Adversarial Robustness Guarantees for Gaussian Processes,"Andrea Patane, Arno Blaas, Luca Laurenti, Luca Cardelli, Stephen Roberts, Marta Kwiatkowska",https://arxiv.org/abs/2104.03180v1,https://github.com/andreapatane/check-GPclass,885,2021-04-07T15:14:56Z,2026-09-10T13:59:16.833924+00:00
1.0,RESEARCH_PAPER,"Planck 2015 results. XI. CMB power spectra, likelihoods, and robustness of parameters"," Planck Collaboration, N. Aghanim, M. Arnaud, M. Ashdown, J. Aumont, C. Baccigalupi, A. J. Banday, R. B. Barreiro, J. G. Bartlett, N. Bartolo, E. Battaner, K. Benabed, A. Benoît, A. Benoit-Lévy, J. -P. Bernard, M. Bersanelli, P. Bielewicz, J. J. Bock, A. Bonaldi, L. Bonavera, J. R. Bond, J. Borrill, F. R. Bouchet, F. Boulanger, M. Bucher, C. Burigana, R. C. Butler, E. Calabrese, J. -F. Cardoso, A. Catalano, A. Challinor, H. C. Chiang, P. R. Christensen, D. L. Clements, L. P. L. Colombo, C. Combet, A. Coulais, B. P. Crill, A. Curto, F. Cuttaia, L. Danese, R. D. Davies, R. J. Davis, P. de Bernardis, A. de Rosa, G. de Zotti, J. Delabrouille, F. -X. Désert, E. Di Valentino, C. Dickinson, J. M. Diego, K. Dolag, H. Dole, S. Donzelli, O. Doré, M. Douspis, A. Ducout, J. Dunkley, X. Dupac, G. Efstathiou, F. Elsner, T. A. Enßlin, H. K. Eriksen, J. Fergusson, F. Finelli, O. Forni, M. Frailis, A. A. Fraisse, E. Franceschi, A. Frejsel, S. Galeotta, S. Galli, K. Ganga, C. Gauthier, M. Gerbino, M. Giard, E. Gjerløw, J. González-Nuevo, K. M. Górski, S. Gratton, A. Gregorio, A. Gruppuso, J. E. Gudmundsson, J. Hamann, F. K. Hansen, D. L. Harrison, G. Helou, S. Henrot-Versillé, C. Hernández-Monteagudo, D. Herranz, S. R. Hildebrandt, E. Hivon, W. A. Holmes, A. Hornstrup, K. M. Huffenberger, G. Hurier, A. H. Jaffe, W. C. Jones, M. Juvela, E. Keihänen, R. Keskitalo, K. Kiiveri, J. Knoche, L. Knox, M. Kunz, H. Kurki-Suonio, G. Lagache, A. Lähteenmäki, J. -M. Lamarre, A. Lasenby, M. Lattanzi, C. R. Lawrence, M. Le Jeune, R. Leonardi, J. Lesgourgues, F. Levrier, A. Lewis, M. Liguori, P. B. Lilje, M. Lilley, M. Linden-Vørnle, V. Lindholm, M. López-Caniego, J. F. Macías-Pérez, B. Maffei, G. Maggio, D. Maino, N. Mandolesi, A. Mangilli, M. Maris, P. G. Martin, E. Martínez-González, S. Masi, S. Matarrese, P. R. Meinhold, A. Melchiorri, M. Migliaccio, M. Millea, S. Mitra, M. -A. Miville-Deschênes, A. Moneti, L. Montier, G. Morgante, D. Mortlock, S. Mottet, D. Munshi, J. A. Murphy, A. Narimani, P. Naselsky, F. Nati, P. Natoli, F. Noviello, D. Novikov, I. Novikov, C. A. Oxborrow, F. Paci, L. Pagano, F. Pajot, D. Paoletti, B. Partridge, F. Pasian, G. Patanchon, T. J. Pearson, O. Perdereau, L. Perotto, V. Pettorino, F. Piacentini, M. Piat, E. Pierpaoli, D. Pietrobon, S. Plaszczynski, E. Pointecouteau, G. Polenta, N. Ponthieu, G. W. Pratt, S. Prunet, J. -L. Puget, J. P. Rachen, M. Reinecke, M. Remazeilles, C. Renault, A. Renzi, I. Ristorcelli, G. Rocha, M. Rossetti, G. Roudier, B. Rouillé d'Orfeuil, J. A. Rubiño-Martín, B. Rusholme, L. Salvati, M. Sandri, D. Santos, M. Savelainen, G. Savini, D. Scott, P. Serra, L. D. Spencer, M. Spinelli, V. Stolyarov, R. Stompor, R. Sunyaev, D. Sutton, A. -S. Suur-Uski, J. -F. Sygnet, J. A. Tauber, L. Terenzi, L. Toffolatti, M. Tomasi, M. Tristram, T. Trombetti, M. Tucci, J. Tuovinen, G. Umana, L. Valenziano, J. Valiviita, F. Van Tent, P. Vielva, F. Villa, L. A. Wade, B. D. Wandelt, I. K. Wehus, D. Yvon, A. Zacchei, A. Zonca",https://arxiv.org/abs/1507.02704v3,https://github.com/heatherprince/cosmoped,2625,2015-07-09T20:41:51Z,2026-09-10T13:59:16.833968+00:00
1.0,RESEARCH_PAPER,Field-aware Factorization Machines in a Real-world Online Advertising System,"Yuchin Juan, Damien Lefortier, Olivier Chapelle",http://arxiv.org/abs/1701.04099v3,https://github.com/cpapadimitriou/Click-Through-Rate-prediction,1802,2017-01-15T19:13:22Z,2026-09-10T13:59:16.833988+00:00
1.0,RESEARCH_PAPER,GLAS: Global-to-Local Safe Autonomy Synthesis for Multi-Robot Motion Planning with End-to-End Learning,"Benjamin Rivière, Wolfgang Hoenig, Yisong Yue, Soon-Jo Chung",https://arxiv.org/abs/2002.11807v3,https://github.com/bpriviere/glas,10137,2020-02-26T21:51:35Z,2026-09-10T13:59:16.834007+00:00
1.0,RESEARCH_PAPER,Neural Machine Translation by Jointly Learning to Align and Translate,"Dzmitry Bahdanau, Kyunghyun Cho, Yoshua Bengio",http://arxiv.org/abs/1409.0473v7,https://github.com/yurayli/stanford-cs224n-sol,1996,2014-09-01T16:33:02Z,2026-09-10T13:59:16.834026+00:00
1.0,RESEARCH_PAPER,Words Can Shift: Dynamically Adjusting Word Representations Using Nonverbal Behaviors,"Yansen Wang, Ying Shen, Zhun Liu, Paul Pu Liang, Amir Zadeh, Louis-Philippe Morency",http://arxiv.org/abs/1811.09362v2,https://github.com/righ120/multimodal_nlp,3298,2018-11-23T05:13:38Z,2026-09-10T13:59:16.834044+00:00
1.0,RESEARCH_PAPER,A guide to convolution arithmetic for deep learning,"Vincent Dumoulin, Francesco Visin",http://arxiv.org/abs/1603.07285v2,https://github.com/ryan-perk/olympic_mining,894,2016-03-23T17:52:21Z,2026-09-10T13:59:16.834063+00:00
1.0,RESEARCH_PAPER,Constructing Metropolis-Hastings proposals using damped BFGS updates,"Johan Dahlin, Adrian Wills, Brett Ninness",http://arxiv.org/abs/1801.01243v2,https://github.com/compops/qnmh-sysid2018,10410,2018-01-04T04:33:57Z,2026-09-10T13:59:16.834084+00:00
1.0,RESEARCH_PAPER,MS MARCO: A Human Generated MAchine Reading COmprehension Dataset,"Payal Bajaj, Daniel Campos, Nick Craswell, Li Deng, Jianfeng Gao, Xiaodong Liu, Rangan Majumder, Andrew McNamara, Bhaskar Mitra, Tri Nguyen, Mir Rosenberg, Xia Song, Alina Stoica, Saurabh Tiwary, Tong Wang",http://arxiv.org/abs/1611.09268v3,https://github.com/microsoft/MSMARCO-OpenKP,1233,2016-11-28T18:14:11Z,2026-09-10T13:59:16.834107+00:00
1.0,RESEARCH_PAPER,Variational Cross-domain Natural Language Generation for Spoken Dialogue Systems,"Bo-Hsiang Tseng, Florian Kreyssig, Pawel Budzianowski, Inigo Casanueva, Yen-Chen Wu, Stefan Ultes, Milica Gasic",http://arxiv.org/abs/1812.08879v1,https://github.com/andy194673/nlg-scvae,1335,2018-12-20T22:53:33Z,2026-09-10T13:59:16.834126+00:00
1.0,RESEARCH_PAPER,Large-Scale Study of Curiosity-Driven Learning,"Yuri Burda, Harri Edwards, Deepak Pathak, Amos Storkey, Trevor Darrell, Alexei A. Efros",http://arxiv.org/abs/1808.04355v1,https://github.com/SPark9625/Large-Scale-Study-of-Curiosity-Driven-Learning,1621,2018-08-13T17:58:01Z,2026-09-10T13:59:16.834146+00:00
1.0,RESEARCH_PAPER,Microsoft COCO: Common Objects in Context,"Tsung-Yi Lin, Michael Maire, Serge Belongie, Lubomir Bourdev, Ross Girshick, James Hays, Pietro Perona, Deva Ramanan, C. Lawrence Zitnick, Piotr Dollár",http://arxiv.org/abs/1405.0312v3,https://github.com/vlcekl/n2n-tomo,1126,2014-05-01T21:43:32Z,2026-09-10T13:59:16.834166+00:00
1.0,RESEARCH_PAPER,Geometric learning of the conformational dynamics of molecules using dynamic graph neural networks,"Michael Hunter Ashby, Jenna A. Bilbrey",https://arxiv.org/abs/2106.13277v1,https://github.com/pnnl/mol_dgnn,4125,2021-06-24T19:01:05Z,2026-09-10T13:59:16.834184+00:00
1.0,RESEARCH_PAPER,"Asteroseismology of 16000 Kepler Red Giants: Global Oscillation Parameters, Masses, and Radii","Jie Yu, Daniel Huber, Timothy R. Bedding, Dennis Stello, Marc Hon, Simon J. Murphy, Shourya Khanna",http://arxiv.org/abs/1802.04455v2,https://github.com/rodrigcd/Recurrent_parameter_estimation,3027,2018-02-13T03:34:31Z,2026-09-10T13:59:16.834203+00:00
1.0,RESEARCH_PAPER,AirSim: High-Fidelity Visual and Physical Simulation for Autonomous Vehicles,"Shital Shah, Debadeepta Dey, Chris Lovett, Ashish Kapoor",http://arxiv.org/abs/1705.05065v2,https://github.com/jgaleav/AirSim,1507,2017-05-15T04:06:22Z,2026-09-10T13:59:16.834222+00:00
1.0,RESEARCH_PAPER,Lowest Dimensional Portals to SU($N$) Exotics,"Tesla Jeltema, Stefano Profumo, Jaryd F. Ulbricht",http://arxiv.org/abs/2010.05827v1,https://github.com/jaulbric/Tesselation,1899,2020-10-12T16:20:19Z,2026-09-10T13:59:16.834241+00:00
1.0,RESEARCH_PAPER,LowResourceEval-2019: a shared task on morphological analysis for low-resource languages,"Elena Klyachko, Alexey Sorokin, Natalia Krizhanovskaya, Andrew Krizhanovsky, Galina Ryazanskaya",https://arxiv.org/abs/2001.11285v1,https://github.com/lowresource-lang-eval/morphology_scripts,2076,2020-01-30T12:47:50Z,2026-09-10T13:59:16.834261+00:00
1.0,RESEARCH_PAPER,A Simple Dynamization of Trapezoidal Point Location in Planar Subdivisions,"Milutin Brankovic, Nikola Grujic, André van Renssen, Martin P. Seybold",https://arxiv.org/abs/1912.03389v1,https://github.com/milutinB/dynamic_trapezoidal_map_impl,1854,2019-12-06T23:30:05Z,2026-09-10T13:59:16.834285+00:00
1.0,RESEARCH_PAPER,PointNet: Deep Learning on Point Sets for 3D Classification and Segmentation,"Charles R. Qi, Hao Su, Kaichun Mo, Leonidas J. Guibas",http://arxiv.org/abs/1612.00593v2,https://github.com/GOD-GOD-Autonomous-Vehicle/self-pointnet,2913,2016-12-02T08:40:40Z,2026-09-10T13:59:16.834306+00:00
1.0,RESEARCH_PAPER,Rethinking Atrous Convolution for Semantic Image Segmentation,"Liang-Chieh Chen, George Papandreou, Florian Schroff, Hartwig Adam",http://arxiv.org/abs/1706.05587v3,https://github.com/giovanniguidi/deeplabV3_Pytorch,510,2017-06-17T22:48:57Z,2026-09-10T13:59:16.834329+00:00
1.0,RESEARCH_PAPER,Speeding up VP9 Intra Encoder with Hierarchical Deep Learning Based Partition Prediction,"Somdyuti Paul, Andrey Norkin, Alan C. Bovik",https://arxiv.org/abs/1906.06476v2,https://github.com/Somdyuti2/H-FCN,2463,2019-06-15T05:50:25Z,2026-09-10T13:59:16.974571+00:00
1.0,RESEARCH_PAPER,Encoder-Decoder with Atrous Separable Convolution for Semantic Image Segmentation,"Liang-Chieh Chen, Yukun Zhu, George Papandreou, Florian Schroff, Hartwig Adam",http://arxiv.org/abs/1802.02611v3,https://github.com/giovanniguidi/deeplabV3_Pytorch,510,2018-02-07T19:37:11Z,2026-09-10T13:59:16.974610+00:00
1.0,RESEARCH_PAPER,Transform-Invariant Convolutional Neural Networks for Image Classification and Search,"Xu Shen, Xinmei Tian, Anfeng He, Shaoyan Sun, Dacheng Tao",https://arxiv.org/abs/1912.01447v1,https://github.com/jasonustc/caffe-multigpu,6108,2019-11-28T13:09:21Z,2026-09-10T13:59:16.974624+00:00
1.0,RESEARCH_PAPER,Network Trimming: A Data-Driven Neuron Pruning Approach towards Efficient Deep Architectures,"Hengyuan Hu, Rui Peng, Yu-Wing Tai, Chi-Keung Tang",http://arxiv.org/abs/1607.03250v1,https://github.com/Mind23-2/MindCode-24,1435,2016-07-12T07:43:01Z,2026-09-10T13:59:16.974636+00:00
1.0,RESEARCH_PAPER,Streaming Word Embeddings with the Space-Saving Algorithm,"Chandler May, Kevin Duh, Benjamin Van Durme, Ashwin Lall",http://arxiv.org/abs/1704.07463v1,https://github.com/cjmay/athena,402,2017-04-24T20:55:33Z,2026-09-10T13:59:16.974648+00:00
1.0,RESEARCH_PAPER,Sentence-BERT: Sentence Embeddings using Siamese BERT-Networks,"Nils Reimers, Iryna Gurevych",https://arxiv.org/abs/1908.10084v1,https://github.com/aneesha/SiameseBERT-Notebook,2392,2019-08-27T08:50:17Z,2026-09-10T13:59:16.974664+00:00
1.0,RESEARCH_PAPER,DARTS: Differentiable Architecture Search,"Hanxiao Liu, Karen Simonyan, Yiming Yang",http://arxiv.org/abs/1806.09055v2,https://github.com/google-research/google-research/tree/master/enas_lm,3120,2018-06-24T00:06:13Z,2026-09-10T13:59:16.974677+00:00
1.0,RESEARCH_PAPER,Regularizing and Optimizing LSTM Language Models,"Stephen Merity, Nitish Shirish Keskar, Richard Socher",http://arxiv.org/abs/1708.02182v1,https://github.com/google-research/google-research/tree/master/enas_lm,3120,2017-08-07T16:03:44Z,2026-09-10T13:59:16.974688+00:00
1.0,RESEARCH_PAPER,MECT: Multi-Metadata Embedding based Cross-Transformer for Chinese Named Entity Recognition,"Shuang Wu, Xiaoning Song, Zhenhua Feng",https://arxiv.org/abs/2107.05418v1,https://github.com/CoderMusou/MECT4CNER,9657,2021-07-12T13:39:06Z,2026-09-10T13:59:16.974699+00:00
1.0,RESEARCH_PAPER,Analyzing Machine Learning Workloads Using a Detailed GPU Simulator,"Jonathan Lew, Deval Shah, Suchita Pati, Shaylin Cattell, Mengchi Zhang, Amruth Sandhupatla, Christopher Ng, Negar Goli, Matthew D. Sinclair, Timothy G. Rogers, Tor Aamodt",http://arxiv.org/abs/1811.08933v1,https://github.com/prdalmia/gpgpu-sim-tlb,2832,2018-11-18T07:52:34Z,2026-09-10T13:59:16.974714+00:00
1.0,RESEARCH_PAPER,Pixel-Wise Motion Deblurring of Thermal Videos,"Manikandasriram Srinivasan Ramanagopal, Zixu Zhang, Ram Vasudevan, Matthew Johnson-Roberson",https://arxiv.org/abs/2006.04973v1,https://github.com/umautobots/pixelwise-deblurring,3050,2020-06-08T22:35:12Z,2026-09-10T13:59:16.974725+00:00
1.0,RESEARCH_PAPER,Limitations of Lazy Training of Two-layers Neural Networks,"Behrooz Ghorbani, Song Mei, Theodor Misiakiewicz, Andrea Montanari",https://arxiv.org/abs/1906.08899v1,https://github.com/bGhorbani/Lazy-Training-Neural-Nets,3310,2019-06-21T00:29:54Z,2026-09-10T13:59:16.974738+00:00
1.0,RESEARCH_PAPER,A multimodal deep learning framework for scalable content based visual media retrieval,"Ambareesh Ravi, Amith Nandakumar",https://arxiv.org/abs/2105.08665v1,https://github.com/ambareeshravi/media_retrieval,3708,2021-05-18T16:49:08Z,2026-09-10T13:59:16.974749+00:00
1.0,RESEARCH_PAPER,A General and Adaptive Robust Loss Function,Jonathan T. Barron,http://arxiv.org/abs/1701.03077v10,https://github.com/jonbarron/robust_loss_pytorch,1522,2017-01-11T17:39:14Z,2026-09-10T13:59:16.974761+00:00
1.0,RESEARCH_PAPER,An entropy stable discontinuous Galerkin method for the two-layer shallow water equations on curvilinear meshes,"Patrick Ersing, Andrew R. Winters",https://arxiv.org/abs/2306.12699v1,https://github.com/trixi-framework/paper-2023-es_two_layer,8214,2023-06-22T07:06:27Z,2026-09-10T13:59:16.974773+00:00
1.0,RESEARCH_PAPER,CullNet: Calibrated and Pose Aware Confidence Scores for Object Pose Estimation,"Kartik Gupta, Lars Petersson, Richard Hartley",https://arxiv.org/abs/1909.13476v1,https://github.com/kartikgupta-at-anu/CullNet,6795,2019-09-30T06:39:05Z,2026-09-10T13:59:16.974784+00:00
1.0,RESEARCH_PAPER,Semantic Image Synthesis with Spatially-Adaptive Normalization,"Taesung Park, Ming-Yu Liu, Ting-Chun Wang, Jun-Yan Zhu",https://arxiv.org/abs/1903.07291v2,https://github.com/Kokonut133/frame2frame,1157,2019-03-18T08:12:23Z,2026-09-10T13:59:16.974795+00:00
1.0,RESEARCH_PAPER,Flashlight CNN Image Denoising,"Pham Huu Thanh Binh, Cristóvão Cruz, Karen Egiazarian",https://arxiv.org/abs/2003.00762v2,https://github.com/binhpht/flashlightCNN,6069,2020-03-02T11:09:25Z,2026-09-10T13:59:16.974806+00:00
1.0,RESEARCH_PAPER,First Exit Time Analysis of Stochastic Gradient Descent Under Heavy-Tailed Gradient Noise,"Thanh Huy Nguyen, Umut Şimşekli, Mert Gürbüzbalaban, Gaël Richard",https://arxiv.org/abs/1906.09069v1,https://github.com/umutsimsekli/sgd_first_exit_time,10284,2019-06-21T11:14:59Z,2026-09-10T13:59:16.974818+00:00
1.0,RESEARCH_PAPER,Importance Resampling for Off-policy Prediction,"Matthew Schlegel, Wesley Chung, Daniel Graves, Jian Qian, Martha White",https://arxiv.org/abs/1906.04328v2,https://github.com/mkschleg/Resampling.jl,6999,2019-06-11T00:30:17Z,2026-09-10T13:59:16.974830+00:00
1.0,RESEARCH_PAPER,PHYRE: A New Benchmark for Physical Reasoning,"Anton Bakhtin, Laurens van der Maaten, Justin Johnson, Laura Gustafson, Ross Girshick",https://arxiv.org/abs/1908.05656v1,https://github.com/facebookresearch/phyre,6243,2019-08-15T17:58:32Z,2026-09-10T13:59:16.974842+00:00
1.0,RESEARCH_PAPER,Towards a Zero-One Law for Column Subset Selection,"Zhao Song, David P. Woodruff, Peilin Zhong",https://arxiv.org/abs/1811.01442v2,https://github.com/zpl7840/general_loss_column_subset_selection,6345,2018-11-04T21:43:55Z,2026-09-10T13:59:16.974853+00:00
1.0,RESEARCH_PAPER,Embedding Symbolic Knowledge into Deep Networks,"Yaqi Xie, Ziwei Xu, Mohan S. Kankanhalli, Kuldeep S. Meel, Harold Soh",https://arxiv.org/abs/1909.01161v4,https://github.com/ZiweiXU/LENSR,2301,2019-09-03T13:23:25Z,2026-09-10T13:59:16.974864+00:00
1.0,RESEARCH_PAPER,Neural Discrete Representation Learning,"Aaron van den Oord, Oriol Vinyals, Koray Kavukcuoglu",http://arxiv.org/abs/1711.00937v2,https://github.com/iomanker/VQVAE-TF2,3336,2017-11-02T21:14:44Z,2026-09-10T13:59:16.974875+00:00
1.0,RESEARCH_PAPER,Reinforcement Learning with Convex Constraints,"Sobhan Miryoosefi, Kianté Brantley, Hal Daumé, Miroslav Dudik, Robert Schapire",https://arxiv.org/abs/1906.09323v2,https://github.com/xkianteb/ApproPO,2664,2019-06-21T21:04:27Z,2026-09-10T13:59:16.974886+00:00
1.0,RESEARCH_PAPER,Surfing: Iterative optimization over incrementally trained deep networks,"Ganlin Song, Zhou Fan, John Lafferty",https://arxiv.org/abs/1907.08653v1,https://github.com/jdlafferty/surfing,2346,2019-07-19T19:16:04Z,2026-09-10T13:59:16.974897+00:00
1.0,RESEARCH_PAPER,A neurally plausible model learns successor representations in partially observable environments,"Eszter Vertes, Maneesh Sahani",https://arxiv.org/abs/1906.09480v1,https://github.com/evertes/distributional_SF,4695,2019-06-22T18:05:07Z,2026-09-10T13:59:16.974908+00:00
1.0,RESEARCH_PAPER,Integrating Semantics and Neighborhood Information with Graph-Driven Generative Models for Document Retrieval,"Zijing Ou, Qinliang Su, Jianxing Yu, Bang Liu, Jingwen Wang, Ruihui Zhao, Changyou Chen, Yefeng Zheng",https://arxiv.org/abs/2105.13066v1,https://github.com/MindSpore-paper-code-3/code9/tree/main/snuh,3201,2021-05-27T11:29:03Z,2026-09-10T13:59:16.974922+00:00
1.0,RESEARCH_PAPER,An Information-theoretic Framework for the Lossy Compression of Link Streams,Robin Lamarche-Perrin,http://arxiv.org/abs/1807.06874v1,https://github.com/Lamarche-Perrin/greedy-graph-compression,760,2018-07-18T11:48:37Z,2026-09-10T13:59:16.974933+00:00
1.0,RESEARCH_PAPER,Matrix product states and the nonabelian rotor model,Ashley Milsted,http://arxiv.org/abs/1507.06624v2,https://github.com/amilsted/mps-rotors,1119,2015-07-23T19:33:44Z,2026-09-10T13:59:16.974944+00:00
1.0,RESEARCH_PAPER,Capsules with Inverted Dot-Product Attention Routing,"Yao-Hung Hubert Tsai, Nitish Srivastava, Hanlin Goh, Ruslan Salakhutdinov",https://arxiv.org/abs/2002.04764v2,https://github.com/yaohungt/Capsules-Inverted-Attention-Routing,2943,2020-02-12T02:09:33Z,2026-09-10T13:59:16.974955+00:00
1.0,RESEARCH_PAPER,Learning to Predict Without Looking Ahead: World Models Without Forward Prediction,"C. Daniel Freeman, Luke Metz, David Ha",https://arxiv.org/abs/1910.13038v2,https://github.com/google/brain-tokyo-workshop,273,2019-10-29T02:17:27Z,2026-09-10T13:59:16.974966+00:00
1.0,RESEARCH_PAPER,Designing Network Design Spaces,"Ilija Radosavovic, Raj Prateek Kosaraju, Ross Girshick, Kaiming He, Piotr Dollár",https://arxiv.org/abs/2003.13678v1,https://github.com/tuggeluk/pycls,1352,2020-03-30T17:57:47Z,2026-09-10T13:59:16.974977+00:00
1.0,RESEARCH_PAPER,Stochastic Variational Video Prediction,"Mohammad Babaeizadeh, Chelsea Finn, Dumitru Erhan, Roy H. Campbell, Sergey Levine",http://arxiv.org/abs/1710.11252v2,https://github.com/StanfordVL/roboturk_real_dataset,3470,2017-10-30T21:48:54Z,2026-09-10T13:59:16.974988+00:00
1.0,RESEARCH_PAPER,Convolutional Neural Networks for Sentence Classification,Yoon Kim,http://arxiv.org/abs/1408.5882v2,https://github.com/threelittlemonkeys/cnn-text-classification-pytorch,374,2014-08-25T19:48:04Z,2026-09-10T13:59:16.974999+00:00
1.0,RESEARCH_PAPER,Super Low Resolution RF Powered Accelerometers for Alerting on Hospitalized Patient Bed Exits,"Michael Chesser, Asangi Jayatilaka, Renuka Visvanathan, Christophe Fumeaux, Alanson Sample, Damith C. Ranasinghe",https://arxiv.org/abs/2003.08530v1,https://github.com/AdelaideAuto-IDLab/ID-Sensor,6783,2020-03-19T00:58:30Z,2026-09-10T13:59:16.975012+00:00
1.0,RESEARCH_PAPER,k-Space Deep Learning for Accelerated MRI,"Yoseob Han, Leonard Sunwoo, Jong Chul Ye",https://arxiv.org/abs/1805.03779v3,https://github.com/hanyoseob/k-space-deep-learning,714,2018-05-10T01:43:19Z,2026-09-10T13:59:16.975023+00:00
1.0,RESEARCH_PAPER,Optimal Routing for Constant Function Market Makers,"Guillermo Angeris, Tarun Chitra, Alex Evans, Stephen Boyd",https://arxiv.org/abs/2204.05238v1,https://github.com/angeris/cfmm-routing-code,7455,2022-04-11T16:34:01Z,2026-09-10T13:59:16.975034+00:00
1.0,RESEARCH_PAPER,Reachability Analysis for Feed-Forward Neural Networks using Face Lattices,"Xiaodong Yang, Hoang-Dung Tran, Weiming Xiang, Taylor Johnson",https://arxiv.org/abs/2003.01226v1,https://github.com/verivital/FaceLattice,10410,2020-03-02T22:23:57Z,2026-09-10T13:59:16.975045+00:00
1.0,RESEARCH_PAPER,Deep learning with convolutional neural networks for EEG decoding and visualization,"Robin Tibor Schirrmeister, Jost Tobias Springenberg, Lukas Dominique Josef Fiederer, Martin Glasstetter, Katharina Eggensperger, Michael Tangermann, Frank Hutter, Wolfram Burgard, Tonio Ball",http://arxiv.org/abs/1703.05051v5,https://github.com/rczhen/Movement-Classification-based-on-Electroencephalography-EEG-Signals,451,2017-03-15T09:52:58Z,2026-09-10T13:59:16.975057+00:00
1.0,RESEARCH_PAPER,Factorization tricks for LSTM networks,"Oleksii Kuchaiev, Boris Ginsburg",http://arxiv.org/abs/1703.10722v3,https://github.com/rdspring1/PyTorch_GBW_LM,63,2017-03-31T00:50:37Z,2026-09-10T13:59:16.975068+00:00
1.0,RESEARCH_PAPER,Contrastive Adaptation Network for Unsupervised Domain Adaptation,"Guoliang Kang, Lu Jiang, Yi Yang, Alexander G Hauptmann",http://arxiv.org/abs/1901.00976v2,https://github.com/kgl-prml/Contrastive-Adaptation-Network-for-Unsupervised-Domain-Adaptation,2104,2019-01-04T03:58:10Z,2026-09-10T13:59:16.975079+00:00
1.0,RESEARCH_PAPER,Learning to Generalize: Meta-Learning for Domain Generalization,"Da Li, Yongxin Yang, Yi-Zhe Song, Timothy M. Hospedales",http://arxiv.org/abs/1710.03463v1,https://github.com/HAHA-DL/MLDG,3138,2017-10-10T09:15:16Z,2026-09-10T13:59:16.975093+00:00
1.0,RESEARCH_PAPER,Kervolutional Neural Networks,"Chen Wang, Jianfei Yang, Lihua Xie, Junsong Yuan",https://arxiv.org/abs/1904.03955v2,https://github.com/ryanaleksander/kernel-convolution,3458,2019-04-08T11:10:51Z,2026-09-10T13:59:16.975104+00:00
1.0,RESEARCH_PAPER,Probably Approximately Correct Vision-Based Planning using Motion Primitives,"Sushant Veer, Anirudha Majumdar",https://arxiv.org/abs/2002.12852v2,https://github.com/irom-lab/PAC-Vision-Planning,5628,2020-02-28T16:29:59Z,2026-09-10T13:59:16.975115+00:00
1.0,RESEARCH_PAPER,Practical calibration of the temperature parameter in Gibbs posteriors,Lucie Perrotta,https://arxiv.org/abs/2004.10522v1,https://github.com/lucieperrotta/temperature_calibration,3429,2020-04-22T12:23:45Z,2026-09-10T13:59:16.975126+00:00
1.0,RESEARCH_PAPER,Constraint Answer Set Programming without Grounding,"Joaquín Arias, Manuel Carro, Elmer Salazar, Kyle Marple, Gopal Gupta",https://arxiv.org/abs/1804.11162v2,https://github.com/sarat-chandra-varanasi/pysasp,2945,2018-04-30T12:50:28Z,2026-09-10T13:59:16.975138+00:00
1.0,RESEARCH_PAPER,Definition of Static and Dynamic Load Models for Grid Studies of Electric Vehicles Connected to Fast Charging Stations,"Davide del Giudice, Angelo Maurizio Brambilla, Federico Bizzarri, Daniele Linaro, Samuele Grillo",https://arxiv.org/abs/2302.03943v1,https://github.com/davide-del-giudice/electric_vehicle_models,270,2023-02-08T08:45:33Z,2026-09-10T13:59:16.975149+00:00
1.0,RESEARCH_PAPER,Exploring Modern GPU Memory System Design Challenges through Accurate Modeling,"Mahmoud Khairy, Jain Akshay, Tor Aamodt, Timothy G. Rogers",http://arxiv.org/abs/1810.07269v1,https://github.com/prdalmia/gpgpu-sim-tlb,2832,2018-10-16T20:52:59Z,2026-09-10T13:59:16.975162+00:00
1.0,RESEARCH_PAPER,A Simple Exponential Family Framework for Zero-Shot Learning,"Vinay Kumar Verma, Piyush Rai",http://arxiv.org/abs/1707.08040v3,https://github.com/vkverma01/Zero-Shot,1011,2017-07-25T15:28:22Z,2026-09-10T13:59:16.975173+00:00
1.0,RESEARCH_PAPER,From Word Embeddings to Item Recommendation,Makbule Gulcin Ozsoy,http://arxiv.org/abs/1601.01356v3,https://github.com/mgulcin/DL_Rec,2347,2016-01-07T00:09:37Z,2026-09-10T13:59:16.975186+00:00
1.0,RESEARCH_PAPER,PCRNet: Point Cloud Registration Network using PointNet Encoding,"Vinit Sarode, Xueqian Li, Hunter Goforth, Yasuhiro Aoki, Rangaprasad Arun Srivatsan, Simon Lucey, Howie Choset",https://arxiv.org/abs/1908.07906v2,https://github.com/vinits5/pcrnet_pytorch,3894,2019-08-21T15:10:24Z,2026-09-10T13:59:16.975197+00:00
1.0,RESEARCH_PAPER,flavio: a Python package for flavour and precision phenomenology in the Standard Model and beyond,David M. Straub,http://arxiv.org/abs/1810.08132v1,https://github.com/smelli/smelli,873,2018-10-18T16:12:24Z,2026-09-10T13:59:16.975208+00:00
1.0,RESEARCH_PAPER,NViSII: A Scriptable Tool for Photorealistic Image Generation,"Nathan Morrical, Jonathan Tremblay, Yunzhi Lin, Stephen Tyree, Stan Birchfield, Valerio Pascucci, Ingo Wald",https://arxiv.org/abs/2105.13962v1,https://github.com/owl-project/ViSII,915,2021-05-28T16:35:32Z,2026-09-10T13:59:16.975220+00:00
1.0,RESEARCH_PAPER,Very Deep Convolutional Networks for Text Classification,"Alexis Conneau, Holger Schwenk, Loïc Barrault, Yann Lecun",http://arxiv.org/abs/1606.01781v2,https://github.com/nithishkaviyan/Sentiment-Analysis-of-Yelp-Reviews,498,2016-06-06T15:14:50Z,2026-09-10T13:59:16.975232+00:00
1.0,RESEARCH_PAPER,Estimating seal pup production in the Greenland Sea using Bayesian hierarchical modeling,"Martin Jullum, Thordis Thorarinsdottir, Fabian E. Bachl",https://arxiv.org/abs/1808.09254v2,https://github.com/PointProcess/SealCoxProcess-JRSSC-code,1632,2018-08-28T12:39:31Z,2026-09-10T13:59:16.975244+00:00
1.0,RESEARCH_PAPER,"Democratizing Contrastive Language-Image Pre-training: A CLIP Benchmark of Data, Model, and Supervision","Yufeng Cui, Lichen Zhao, Feng Liang, Yangguang Li, Jing Shao",https://arxiv.org/abs/2203.05796v1,https://github.com/sense-gvt/declip,4734,2022-03-11T08:41:00Z,2026-09-10T13:59:16.975255+00:00
1.0,RESEARCH_PAPER,Pose-Normalized Image Generation for Person Re-identification,"Xuelin Qian, Yanwei Fu, Tao Xiang, Wenxuan Wang, Jie Qiu, Yang Wu, Yu-Gang Jiang, Xiangyang Xue",http://arxiv.org/abs/1712.02225v6,https://github.com/NVlabs/DG-Net,3466,2017-12-06T15:18:53Z,2026-09-10T13:59:16.975266+00:00
1.0,RESEARCH_PAPER,Simulating Content Consistent Vehicle Datasets with Attribute Descent,"Yue Yao, Liang Zheng, Xiaodong Yang, Milind Naphade, Tom Gedeon",https://arxiv.org/abs/1912.08855v2,https://github.com/yorkeyao/VehicleX,10347,2019-12-18T19:40:31Z,2026-09-10T13:59:16.975279+00:00
1.0,RESEARCH_PAPER,Robust Group Synchronization via Cycle-Edge Message Passing,"Gilad Lerman, Yunpeng Shi",https://arxiv.org/abs/1912.11347v3,https://github.com/yunpeng-shi/CEMP,2196,2019-12-24T13:41:00Z,2026-09-10T13:59:16.975291+00:00
1.0,RESEARCH_PAPER,Partial FC: Training 10 Million Identities on a Single Machine,"Xiang An, Xuhan Zhu, Yang Xiao, Lan Wu, Ming Zhang, Yuan Gao, Bin Qin, Debing Zhang, Ying Fu, Jiankang Deng",https://arxiv.org/abs/2010.05222v2,https://github.com/JDAI-CV/fast-reid,1756,2020-10-11T11:15:26Z,2026-09-10T13:59:16.975313+00:00
1.0,RESEARCH_PAPER,Tab2Know: Building a Knowledge Base from Tables in Scientific Papers,"Benno Kruit, Hongyu He, Jacopo Urbani",https://arxiv.org/abs/2107.13306v1,https://github.com/karmaresearch/tab2know,10044,2021-07-28T11:56:53Z,2026-09-10T13:59:16.975329+00:00
1.0,RESEARCH_PAPER,Inference and forecasting for continuous-time integer-valued trawl processes,"Mikkel Bennedsen, Asger Lunde, Neil Shephard, Almut E. D. Veraart",https://arxiv.org/abs/2107.03674v3,https://github.com/mbennedsen/Likelihood-based-IVT,426,2021-07-08T08:27:42Z,2026-09-10T13:59:16.975346+00:00
1.0,RESEARCH_PAPER,MIntRec2.0: A Large-scale Benchmark Dataset for Multimodal Intent Recognition and Out-of-scope Detection in Conversations,"Hanlei Zhang, Xin Wang, Hua Xu, Qianrui Zhou, Kai Gao, Jianhua Su, jinyue Zhao, Wenrui Li, Yanting Chen",https://arxiv.org/abs/2403.10943v4,https://github.com/thuiar/mintrec2.0,9411,2024-03-16T15:14:15Z,2026-09-10T13:59:16.975364+00:00
1.0,RESEARCH_PAPER,FaultNet: A Deep Convolutional Neural Network for bearing fault classification,"Rishikesh Magar, Lalit Ghule, Junhan Li, Yang Zhao, Amir Barati Farimani",https://arxiv.org/abs/2010.02146v2,https://github.com/BaratiLab/FaultNet,6531,2020-10-05T16:50:08Z,2026-09-10T13:59:16.975393+00:00
1.0,RESEARCH_PAPER,Physics-Informed Neural Networks for Power Systems,"George S. Misyris, Andreas Venzke, Spyros Chatzivasileiadis",https://arxiv.org/abs/1911.03737v3,https://github.com/gmisy/Phycics-informed-NN-for-Power-Systems,1486,2019-11-09T17:03:08Z,2026-09-10T13:59:16.975428+00:00
1.0,RESEARCH_PAPER,Proximal Policy Optimization Algorithms,"John Schulman, Filip Wolski, Prafulla Dhariwal, Alec Radford, Oleg Klimov",http://arxiv.org/abs/1707.06347v2,https://github.com/jfpettit/flare,2955,2017-07-20T02:32:33Z,2026-09-10T13:59:16.975455+00:00
1.0,RESEARCH_PAPER,SUSY Les Houches Accord 2,"B. C. Allanach, C. Balazs, G. Belanger, M. Bernhardt, F. Boudjema, D. Choudhury, K. Desch, U. Ellwanger, P. Gambino, R. Godbole, T. Goto, J. Guasch, M. Guchait, T. Hahn, S. Heinemeyer, C. Hugonie, T. Hurth, S. Kraml S. Kreiss, J. Lykken, F. Moortgat, S. Moretti, S. Penaranda, T. Plehn, W. Porod, A. Pukhov, P. Richardson, M. Schumacher, L. Silvestrini, P. Skands, P. Slavich, M. Spira, G. Weiglein, P. Wienemann",http://arxiv.org/abs/0801.0045v3,https://github.com/misho104/yaslha,538,2007-12-29T10:53:21Z,2026-09-10T13:59:16.975481+00:00
1.0,RESEARCH_PAPER,Don't Stop Pretraining: Adapt Language Models to Domains and Tasks,"Suchin Gururangan, Ana Marasović, Swabha Swayamdipta, Kyle Lo, Iz Beltagy, Doug Downey, Noah A. Smith",https://arxiv.org/abs/2004.10964v3,https://github.com/allenai/dont-stop-pretraining,6174,2020-04-23T04:21:19Z,2026-09-10T13:59:16.975508+00:00
1.0,RESEARCH_PAPER,HinglishNLP: Fine-tuned Language Models for Hinglish Sentiment Detection,"Meghana Bhange, Nirant Kasliwal",https://arxiv.org/abs/2008.09820v1,https://github.com/NirantK/Hinglish,10206,2020-08-22T12:01:44Z,2026-09-10T13:59:16.975532+00:00
1.0,RESEARCH_PAPER,"A Low-Cost, Flexible and Portable Volumetric Capturing System","Vladimiros Sterzentsenko, Antonis Karakottas, Alexandros Papachristou, Nikolaos Zioulis, Alexandros Doumanoglou, Dimitrios Zarpalas, Petros Daras",https://arxiv.org/abs/1909.01207v1,https://github.com/VCL3D/VolumetricCapture,588,2019-09-03T14:23:24Z,2026-09-10T13:59:16.975562+00:00
1.0,RESEARCH_PAPER,Deep Soft Procrustes for Markerless Volumetric Sensor Alignment,"Vladimiros Sterzentsenko, Alexandros Doumanoglou, Spyridon Thermos, Nikolaos Zioulis, Dimitrios Zarpalas, Petros Daras",https://arxiv.org/abs/2003.10176v1,https://github.com/VCL3D/VolumetricCapture,196,2020-03-23T10:51:32Z,2026-09-10T13:59:16.975590+00:00
1.0,RESEARCH_PAPER,Conversations with Search Engines: SERP-based Conversational Response Generation,"Pengjie Ren, Zhumin Chen, Zhaochun Ren, Evangelos Kanoulas, Christof Monz, Maarten de Rijke",https://arxiv.org/abs/2004.14162v2,https://github.com/PengjieRen/CaSE-1.0,825,2020-04-29T13:07:53Z,2026-09-10T13:59:16.975620+00:00
1.0,RESEARCH_PAPER,Boilerplate Removal using a Neural Sequence Labeling Model,"Jurek Leonhardt, Avishek Anand, Megha Khosla",https://arxiv.org/abs/2004.14294v1,https://github.com/mrjleo/boilernet,8475,2020-04-22T08:06:59Z,2026-09-10T13:59:16.975653+00:00
1.0,RESEARCH_PAPER,Lifelong Learning on Evolving Graphs Under the Constraints of Imbalanced Classes and New Classes,"Lukas Galke, Iacopo Vagliano, Benedikt Franke, Tobias Zielke, Marcel Hoffmann, Ansgar Scherp",https://arxiv.org/abs/2112.10558v2,https://github.com/lgalke/lifelong-learning,5700,2021-12-20T14:29:39Z,2026-09-10T13:59:16.975677+00:00
1.0,RESEARCH_PAPER,Towards Data-Efficient Learning: A Benchmark for COVID-19 CT Lung and Infection Segmentation,"Jun Ma, Yixin Wang, Xingle An, Cheng Ge, Ziqi Yu, Jianan Chen, Qiongjie Zhu, Guoqiang Dong, Jian He, Zhiqiang He, Yuntao Zhu, Ziwei Nie, Xiaoping Yang",https://arxiv.org/abs/2004.12537v2,https://github.com/JunMa11/COVID-19-CT-Seg-Benchmark,3036,2020-04-27T01:31:48Z,2026-09-10T13:59:16.975703+00:00
1.0,RESEARCH_PAPER,Jack the Reader - A Machine Reading Framework,"Dirk Weissenborn, Pasquale Minervini, Tim Dettmers, Isabelle Augenstein, Johannes Welbl, Tim Rocktäschel, Matko Bošnjak, Jeff Mitchell, Thomas Demeester, Pontus Stenetorp, Sebastian Riedel",http://arxiv.org/abs/1806.08727v1,https://github.com/uclnlp/jack,2685,2018-06-20T00:30:29Z,2026-09-10T13:59:16.975728+00:00
1.0,RESEARCH_PAPER,Making Neural QA as Simple as Possible but not Simpler,"Dirk Weissenborn, Georg Wiese, Laura Seiffe",http://arxiv.org/abs/1703.04816v3,https://github.com/uclnlp/jack,2685,2017-03-14T23:09:45Z,2026-09-10T13:59:16.975757+00:00
1.0,RESEARCH_PAPER,A Disentangling Invertible Interpretation Network for Explaining Latent Representations,"Patrick Esser, Robin Rombach, Björn Ommer",https://arxiv.org/abs/2004.13166v1,https://github.com/CompVis/iin,3462,2020-04-27T20:43:20Z,2026-09-10T13:59:16.975783+00:00
1.0,RESEARCH_PAPER,Weakly-Supervised Open-Retrieval Conversational Question Answering,"Chen Qu, Liu Yang, Cen Chen, W. Bruce Croft, Kalpesh Krishna, Mohit Iyyer",https://arxiv.org/abs/2103.02537v1,https://github.com/prdwb/ws-orconvqa,8277,2021-03-03T17:23:30Z,2026-09-10T13:59:16.975808+00:00
1.0,RESEARCH_PAPER,Aggregate Hardware Impairments Over Mixed RF/FSO Relaying Systems With Outdated CSI,"Elyes Balti, Mohsen Guizani, Bechir Hamdaoui, Bassem Khalfi",http://arxiv.org/abs/1902.03177v1,https://github.com/ebalti/Malaga-Distribution,9864,2019-01-16T02:12:42Z,2026-09-10T13:59:16.975834+00:00
1.0,RESEARCH_PAPER,Conditional Generative Adversarial Nets,"Mehdi Mirza, Simon Osindero",https://arxiv.org/abs/1411.1784v1,https://github.com/bhiziroglu/Conditional-Generative-Adversarial-Network,2242,2014-11-06T22:33:22Z,2026-09-10T13:59:16.975861+00:00
1.0,RESEARCH_PAPER,Inverse Kinematics for Serial Kinematic Chains via Sum of Squares Optimization,"Filip Maric, Matthew Giamou, Soroush Khoubyarian, Ivan Petrovic, Jonathan Kelly",https://arxiv.org/abs/1909.09318v2,https://github.com/utiasSTARS/sos-ik,9948,2019-09-20T04:39:57Z,2026-09-10T13:59:16.975884+00:00
1.0,RESEARCH_PAPER,How Low is Too Low? A Computational Perspective on Extremely Low-Resource Languages,"Rachit Bansal, Himanshu Choudhary, Ravneet Punia, Niko Schenk, Jacob L Dahl, Émilie Pagé-Perron",https://arxiv.org/abs/2105.14515v1,https://github.com/cdli-gh/Semi-Supervised-NMT-for-Sumerian-English,2178,2021-05-30T12:09:59Z,2026-09-10T13:59:16.975911+00:00
1.0,RESEARCH_PAPER,VoxLingua107: a Dataset for Spoken Language Recognition,"Jörgen Valk, Tanel Alumäe",https://arxiv.org/abs/2011.12998v1,https://github.com/rush-d/spoken-language-identification,2776,2020-11-25T19:47:38Z,2026-09-10T13:59:16.975944+00:00
1.0,RESEARCH_PAPER,WarpGAN: Automatic Caricature Generation,"Yichun Shi, Debayan Deb, Anil K. Jain",http://arxiv.org/abs/1811.10100v3,https://github.com/ronny3050/AdvFaces,846,2018-11-25T21:36:01Z,2026-09-10T13:59:16.975978+00:00
1.0,RESEARCH_PAPER,AdvFaces: Adversarial Face Synthesis,"Debayan Deb, Jianbang Zhang, Anil K. Jain",https://arxiv.org/abs/1908.05008v1,https://github.com/ronny3050/AdvFaces,846,2019-08-14T07:58:00Z,2026-09-10T13:59:16.976028+00:00
1.0,RESEARCH_PAPER,SEGAN: Speech Enhancement Generative Adversarial Network,"Santiago Pascual, Antonio Bonafonte, Joan Serrà",http://arxiv.org/abs/1703.09452v3,https://github.com/usimarit/TiramisuASR,3080,2017-03-28T08:39:06Z,2026-09-10T13:59:16.976066+00:00
1.0,RESEARCH_PAPER,"Simple, Scalable, and Stable Variational Deep Clustering","Lele Cao, Sahar Asadi, Wenfei Zhu, Christian Schmidli, Michael Sjöberg",https://arxiv.org/abs/2005.08047v2,https://github.com/king/s3vdc,4932,2020-05-16T17:24:01Z,2026-09-10T13:59:16.976110+00:00
1.0,RESEARCH_PAPER,A Mathematical Formalization of Hierarchical Temporal Memory's Spatial Pooler,"James Mnatzaganian, Ernest Fokoué, Dhireesha Kudithipudi",http://arxiv.org/abs/1601.06116v3,https://github.com/mrkrynmdsco/htm-python,869,2016-01-22T19:26:16Z,2026-09-10T13:59:16.976152+00:00
1.0,RESEARCH_PAPER,Density Encoding Enables Resource-Efficient Randomly Connected Neural Networks,"Denis Kleyko, Mansour Kheffache, E. Paxon Frady, Urban Wiklund, Evgeny Osipov",https://arxiv.org/abs/1909.09153v2,https://github.com/sweetwenwen/Stochastic-computing-based-neural-network-accelerator,2988,2019-09-19T10:57:34Z,2026-09-10T13:59:16.976186+00:00
1.0,RESEARCH_PAPER,A Distance-preserving Matrix Sketch,"Leland Wilkinson, Hengrui Luo",https://arxiv.org/abs/2009.03979v3,https://github.com/hrluo/DistancePreservingMatrixSketch,1260,2020-09-08T20:15:14Z,2026-09-10T13:59:16.976214+00:00
1.0,RESEARCH_PAPER,Neural Collaborative Filtering,"Xiangnan He, Lizi Liao, Hanwang Zhang, Liqiang Nie, Xia Hu, Tat-Seng Chua",http://arxiv.org/abs/1708.05031v2,https://github.com/EdoardoPona/Neural-Collaborative-Filtering,2201,2017-08-16T18:30:09Z,2026-09-10T13:59:16.976236+00:00
1.0,RESEARCH_PAPER,JOBSKAPE: A Framework for Generating Synthetic Job Postings to Enhance Skill Matching,"Antoine Magron, Anna Dai, Mike Zhang, Syrielle Montariol, Antoine Bosselut",https://arxiv.org/abs/2402.03242v1,https://github.com/magantoine/jobskape,6246,2024-02-05T17:57:26Z,2026-09-10T13:59:16.976257+00:00
1.0,RESEARCH_PAPER,"Practical graph isomorphism, II","Brendan D. McKay, Adolfo Piperno",http://arxiv.org/abs/1301.1493v1,https://github.com/Mith13/Graphs-isomorphism,2158,2013-01-08T11:22:08Z,2026-09-10T13:59:16.976277+00:00
1.0,RESEARCH_PAPER,LINE: Large-scale Information Network Embedding,"Jian Tang, Meng Qu, Mingzhe Wang, Ming Zhang, Jun Yan, Qiaozhu Mei",http://arxiv.org/abs/1503.03578v1,https://github.com/2myeonggyu/Graph-Embedding,374,2015-03-12T04:07:32Z,2026-09-10T13:59:16.976300+00:00
1.0,RESEARCH_PAPER,Instance-based Counterfactual Explanations for Time Series Classification,"Eoin Delaney, Derek Greene, Mark T. Keane",https://arxiv.org/abs/2009.13211v2,https://github.com/e-delaney/Instance-Based_CFE_TSC,1584,2020-09-28T10:52:48Z,2026-09-10T13:59:16.976318+00:00
1.0,RESEARCH_PAPER,BERT: Pre-training of Deep Bidirectional Transformers for Language Understanding,"Jacob Devlin, Ming-Wei Chang, Kenton Lee, Kristina Toutanova",https://arxiv.org/abs/1810.04805v2,https://github.com/Holldean/BERT-Pruning,610,2018-10-11T00:50:01Z,2026-09-10T13:59:16.976338+00:00
1.0,RESEARCH_PAPER,Structured Pruning of Large Language Models,"Ziheng Wang, Jeremy Wohlwend, Tao Lei",https://arxiv.org/abs/1910.04732v2,https://github.com/Holldean/BERT-Pruning,610,2019-10-10T17:44:18Z,2026-09-10T13:59:16.976358+00:00
1.0,RESEARCH_PAPER,Pretraining-Based Natural Language Generation for Text Summarization,"Haoyu Zhang, Jianjun Xu, Ji Wang",http://arxiv.org/abs/1902.09243v2,https://github.com/praveenjune17/BERT_text_summarisation,644,2019-02-25T13:07:32Z,2026-09-10T13:59:16.976377+00:00
1.0,RESEARCH_PAPER,SDF-SRN: Learning Signed Distance 3D Object Reconstruction from Static Images,"Chen-Hsuan Lin, Chaoyang Wang, Simon Lucey",https://arxiv.org/abs/2010.10505v1,https://github.com/chenhsuanlin/signed-distance-SRN,3888,2020-10-20T17:59:47Z,2026-09-10T13:59:17.063665+00:00
1.0,RESEARCH_PAPER,MultiFiT: Efficient Multi-lingual Language Model Fine-tuning,"Julian Martin Eisenschlos, Sebastian Ruder, Piotr Czapla, Marcin Kardas, Sylvain Gugger, Jeremy Howard",https://arxiv.org/abs/1909.04761v2,https://github.com/n-waves/multifit,414,2019-09-10T21:30:54Z,2026-09-10T13:59:17.063706+00:00
1.0,RESEARCH_PAPER,RTFM: Generalising to Novel Environment Dynamics via Reading,"Victor Zhong, Tim Rocktäschel, Edward Grefenstette",https://arxiv.org/abs/1910.08210v6,https://github.com/facebookresearch/RTFM,2843,2019-10-18T00:49:15Z,2026-09-10T13:59:17.063722+00:00
1.0,RESEARCH_PAPER,What Are People Asking About COVID-19? A Question Classification Dataset,"Jerry Wei, Chengyu Huang, Soroush Vosoughi, Jason Wei",https://arxiv.org/abs/2005.12522v3,https://github.com/JerryWei03/COVID-Q,3279,2020-05-26T05:41:58Z,2026-09-10T13:59:17.063744+00:00
1.0,RESEARCH_PAPER,MPNet: Masked and Permuted Pre-training for Language Understanding,"Kaitao Song, Xu Tan, Tao Qin, Jianfeng Lu, Tie-Yan Liu",https://arxiv.org/abs/2004.09297v2,https://github.com/JunnYu/paddle-mpnet,3286,2020-04-20T13:54:12Z,2026-09-10T13:59:17.063764+00:00
1.0,RESEARCH_PAPER,Logical Inference for Counting on Semi-structured Tables,"Tomoya Kurosawa, Hitomi Yanaka",https://arxiv.org/abs/2204.07803v2,https://github.com/ynklab/sst_count,6924,2022-04-16T14:08:43Z,2026-09-10T13:59:17.063778+00:00
1.0,RESEARCH_PAPER,Contrastive Learning with Hard Negative Entities for Entity Set Expansion,"Yinghui Li, Yangning Li, Yuxin He, Tianyu Yu, Ying Shen, Hai-Tao Zheng",https://arxiv.org/abs/2204.07789v2,https://github.com/geekjuruo/probexpan,5334,2022-04-16T12:26:42Z,2026-09-10T13:59:17.063792+00:00
1.0,RESEARCH_PAPER,Reordering Examples Helps during Priming-based Few-Shot Learning,"Sawan Kumar, Partha Talukdar",https://arxiv.org/abs/2106.01751v1,https://github.com/SawanKumar28/pero,3168,2021-06-03T11:02:36Z,2026-09-10T13:59:17.063806+00:00
1.0,RESEARCH_PAPER,Conversational Neuro-Symbolic Commonsense Reasoning,"Forough Arabshahi, Jennifer Lee, Mikayla Gawarecki, Kathryn Mazaitis, Amos Azaria, Tom Mitchell",https://arxiv.org/abs/2006.10022v3,https://github.com/ForoughA/CORGI,8958,2020-06-17T17:28:38Z,2026-09-10T13:59:17.063819+00:00
1.0,RESEARCH_PAPER,Depth-Aware Video Frame Interpolation,"Wenbo Bao, Wei-Sheng Lai, Chao Ma, Xiaoyun Zhang, Zhiyong Gao, Ming-Hsuan Yang",http://arxiv.org/abs/1904.00830v1,https://github.com/BurguerJohn/Dain-App,3167,2019-04-01T13:19:59Z,2026-09-10T13:59:17.063834+00:00
1.0,RESEARCH_PAPER,Planning to Explore via Self-Supervised World Models,"Ramanan Sekar, Oleh Rybkin, Kostas Daniilidis, Pieter Abbeel, Danijar Hafner, Deepak Pathak",https://arxiv.org/abs/2005.05960v2,https://github.com/ramanans1/plan2explore,8424,2020-05-12T17:59:45Z,2026-09-10T13:59:17.063848+00:00
1.0,RESEARCH_PAPER,Quota-based debiasing can decrease representation of already underrepresented groups,"Ivan Smirnov, Florian Lemmerich, Markus Strohmaier",https://arxiv.org/abs/2006.07647v1,https://github.com/ibsmirnov/debiasing,3882,2020-06-13T14:26:42Z,2026-09-10T13:59:17.063861+00:00
1.0,RESEARCH_PAPER,EfficientDet: Scalable and Efficient Object Detection,"Mingxing Tan, Ruoming Pang, Quoc V. Le",https://arxiv.org/abs/1911.09070v7,https://github.com/JensSettelmeier/EfficientDet-DeepSORT-Tracker,164,2019-11-20T18:16:09Z,2026-09-10T13:59:17.063877+00:00
1.0,RESEARCH_PAPER,Selection Bias Tracking and Detailed Subset Comparison for High-Dimensional Data,"David Borland, Wenyuan Wang, Jonathan Zhang, Joshua Shrestha, David Gotz",https://arxiv.org/abs/1906.07625v2,https://github.com/VACLab/CadenceEVA,925,2019-06-18T14:58:52Z,2026-09-10T13:59:17.063892+00:00
1.0,RESEARCH_PAPER,Simple Online and Realtime Tracking with a Deep Association Metric,"Nicolai Wojke, Alex Bewley, Dietrich Paulus",http://arxiv.org/abs/1703.07402v1,https://github.com/JensSettelmeier/EfficientDet-DeepSORT-Tracker,164,2017-03-21T19:40:25Z,2026-09-10T13:59:17.063920+00:00
1.0,RESEARCH_PAPER,Pseudo-Labeling and Confirmation Bias in Deep Semi-Supervised Learning,"Eric Arazo, Diego Ortego, Paul Albert, Noel E. O'Connor, Kevin McGuinness",https://arxiv.org/abs/1908.02983v5,https://github.com/EricArazo/PseudoLabeling,2411,2019-08-08T09:17:54Z,2026-09-10T13:59:17.063933+00:00
1.0,RESEARCH_PAPER,Selective Kernel Networks,"Xiang Li, Wenhai Wang, Xiaolin Hu, Jian Yang",http://arxiv.org/abs/1903.06586v2,https://github.com/implus/PytorchInsight,495,2019-03-15T15:04:22Z,2026-09-10T13:59:17.063947+00:00
1.0,RESEARCH_PAPER,Intra-Processing Methods for Debiasing Neural Networks,"Yash Savani, Colin White, Naveen Sundar Govindarajulu",https://arxiv.org/abs/2006.08564v2,https://github.com/realityengines/post_hoc_debiasing,8604,2020-06-15T17:30:57Z,2026-09-10T13:59:17.063962+00:00
1.0,RESEARCH_PAPER,Deep Packet: A Novel Approach For Encrypted Traffic Classification Using Deep Learning,"Mohammad Lotfollahi, Ramin Shirali Hossein Zade, Mahdi Jafari Siavoshani, Mohammdsadegh Saberian",http://arxiv.org/abs/1709.02656v3,https://github.com/mhwong2007/Deep-Packet,1153,2017-09-08T11:40:37Z,2026-09-10T13:59:17.063976+00:00
1.0,RESEARCH_PAPER,On the effect of normalization layers on Differentially Private training of deep Neural networks,"Ali Davody, David Ifeoluwa Adelani, Thomas Kleinbauer, Dietrich Klakow",https://arxiv.org/abs/2006.10919v2,https://github.com/uds-lsv/SIDP,5607,2020-06-19T01:43:52Z,2026-09-10T13:59:17.063997+00:00
1.0,RESEARCH_PAPER,Neural Combinatorial Optimization with Reinforcement Learning,"Irwan Bello, Hieu Pham, Quoc V. Le, Mohammad Norouzi, Samy Bengio",http://arxiv.org/abs/1611.09940v3,https://github.com/Rintarooo/TSP_DRL_PointerNet,927,2016-11-29T23:22:39Z,2026-09-10T13:59:17.064012+00:00
1.0,RESEARCH_PAPER,Pointer Networks,"Oriol Vinyals, Meire Fortunato, Navdeep Jaitly",http://arxiv.org/abs/1506.03134v2,https://github.com/Rintarooo/TSP_DRL_PointerNet,927,2015-06-09T23:38:16Z,2026-09-10T13:59:17.064027+00:00
1.0,RESEARCH_PAPER,Oops! Predicting Unintentional Action in Video,"Dave Epstein, Boyuan Chen, Carl Vondrick",https://arxiv.org/abs/1911.11206v1,https://github.com/cvlab-columbia/oops,229,2019-11-25T20:15:31Z,2026-09-10T13:59:17.064041+00:00
1.0,RESEARCH_PAPER,Mining Persistent Activity in Continually Evolving Networks,"Caleb Belth, Xinyi Zheng, Danai Koutra",https://arxiv.org/abs/2006.15410v1,https://github.com/GemsLab/PENminer,8790,2020-06-27T17:29:45Z,2026-09-10T13:59:17.064054+00:00
1.0,RESEARCH_PAPER,Modeling Relational Data with Graph Convolutional Networks,"Michael Schlichtkrull, Thomas N. Kipf, Peter Bloem, Rianne van den Berg, Ivan Titov, Max Welling",http://arxiv.org/abs/1703.06103v4,https://github.com/INK-USC/MHGRN,2357,2017-03-17T17:09:14Z,2026-09-10T13:59:17.064067+00:00
1.0,RESEARCH_PAPER,KagNet: Knowledge-Aware Graph Networks for Commonsense Reasoning,"Bill Yuchen Lin, Xinyue Chen, Jamin Chen, Xiang Ren",https://arxiv.org/abs/1909.02151v1,https://github.com/INK-USC/MHGRN,2357,2019-09-04T23:37:25Z,2026-09-10T13:59:17.064080+00:00
1.0,RESEARCH_PAPER,Toward the first quantum simulation with quantum speedup,"Andrew M. Childs, Dmitri Maslov, Yunseong Nam, Neil J. Ross, Yuan Su",http://arxiv.org/abs/1711.10980v1,https://github.com/njross/simcount,3756,2017-11-29T17:59:07Z,2026-09-10T13:59:17.064095+00:00
1.0,RESEARCH_PAPER,Port-Hamiltonian Approach to Neural Network Training,"Stefano Massaroli, Michael Poli, Federico Califano, Angela Faragasso, Jinkyoo Park, Atsushi Yamashita, Hajime Asama",https://arxiv.org/abs/1909.02702v1,https://github.com/esclear/ph-nn,1165,2019-09-06T03:31:40Z,2026-09-10T13:59:17.064108+00:00
1.0,RESEARCH_PAPER,The Shapley Value of coalition of variables provides better explanations,"Salim I. Amoukou, Nicolas J-B. Brunel, Tangi Salaün",https://arxiv.org/abs/2103.13342v3,https://github.com/salimamoukou/acv00,3069,2021-03-24T17:02:57Z,2026-09-10T13:59:17.064122+00:00
1.0,RESEARCH_PAPER,GSPN: Generative Shape Proposal Network for 3D Instance Segmentation in Point Cloud,"Li Yi, Wang Zhao, He Wang, Minhyuk Sung, Leonidas Guibas",http://arxiv.org/abs/1812.03320v1,https://github.com/ericyi/GSPN,1290,2018-12-08T13:41:05Z,2026-09-10T13:59:17.064136+00:00
1.0,RESEARCH_PAPER,YOLACT++: Better Real-time Instance Segmentation,"Daniel Bolya, Chong Zhou, Fanyi Xiao, Yong Jae Lee",https://arxiv.org/abs/1912.06218v2,https://github.com/2023-MindSpore-1/ms-code-217/tree/main/Yolact%2B%2B,3489,2019-12-03T18:58:03Z,2026-09-10T13:59:17.064150+00:00
1.0,RESEARCH_PAPER,Feature Pyramid Networks for Object Detection,"Tsung-Yi Lin, Piotr Dollár, Ross Girshick, Kaiming He, Bharath Hariharan, Serge Belongie",http://arxiv.org/abs/1612.03144v2,https://github.com/daxiapazi/faster-rcnn,3215,2016-12-09T19:55:54Z,2026-09-10T13:59:17.064165+00:00
1.0,RESEARCH_PAPER,PIC: Permutation Invariant Critic for Multi-Agent Deep Reinforcement Learning,"Iou-Jen Liu, Raymond A. Yeh, Alexander G. Schwing",https://arxiv.org/abs/1911.00025v1,https://github.com/IouJenLiu/PIC,1992,2019-10-31T18:04:42Z,2026-09-10T13:59:17.064178+00:00
1.0,RESEARCH_PAPER,Efficient Graph Similarity Computation with Alignment Regularization,"Wei Zhuo, Guang Tan",https://arxiv.org/abs/2406.14929v1,https://github.com/jhuow/eric,7062,2024-06-21T07:37:28Z,2026-09-10T13:59:17.064192+00:00
1.0,RESEARCH_PAPER,Validations and Corrections of the SFD and Planck Reddening Maps Based on LAMOST and Gaia Data,"Yang Sun, Haibo Yuan, Bingqiu Chen",https://arxiv.org/abs/2204.01521v3,https://github.com/qy-sunyang/extinction-maps-correction,10290,2022-04-01T17:51:28Z,2026-09-10T13:59:17.064206+00:00
1.0,RESEARCH_PAPER,Fake Review Detection Using Behavioral and Contextual Features,Jay Kumar,https://arxiv.org/abs/2003.00807v1,https://github.com/JayKumarr/Fake-Review-Detection,1960,2020-02-26T10:36:40Z,2026-09-10T13:59:17.064220+00:00
1.0,RESEARCH_PAPER,ASSD: Attentive Single Shot Multibox Detector,"Jingru Yi, Pengxiang Wu, Dimitris N. Metaxas",https://arxiv.org/abs/1909.12456v1,https://github.com/yijingru/ASSD-Pytorch,3426,2019-09-27T01:36:41Z,2026-09-10T13:59:17.064234+00:00
1.0,RESEARCH_PAPER,Deep Inside Convolutional Networks: Visualising Image Classification Models and Saliency Maps,"Karen Simonyan, Andrea Vedaldi, Andrew Zisserman",http://arxiv.org/abs/1312.6034v2,https://github.com/RuoyuGuo/Visualising-Image-Classification-Models-and-Saliency-Maps,2802,2013-12-20T16:45:54Z,2026-09-10T13:59:17.064248+00:00
1.0,RESEARCH_PAPER,Dynamic Dual-Attentive Aggregation Learning for Visible-Infrared Person Re-Identification,"Mang Ye, Jianbing Shen, David J. Crandall, Ling Shao, Jiebo Luo",https://arxiv.org/abs/2007.09314v1,https://github.com/mangye16/DDAG,8154,2020-07-18T03:08:13Z,2026-09-10T13:59:17.064261+00:00
1.0,RESEARCH_PAPER,Playing Chess with Limited Look Ahead,Arman Maesumi,https://arxiv.org/abs/2007.02130v1,https://github.com/ArmanMaesumi/LimitedLookAheadChess,555,2020-07-04T16:02:43Z,2026-09-10T13:59:17.064275+00:00
1.0,RESEARCH_PAPER,Graph Neural Network for Traffic Forecasting: A Survey,"Weiwei Jiang, Jiayun Luo",https://arxiv.org/abs/2101.11174v4,https://github.com/zhiyongc/Seattle-Loop-Data,144,2021-01-27T02:35:41Z,2026-09-10T13:59:17.064292+00:00
1.0,RESEARCH_PAPER,Additive Noise Annealing and Approximation Properties of Quantized Neural Networks,"Matteo Spallanzani, Lukas Cavigelli, Gian Paolo Leonardi, Marko Bertogna, Luca Benini",https://arxiv.org/abs/1905.10452v1,https://github.com/spallanzanimatteo/QuantLab,6477,2019-05-24T21:30:54Z,2026-09-10T13:59:17.064306+00:00
1.0,RESEARCH_PAPER,Geometric anomaly detection in data,"Bernadette J Stolz, Jared Tanner, Heather A Harrington, Vidit Nanda",https://arxiv.org/abs/1908.09397v1,https://github.com/stolzbernadette/Geometric-Anomalies,2688,2019-08-25T21:38:00Z,2026-09-10T13:59:17.064320+00:00
1.0,RESEARCH_PAPER,Fast and Accurate Model Scaling,"Piotr Dollár, Mannat Singh, Ross Girshick",https://arxiv.org/abs/2103.06877v1,https://github.com/tuggeluk/pycls,1352,2021-03-11T18:59:14Z,2026-09-10T13:59:17.064334+00:00
1.0,RESEARCH_PAPER,Exact Hard Monotonic Attention for Character-Level Transduction,"Shijie Wu, Ryan Cotterell",https://arxiv.org/abs/1905.06319v3,https://github.com/AssafSinger94/sigmorphon-2020-inflection,1569,2019-05-15T17:51:09Z,2026-09-10T13:59:17.064348+00:00
1.0,RESEARCH_PAPER,Solving Large Scale Structure in Ten Easy Steps with COLA,"Svetlin Tassev, Matias Zaldarriaga, Daniel Eisenstein",https://arxiv.org/abs/1301.0322v1,https://github.com/HAWinther/MG-PICOLA-PUBLIC,3083,2013-01-02T21:00:02Z,2026-09-10T13:59:17.064363+00:00
1.0,RESEARCH_PAPER,Hierarchical Multi-head Attentive Network for Evidence-aware Fake News Detection,"Nguyen Vo, Kyumin Lee",https://arxiv.org/abs/2102.02680v1,https://github.com/nguyenvo09/EACL2021,4950,2021-02-04T15:18:44Z,2026-09-10T13:59:17.064379+00:00
1.0,RESEARCH_PAPER,Objects as Points,"Xingyi Zhou, Dequan Wang, Philipp Krähenbühl",http://arxiv.org/abs/1904.07850v2,https://github.com/PingoLH/CenterNet-HarDNet,1258,2019-04-16T17:54:26Z,2026-09-10T13:59:17.064392+00:00
1.0,RESEARCH_PAPER,HarDNet: A Low Memory Traffic Network,"Ping Chao, Chao-Yang Kao, Yu-Shan Ruan, Chien-Hsiang Huang, Youn-Long Lin",https://arxiv.org/abs/1909.00948v1,https://github.com/PingoLH/CenterNet-HarDNet,1258,2019-09-03T04:34:18Z,2026-09-10T13:59:17.064405+00:00
1.0,RESEARCH_PAPER,Cross-Domain Adaptation of Spoken Language Identification for Related Languages: The Curious Case of Slavic Languages,"Badr M. Abdullah, Tania Avgustinova, Bernd Möbius, Dietrich Klakow",https://arxiv.org/abs/2008.00545v2,https://github.com/uds-lsv/da-lang-id,558,2020-08-02T19:30:39Z,2026-09-10T13:59:17.064421+00:00
1.0,RESEARCH_PAPER,Amortized Synthesis of Constrained Configurations Using a Differentiable Surrogate,"Xingyuan Sun, Tianju Xue, Szymon Rusinkiewicz, Ryan P. Adams",https://arxiv.org/abs/2106.09019v2,https://github.com/xingyuansun/amorsyn,8934,2021-06-16T17:59:45Z,2026-09-10T13:59:17.064435+00:00
1.0,RESEARCH_PAPER,The Liver Tumor Segmentation Benchmark (LiTS),"Patrick Bilic, Patrick Christ, Hongwei Bran Li, Eugene Vorontsov, Avi Ben-Cohen, Georgios Kaissis, Adi Szeskin, Colin Jacobs, Gabriel Efrain Humpire Mamani, Gabriel Chartrand, Fabian Lohöfer, Julian Walter Holch, Wieland Sommer, Felix Hofmann, Alexandre Hostettler, Naama Lev-Cohain, Michal Drozdzal, Michal Marianne Amitai, Refael Vivantik, Jacob Sosna, Ivan Ezhov, Anjany Sekuboyina, Fernando Navarro, Florian Kofler, Johannes C. Paetzold, Suprosanna Shit, Xiaobin Hu, Jana Lipková, Markus Rempfler, Marie Piraud, Jan Kirschke, Benedikt Wiestler, Zhiheng Zhang, Christian Hülsemeyer, Marcel Beetz, Florian Ettlinger, Michela Antonelli, Woong Bae, Míriam Bellver, Lei Bi, Hao Chen, Grzegorz Chlebus, Erik B. Dam, Qi Dou, Chi-Wing Fu, Bogdan Georgescu, Xavier Giró-i-Nieto, Felix Gruen, Xu Han, Pheng-Ann Heng, Jürgen Hesser, Jan Hendrik Moltz, Christian Igel, Fabian Isensee, Paul Jäger, Fucang Jia, Krishna Chaitanya Kaluva, Mahendra Khened, Ildoo Kim, Jae-Hun Kim, Sungwoong Kim, Simon Kohl, Tomasz Konopczynski, Avinash Kori, Ganapathy Krishnamurthi, Fan Li, Hongchao Li, Junbo Li, Xiaomeng Li, John Lowengrub, Jun Ma, Klaus Maier-Hein, Kevis-Kokitsi Maninis, Hans Meine, Dorit Merhof, Akshay Pai, Mathias Perslev, Jens Petersen, Jordi Pont-Tuset, Jin Qi, Xiaojuan Qi, Oliver Rippel, Karsten Roth, Ignacio Sarasua, Andrea Schenk, Zengming Shen, Jordi Torres, Christian Wachinger, Chunliang Wang, Leon Weninger, Jianrong Wu, Daguang Xu, Xiaoping Yang, Simon Chun-Ho Yu, Yading Yuan, Miao Yu, Liping Zhang, Jorge Cardoso, Spyridon Bakas, Rickmer Braren, Volker Heinemann, Christopher Pal, An Tang, Samuel Kadoury, Luc Soler, Bram van Ginneken, Hayit Greenspan, Leo Joskowicz, Bjoern Menze",https://arxiv.org/abs/1901.04056v2,https://github.com/zz10001/LITS2017-main1,2710,2019-01-13T20:38:16Z,2026-09-10T13:59:17.064454+00:00
1.0,RESEARCH_PAPER,Weakly Supervised Generative Network for Multiple 3D Human Pose Hypotheses,"Chen Li, Gim Hee Lee",https://arxiv.org/abs/2008.05770v1,https://github.com/chaneyddtt/weakly-supervised-3d-pose-generator,3384,2020-08-13T09:26:01Z,2026-09-10T13:59:17.064468+00:00
1.0,RESEARCH_PAPER,Iterative Surrogate Model Optimization (ISMO): An active learning algorithm for PDE constrained optimization with deep neural networks,"Kjetil O. Lye, Siddhartha Mishra, Deep Ray, Praveen Chandrasekhar",https://arxiv.org/abs/2008.05730v1,https://github.com/kjetil-lye/iterative_surrogate_optimization,7944,2020-08-13T07:31:07Z,2026-09-10T13:59:17.064482+00:00
1.0,RESEARCH_PAPER,LAC : LSTM AUTOENCODER with Community for Insider Threat Detection,"Sudipta Paul, Subhankar Mishra",https://arxiv.org/abs/2008.05646v1,https://github.com/smlab-niser/LAC,81,2020-08-13T02:08:39Z,2026-09-10T13:59:17.064496+00:00
1.0,RESEARCH_PAPER,Calculating elements of matrix functions using divided differences,"Lev Barash, Stefan Güttel, Itay Hen",https://arxiv.org/abs/2107.14124v2,https://github.com/LevBarash/MatrixFunctions,4152,2021-07-29T15:53:11Z,2026-09-10T13:59:17.064510+00:00
1.0,RESEARCH_PAPER,Evaluating Protein Transfer Learning with TAPE,"Roshan Rao, Nicholas Bhattacharya, Neil Thomas, Yan Duan, Xi Chen, John Canny, Pieter Abbeel, Yun S. Song",https://arxiv.org/abs/1906.08230v1,https://github.com/googleinterns/protein-embedding-retrieval,1649,2019-06-19T17:19:31Z,2026-09-10T13:59:17.064524+00:00
1.0,RESEARCH_PAPER,Contextual Lensing of Universal Sentence Representations,Jamie Kiros,https://arxiv.org/abs/2002.08866v1,https://github.com/googleinterns/protein-embedding-retrieval,1649,2020-02-20T17:06:27Z,2026-09-10T13:59:17.064539+00:00
1.0,RESEARCH_PAPER,Fixed-Length Protein Embeddings using Contextual Lenses,"Amir Shanehsazzadeh, David Belanger, David Dohan",https://arxiv.org/abs/2010.15065v1,https://github.com/googleinterns/protein-embedding-retrieval,4947,2020-10-15T14:54:55Z,2026-09-10T13:59:17.064586+00:00
1.0,RESEARCH_PAPER,SpatialFlow: Bridging All Tasks for Panoptic Segmentation,"Qiang Chen, Anda Cheng, Xiangyu He, Peisong Wang, Jian Cheng",https://arxiv.org/abs/1910.08787v3,https://github.com/chensnathan/SpatialFlow,10098,2019-10-19T15:16:27Z,2026-09-10T13:59:17.064629+00:00
1.0,RESEARCH_PAPER,Heuristics for Inequality minimization in PageRank values,Subhajit Sahu,https://arxiv.org/abs/2310.18537v2,https://github.com/puzzlef/pagerank-minimize-inequality,3042,2023-10-27T23:36:12Z,2026-09-10T13:59:17.064643+00:00
1.0,RESEARCH_PAPER,Predicting radial-velocity jitter induced by stellar oscillations based on Kepler data,"Jie Yu, Daniel Huber, Timothy R. Bedding, Dennis Stello",http://arxiv.org/abs/1807.00096v1,https://github.com/Jieyu126/Jitter,720,2018-06-30T00:39:38Z,2026-09-10T13:59:17.064662+00:00
1.0,RESEARCH_PAPER,Echo-SyncNet: Self-supervised Cardiac View Synchronization in Echocardiography,"Fatemeh Taheri Dezaki, Christina Luong, Tom Ginsberg, Robert Rohling, Ken Gin, Purang Abolmaesumi, Teresa Tsang",https://arxiv.org/abs/2102.02287v1,https://github.com/fatemehtd/Echo-SyncNet,2208,2021-02-03T20:48:16Z,2026-09-10T13:59:17.064681+00:00
1.0,RESEARCH_PAPER,TriFinger: An Open-Source Robot for Learning Dexterity,"Manuel Wüthrich, Felix Widmaier, Felix Grimminger, Joel Akpo, Shruti Joshi, Vaibhav Agrawal, Bilal Hammoud, Majid Khadiv, Miroslav Bogdanovic, Vincent Berenz, Julian Viereck, Maximilien Naveau, Ludovic Righetti, Bernhard Schölkopf, Stefan Bauer",https://arxiv.org/abs/2008.03596v2,https://github.com/open-dynamic-robot-initiative/trifinger_simulation,2281,2020-08-08T20:54:30Z,2026-09-10T13:59:17.064696+00:00
1.0,RESEARCH_PAPER,Constructing Narrative Event Evolutionary Graph for Script Event Prediction,"Zhongyang Li, Xiao Ding, Ting Liu",http://arxiv.org/abs/1805.05081v2,https://github.com/eecrazy/ConstructingNEEG_IJCAI_2018,9375,2018-05-14T09:23:26Z,2026-09-10T13:59:17.064723+00:00
1.0,RESEARCH_PAPER,"Kaleidoscope: An Efficient, Learnable Representation For All Structured Linear Maps","Tri Dao, Nimit S. Sohoni, Albert Gu, Matthew Eichhorn, Amit Blonder, Megan Leszczynski, Atri Rudra, Christopher Ré",https://arxiv.org/abs/2012.14966v2,https://github.com/HazyResearch/learning-circuits,9408,2020-12-29T22:51:29Z,2026-09-10T13:59:17.064752+00:00
1.0,RESEARCH_PAPER,Proposed Guidelines for the Responsible Use of Explainable Machine Learning,"Patrick Hall, Navdeep Gill, Nicholas Schmidt",https://arxiv.org/abs/1906.03533v3,https://github.com/jphall663/hc_ml,205,2019-06-08T22:12:11Z,2026-09-10T13:59:17.064771+00:00
1.0,RESEARCH_PAPER,"SRDA: Generating Instance Segmentation Annotation Via Scanning, Reasoning And Domain Adaptation","Wenqiang Xu, Yonglu Li, Cewu Lu",http://arxiv.org/abs/1801.08839v3,https://github.com/DirtyHarryLYL/SRDA-ECCV2018,5205,2018-01-26T15:10:15Z,2026-09-10T13:59:17.064787+00:00
1.0,RESEARCH_PAPER,Bottom-Up and Top-Down Attention for Image Captioning and Visual Question Answering,"Peter Anderson, Xiaodong He, Chris Buehler, Damien Teney, Mark Johnson, Stephen Gould, Lei Zhang",http://arxiv.org/abs/1707.07998v3,https://github.com/meiqiguo/iccv2021-atypicalitydetection,154,2017-07-25T13:50:17Z,2026-09-10T13:59:17.064802+00:00
1.0,RESEARCH_PAPER,EfficientNet: Rethinking Model Scaling for Convolutional Neural Networks,"Mingxing Tan, Quoc V. Le",https://arxiv.org/abs/1905.11946v5,https://github.com/darya-baranovskaya/keyword_spotting,3006,2019-05-28T17:05:32Z,2026-09-10T13:59:17.064817+00:00
1.0,RESEARCH_PAPER,Language ID in the Wild: Unexpected Challenges on the Path to a Thousand-Language Web Text Corpus,"Isaac Caswell, Theresa Breiner, Daan van Esch, Ankur Bapna",https://arxiv.org/abs/2010.14571v2,https://github.com/google-research-datasets/TF-IDF-IIF-top100-wordlists,10539,2020-10-27T19:29:17Z,2026-09-10T13:59:17.064833+00:00
1.0,RESEARCH_PAPER,ECAPA-TDNN for Multi-speaker Text-to-speech Synthesis,"Jinlong Xue, Yayue Deng, Yichen Han, Ya Li, Jianqing Sun, Jiaen Liang",https://arxiv.org/abs/2203.10473v2,https://github.com/2023-MindSpore-1/ms-code-50,3120,2022-03-20T07:04:26Z,2026-09-10T13:59:17.064849+00:00
1.0,RESEARCH_PAPER,R Markdown: Integrating A Reproducible Analysis Tool into Introductory Statistics,"Ben Baumer, Mine Cetinkaya-Rundel, Andrew Bray, Linda Loi, Nicholas J. Horton",https://arxiv.org/abs/1402.1894v1,https://github.com/liibre/curso,3461,2014-02-08T22:08:04Z,2026-09-10T13:59:17.064866+00:00
1.0,RESEARCH_PAPER,Learning to Adapt Structured Output Space for Semantic Segmentation,"Yi-Hsuan Tsai, Wei-Chih Hung, Samuel Schulter, Kihyuk Sohn, Ming-Hsuan Yang, Manmohan Chandraker",https://arxiv.org/abs/1802.10349v3,https://github.com/buriedms/AdaptSegNet-Paddle,1835,2018-02-28T10:39:26Z,2026-09-10T13:59:17.064889+00:00
1.0,RESEARCH_PAPER,Identity-Aware Multi-Sentence Video Description,"Jae Sung Park, Trevor Darrell, Anna Rohrbach",https://arxiv.org/abs/2008.09791v1,https://github.com/jamespark3922/lsmdc-fillin,10482,2020-08-22T09:50:43Z,2026-09-10T13:59:17.064984+00:00
1.0,RESEARCH_PAPER,LowFER: Low-rank Bilinear Pooling for Link Prediction,"Saadullah Amin, Stalin Varanasi, Katherine Ann Dunfield, Günter Neumann",https://arxiv.org/abs/2008.10858v1,https://github.com/suamin/LowFER,2847,2020-08-25T07:33:52Z,2026-09-10T13:59:17.065141+00:00
1.0,RESEARCH_PAPER,RevPHiSeg: A Memory-Efficient Neural Network for Uncertainty Quantification in Medical Image Segmentation,"Marc Gantenbein, Ertunc Erdil, Ender Konukoglu",https://arxiv.org/abs/2008.06999v2,https://github.com/gigantenbein/UNet-Zoo,498,2020-08-16T21:16:19Z,2026-09-10T13:59:17.065182+00:00
1.0,RESEARCH_PAPER,Learning to Reason in Round-based Games: Multi-task Sequence Generation for Purchasing Decision Making in First-person Shooters,"Yilei Zeng, Deren Lei, Beichen Li, Gangrong Jiang, Emilio Ferrara, Michael Zyda",https://arxiv.org/abs/2008.05131v1,https://github.com/derenlei/CS_Net,6399,2020-08-12T06:29:26Z,2026-09-10T13:59:17.065208+00:00
1.0,RESEARCH_PAPER,COVID-19 Data Analysis and Forecasting: Algeria and the World,Sami Belkacem,https://arxiv.org/abs/2007.09755v2,https://github.com/SamBelkacem/COVID19-Algeria-and-World-Dataset,7716,2020-07-19T19:10:48Z,2026-09-10T13:59:17.065232+00:00
1.0,RESEARCH_PAPER,Unsupervised Learning of Particle Image Velocimetry,"Mingrui Zhang, Matthew D. Piggott",https://arxiv.org/abs/2007.14487v1,https://github.com/erizmr/UnLiteFlowNet-PIV,3762,2020-07-28T21:08:37Z,2026-09-10T13:59:17.065254+00:00
1.0,RESEARCH_PAPER,Robust Ego and Object 6-DoF Motion Estimation and Tracking,"Jun Zhang, Mina Henein, Robert Mahony, Viorela Ila",https://arxiv.org/abs/2007.13993v1,https://github.com/halajun/multimot_track,7974,2020-07-28T05:12:56Z,2026-09-10T13:59:17.065279+00:00
1.0,RESEARCH_PAPER,XingGAN for Person Image Generation,"Hao Tang, Song Bai, Li Zhang, Philip H. S. Torr, Nicu Sebe",https://arxiv.org/abs/2007.09278v1,https://github.com/Ha0Tang/XingGAN,5952,2020-07-17T23:40:22Z,2026-09-10T13:59:17.065301+00:00
1.0,RESEARCH_PAPER,Learning to Match Distributions for Domain Adaptation,"Chaohui Yu, Jindong Wang, Chang Liu, Tao Qin, Renjun Xu, Wenjie Feng, Yiqiang Chen, Tie-Yan Liu",https://arxiv.org/abs/2007.10791v3,https://github.com/jindongwang/transferlearning,3216,2020-07-17T03:26:13Z,2026-09-10T13:59:17.065328+00:00
1.0,RESEARCH_PAPER,Shape Prior Deformation for Categorical 6D Object Pose and Size Estimation,"Meng Tian, Marcelo H Ang, Gim Hee Lee",https://arxiv.org/abs/2007.08454v1,https://github.com/mentian/object-deformnet,1674,2020-07-16T16:45:05Z,2026-09-10T13:59:17.065351+00:00
1.0,RESEARCH_PAPER,Mixture Complexity and Its Application to Gradual Clustering Change Detection,"Shunki Kyoya, Kenji Yamanishi",https://arxiv.org/abs/2007.07467v1,https://github.com/ShunkiKyoya/MixtureComplexity,2934,2020-07-15T03:49:38Z,2026-09-10T13:59:17.065376+00:00
1.0,RESEARCH_PAPER,Semi-Siamese Training for Shallow Face Learning,"Hang Du, Hailin Shi, Yuchi Liu, Jun Wang, Zhen Lei, Dan Zeng, Tao Mei",https://arxiv.org/abs/2007.08398v1,https://github.com/dituu/Semi-Siamese-Training,9297,2020-07-16T15:20:04Z,2026-09-10T13:59:17.065410+00:00
1.0,RESEARCH_PAPER,Patch-wise Attack for Fooling Deep Neural Network,"Lianli Gao, Qilong Zhang, Jingkuan Song, Xianglong Liu, Heng Tao Shen",https://arxiv.org/abs/2007.06765v3,https://github.com/qilong-zhang/Patch-wise-iterative-attack,2634,2020-07-14T01:50:22Z,2026-09-10T13:59:17.065456+00:00
1.0,RESEARCH_PAPER,Template-Based Question Generation from Retrieved Sentences for Improved Unsupervised Question Answering,"Alexander R. Fabbri, Patrick Ng, Zhiguo Wang, Ramesh Nallapati, Bing Xiang",https://arxiv.org/abs/2004.11892v1,https://github.com/awslabs/unsupervised-qa,9264,2020-04-24T17:57:45Z,2026-09-10T13:59:17.065486+00:00
1.0,RESEARCH_PAPER,Certifying Joint Adversarial Robustness for Model Ensembles,"Mainuddin Ahmad Jonas, David Evans",https://arxiv.org/abs/2004.10250v1,https://github.com/jonas-maj/ensemble-adversarial-robustness,5538,2020-04-21T19:38:31Z,2026-09-10T13:59:17.065514+00:00
1.0,RESEARCH_PAPER,LRTD: Long-Range Temporal Dependency based Active Learning for Surgical Workflow Recognition,"Xueying Shi, Yueming Jin, Qi Dou, Pheng-Ann Heng",https://arxiv.org/abs/2004.09845v2,https://github.com/xmichelleshihx/AL-LRTD,4563,2020-04-21T09:21:22Z,2026-09-10T13:59:17.065543+00:00
1.0,RESEARCH_PAPER,SimAlign: High Quality Word Alignments without Parallel Training Data using Static and Contextualized Embeddings,"Masoud Jalili Sabet, Philipp Dufter, François Yvon, Hinrich Schütze",https://arxiv.org/abs/2004.08728v4,https://github.com/masoudjs/simalign,3492,2020-04-18T23:10:36Z,2026-09-10T13:59:17.065580+00:00
1.0,RESEARCH_PAPER,A Novel CNN-based Method for Accurate Ship Detection in HR Optical Remote Sensing Images via Rotated Bounding Box,"Linhao Li, Zhiqiang Zhou, Bo Wang, Lingjuan Miao, Hua Zong",https://arxiv.org/abs/2004.07124v2,https://github.com/lilinhao/ShipDetection,1620,2020-04-15T14:48:46Z,2026-09-10T13:59:17.065613+00:00
1.0,RESEARCH_PAPER,Geomstats: A Python Package for Riemannian Geometry in Machine Learning,"Nina Miolane, Alice Le Brigant, Johan Mathe, Benjamin Hou, Nicolas Guigui, Yann Thanwerdas, Stefan Heyder, Olivier Peltre, Niklas Koep, Hadi Zaatiti, Hatem Hajri, Yann Cabanes, Thomas Gerald, Paul Chauchat, Christian Shewmake, Bernhard Kainz, Claire Donnat, Susan Holmes, Xavier Pennec",https://arxiv.org/abs/2004.04667v1,https://github.com/geomstats/geomstats,2358,2020-04-07T20:41:50Z,2026-09-10T13:59:17.065643+00:00
1.0,RESEARCH_PAPER,A Systematic Analysis of Morphological Content in BERT Models for Multiple Languages,Daniel Edmiston,https://arxiv.org/abs/2004.03032v1,https://github.com/danedmiston/morphology_classifiers,114,2020-04-06T22:50:27Z,2026-09-10T13:59:17.065734+00:00
1.0,RESEARCH_PAPER,Self-Supervised Viewpoint Learning From Image Collections,"Siva Karthik Mustikovela, Varun Jampani, Shalini De Mello, Sifei Liu, Umar Iqbal, Carsten Rother, Jan Kautz",https://arxiv.org/abs/2004.01793v1,https://github.com/NVlabs/SSV,2958,2020-04-03T22:01:41Z,2026-09-10T13:59:17.065796+00:00
1.0,RESEARCH_PAPER,Disentangling and Unifying Graph Convolutions for Skeleton-Based Action Recognition,"Ziyu Liu, Hongwen Zhang, Zhenghao Chen, Zhiyong Wang, Wanli Ouyang",https://arxiv.org/abs/2003.14111v2,https://github.com/kenziyuliu/ms-g3d,7248,2020-03-31T11:28:25Z,2026-09-10T13:59:17.065824+00:00
1.0,RESEARCH_PAPER,Real-Time Detection of Dictionary DGA Network Traffic using Deep Learning,"Kate Highnam, Domenic Puzio, Song Luo, Nicholas R. Jennings",https://arxiv.org/abs/2003.12805v1,https://github.com/jinxmirror13/bilbo-bagging-hybrid,6261,2020-03-28T14:57:22Z,2026-09-10T13:59:17.065845+00:00
1.0,RESEARCH_PAPER,Strip Pooling: Rethinking Spatial Pooling for Scene Parsing,"Qibin Hou, Li Zhang, Ming-Ming Cheng, Jiashi Feng",https://arxiv.org/abs/2003.13328v1,https://github.com/Andrew-Qibin/SPNet,1959,2020-03-30T10:40:11Z,2026-09-10T13:59:17.065885+00:00
1.0,RESEARCH_PAPER,Masked Face Recognition Dataset and Application,"Zhongyuan Wang, Guangcheng Wang, Baojin Huang, Zhangyang Xiong, Qi Hong, Hao Wu, Peng Yi, Kui Jiang, Nanxi Wang, Yingjiao Pei, Heling Chen, Yu Miao, Zhibing Huang, Jinbi Liang",https://arxiv.org/abs/2003.09093v2,https://github.com/X-zhangyang/Real-World-Masked-Face-Dataset,1974,2020-03-20T04:15:19Z,2026-09-10T13:59:17.065909+00:00
1.0,RESEARCH_PAPER,Adversarial Texture Optimization from RGB-D Scans,"Jingwei Huang, Justus Thies, Angela Dai, Abhijit Kundu, Chiyu Max Jiang, Leonidas Guibas, Matthias Nießner, Thomas Funkhouser",https://arxiv.org/abs/2003.08400v1,https://github.com/hjwdzh/AdversarialTexture,10059,2020-03-18T18:00:05Z,2026-09-10T13:59:17.065928+00:00
1.0,RESEARCH_PAPER,Tracking Social Media Discourse About the COVID-19 Pandemic: Development of a Public Coronavirus Twitter Data Set,"Emily Chen, Kristina Lerman, Emilio Ferrara",https://arxiv.org/abs/2003.07372v1,https://github.com/echen102/COVID-19-TweetIDs,7824,2020-03-16T18:00:04Z,2026-09-10T13:59:17.141997+00:00
1.0,RESEARCH_PAPER,Semantically-Enriched Search Engine for Geoportals: A Case Study with ArcGIS Online,"Gengchen Mai, Krzysztof Janowicz, Sathya Prasad, Meilin Shi, Ling Cai, Rui Zhu, Blake Regalia, Ni Lao",https://arxiv.org/abs/2003.06561v1,https://github.com/gengchenmai/arcgis-online-search-engine,1860,2020-03-14T06:16:30Z,2026-09-10T13:59:17.142026+00:00
1.0,RESEARCH_PAPER,CAESAR source finder: recent developments and testing,"S. Riggi, F. Vitello, U. Becciani, C. Buemi, F. Bufano, A. Calanducci, F. Cavallaro, A. Costa, A. Ingallinera, P. Leto, S. Loru, R. P. Norris, F. Schillirò, E. Sciacca, C. Trigilio, G. Umana",https://arxiv.org/abs/1909.06116v1,https://github.com/SKA-INAF/caesar,5802,2019-09-13T09:51:43Z,2026-09-10T13:59:17.142039+00:00
1.0,RESEARCH_PAPER,Select and Attend: Towards Controllable Content Selection in Text Generation,"Xiaoyu Shen, Jun Suzuki, Kentaro Inui, Hui Su, Dietrich Klakow, Satoshi Sekine",https://arxiv.org/abs/1909.04453v1,https://github.com/chin-gyou/controllable-selection,792,2019-09-10T12:59:10Z,2026-09-10T13:59:17.142052+00:00
1.0,RESEARCH_PAPER,3DSiameseNet to Analyze Brain MRI,"Cecilia Ostertag, Marie Beurton-Aimar, Thierry Urruty",https://arxiv.org/abs/1909.01098v1,https://github.com/morphoboid/3D-SiameseNet,8325,2019-09-03T11:52:25Z,2026-09-10T13:59:17.142062+00:00
1.0,RESEARCH_PAPER,Relation-Aware Entity Alignment for Heterogeneous Knowledge Graphs,"Yuting Wu, Xiao Liu, Yansong Feng, Zheng Wang, Rui Yan, Dongyan Zhao",https://arxiv.org/abs/1908.08210v1,https://github.com/StephanieWyt/RDGCN,1944,2019-08-22T05:45:30Z,2026-09-10T13:59:17.142073+00:00
1.0,RESEARCH_PAPER,PubLayNet: largest dataset ever for document layout analysis,"Xu Zhong, Jianbin Tang, Antonio Jimeno Yepes",https://arxiv.org/abs/1908.07836v1,https://github.com/ibm-aur-nlp/PubLayNet,4056,2019-08-16T00:40:08Z,2026-09-10T13:59:17.142083+00:00
1.0,RESEARCH_PAPER,Prosodic Phrase Alignment for Machine Dubbing,"Alp Öktem, Mireia Farrús, Antonio Bonafonte",https://arxiv.org/abs/1908.07226v1,https://github.com/alpoktem/MachineDub,2328,2019-08-20T08:52:52Z,2026-09-10T13:59:17.142092+00:00
1.0,RESEARCH_PAPER,VideoNavQA: Bridging the Gap between Visual and Embodied Question Answering,"Cătălina Cangea, Eugene Belilovsky, Pietro Liò, Aaron Courville",https://arxiv.org/abs/1908.04950v1,https://github.com/catalina17/VideoNavQA,6822,2019-08-14T04:44:26Z,2026-09-10T13:59:17.142101+00:00
1.0,RESEARCH_PAPER,Domain-Specific Embedding Network for Zero-Shot Recognition,"Shaobo Min, Hantao Yao, Hongtao Xie, Zheng-Jun Zha, Yongdong Zhang",https://arxiv.org/abs/1908.04174v1,https://github.com/mboboGO/DSEN-for-GZSL,1656,2019-08-12T14:32:50Z,2026-09-10T13:59:17.142109+00:00
1.0,RESEARCH_PAPER,Consensus Maximization Tree Search Revisited,"Zhipeng Cai, Tat-Jun Chin, Vladlen Koltun",https://arxiv.org/abs/1908.02021v3,https://github.com/ZhipengCai/MaxConTreeSearch,3093,2019-08-06T08:54:04Z,2026-09-10T13:59:17.142118+00:00
1.0,RESEARCH_PAPER,BLEBeacon: A Real-Subject Trial Dataset from Mobile Bluetooth Low Energy Beacons,"Dimitrios Sikeridis, Ioannis Papapanagiotou, Michael Devetsikiotis",https://arxiv.org/abs/1802.08782v2,https://github.com/dimisik/BLEBeacon-Dataset,3210,2018-02-24T01:53:43Z,2026-09-10T13:59:17.142127+00:00
1.0,RESEARCH_PAPER,Biological and Shortest-Path Routing Procedures for Transportation Network Design,François Queyroi,http://arxiv.org/abs/1803.03528v1,https://github.com/fqueyroi/tulip_plugins,2406,2018-03-07T15:21:43Z,2026-09-10T13:59:17.142138+00:00
1.0,RESEARCH_PAPER,Viable Dependency Parsing as Sequence Labeling,"Michalina Strzyz, David Vilares, Carlos Gómez-Rodríguez",http://arxiv.org/abs/1902.10505v2,https://github.com/mstrise/dep2label,7716,2019-02-27T13:08:27Z,2026-09-10T13:59:17.142148+00:00
1.0,RESEARCH_PAPER,The State of Sparsity in Deep Neural Networks,"Trevor Gale, Erich Elsen, Sara Hooker",http://arxiv.org/abs/1902.09574v1,https://github.com/ars-ashuha/variational-dropout-sparsifies-dnn,4869,2019-02-25T19:18:40Z,2026-09-10T13:59:17.142157+00:00
1.0,RESEARCH_PAPER,From Dark Matter to Galaxies with Convolutional Networks,"Xinyue Zhang, Yanfang Wang, Wei Zhang, Yueqiu Sun, Siyu He, Gabriella Contardo, Francisco Villaescusa-Navarro, Shirley Ho",http://arxiv.org/abs/1902.05965v2,https://github.com/xz2139/From-Dark-Matter-to-Galaxies-with-Convolutional-Networks,5619,2019-02-15T19:01:20Z,2026-09-10T13:59:17.142167+00:00
1.0,RESEARCH_PAPER,Forensic Similarity for Digital Images,"Owen Mayer, Matthew C. Stamm",https://arxiv.org/abs/1902.04684v2,https://gitlab.com/MISLgit/forensic-similarity-for-digital-images,0,2019-02-13T00:21:02Z,2026-09-10T13:59:17.142175+00:00
1.0,RESEARCH_PAPER,Out-of-Sample Testing for GANs,"Pablo Sánchez-Martín, Pablo M. Olmos, Fernando Pérez-Cruz",http://arxiv.org/abs/1901.09557v1,https://github.com/psanch21/EvalGAN,5820,2019-01-28T09:04:32Z,2026-09-10T13:59:17.142184+00:00
1.0,RESEARCH_PAPER,Active Learning with Gaussian Processes for High Throughput Phenotyping,"Sumit Kumar, Wenhao Luo, George Kantor, Katia Sycara",http://arxiv.org/abs/1901.06803v1,https://github.com/sumitsk/algp,2325,2019-01-21T06:35:02Z,2026-09-10T13:59:17.142194+00:00
1.0,RESEARCH_PAPER,Domain Adaptation for sEMG-based Gesture Recognition with Recurrent Neural Networks,"István Ketykó, Ferenc Kovács, Krisztián Zsolt Varga",https://arxiv.org/abs/1901.06958v2,https://github.com/ketyi/2SRNN,3741,2019-01-21T15:19:01Z,2026-09-10T13:59:17.142203+00:00
1.0,RESEARCH_PAPER,Metadata Embeddings for User and Item Cold-start Recommendations,Maciej Kula,http://arxiv.org/abs/1507.08439v1,https://github.com/lyst/lightfm,7953,2015-07-30T10:08:14Z,2026-09-10T13:59:17.142212+00:00
1.0,RESEARCH_PAPER,Image Super-Resolution Using Very Deep Residual Channel Attention Networks,"Yulun Zhang, Kunpeng Li, Kai Li, Lichen Wang, Bineng Zhong, Yun Fu",http://arxiv.org/abs/1807.02758v2,https://github.com/yulunzhang/RCAN,1935,2018-07-08T05:45:45Z,2026-09-10T13:59:17.142224+00:00
1.0,RESEARCH_PAPER,Steganalysis via a Convolutional Neural Network using Large Convolution Filters for Embedding Process with Same Stego Key,"Jean-François Couchot, Raphaël Couturier, Christophe Guyeux, Michel Salomon",http://arxiv.org/abs/1605.07946v3,https://github.com/rcouturier/steganalysis_with_deep_learning,5808,2016-05-25T15:58:57Z,2026-09-10T13:59:17.142233+00:00
1.0,RESEARCH_PAPER,Knowledge Matters: Importance of Prior Information for Optimization,"Çağlar Gülçehre, Yoshua Bengio",http://arxiv.org/abs/1301.4083v6,https://github.com/caglar/structured_mlp,6978,2013-01-17T13:06:52Z,2026-09-10T13:59:17.142242+00:00
1.0,RESEARCH_PAPER,Off-Policy General Value Functions to Represent Dynamic Role Assignments in RoboCup 3D Soccer Simulation,"Saminda Abeyruwan, Andreas Seekircher, Ubbo Visser",http://arxiv.org/abs/1402.4525v1,https://github.com/samindaa/RLLib,2247,2014-02-18T23:01:13Z,2026-09-10T13:59:17.142251+00:00
1.0,RESEARCH_PAPER,Echoes of Persuasion: The Effect of Euphony in Persuasive Communication,"Marco Guerini, Gözde Özbal, Carlo Strapparava",http://arxiv.org/abs/1508.05817v1,https://github.com/marcoguerini/paired_datasets_for_persuasion,291,2015-08-24T14:15:39Z,2026-09-10T13:59:17.142259+00:00
1.0,RESEARCH_PAPER,An Ensemble Method to Produce High-Quality Word Embeddings (2016),"Robyn Speer, Joshua Chin",https://arxiv.org/abs/1604.01692v2,https://github.com/LuminosoInsight/conceptnet-vector-ensemble,10194,2016-04-06T16:58:35Z,2026-09-10T13:59:17.142269+00:00
1.0,RESEARCH_PAPER,Orientation Driven Bag of Appearances for Person Re-identification,"Liqian Ma, Hong Liu, Liang Hu, Can Wang, Qianru Sun",http://arxiv.org/abs/1605.02464v1,https://github.com/charliememory/PKU-Reid-Dataset,3906,2016-05-09T08:25:33Z,2026-09-10T13:59:17.142277+00:00
1.0,RESEARCH_PAPER,Wide & Deep Learning for Recommender Systems,"Heng-Tze Cheng, Levent Koc, Jeremiah Harmsen, Tal Shaked, Tushar Chandra, Hrishi Aradhye, Glen Anderson, Greg Corrado, Wei Chai, Mustafa Ispir, Rohan Anil, Zakaria Haque, Lichan Hong, Vihan Jain, Xiaobing Liu, Hemal Shah",http://arxiv.org/abs/1606.07792v1,https://github.com/fengtong-xiao/DMBGN,1377,2016-06-24T19:07:02Z,2026-09-10T13:59:17.142287+00:00
1.0,RESEARCH_PAPER,Intraoperative margin assessment of human breast tissue in optical coherence tomography images using deep neural networks,"Amal Rannen Triki, Matthew B. Blaschko, Yoon Mo Jung, Seungri Song, Hyun Ju Han, Seung Il Kim, Chulmin Joo",http://arxiv.org/abs/1703.10827v1,https://github.com/AmalRT/DNN_Reg,4107,2017-03-31T10:05:00Z,2026-09-10T13:59:17.142296+00:00
1.0,RESEARCH_PAPER,Stick-Breaking Variational Autoencoders,"Eric Nalisnick, Padhraic Smyth",http://arxiv.org/abs/1605.06197v3,https://github.com/enalisnick/stick-breaking_dgms,2715,2016-05-20T02:20:13Z,2026-09-10T13:59:17.142305+00:00
1.0,RESEARCH_PAPER,MSHT: Multi-stage Hybrid Transformer for the ROSE Image Analysis of Pancreatic Cancer,"Tianyi Zhang, Yunlu Feng, Yu Zhao, Guangda Fan, Aiming Yang, Shangqin Lyu, Peng Zhang, Fan Song, Chenbin Ma, Yangyang Sun, Youdan Feng, Guanglei Zhang",https://arxiv.org/abs/2112.13513v1,https://github.com/sagizty/multi-stage-hybrid-transformer,1536,2021-12-27T05:04:11Z,2026-09-10T13:59:17.142314+00:00
1.0,RESEARCH_PAPER,Expressive Explanations of DNNs by Combining Concept Analysis with ILP,"Johannes Rabold, Gesina Schwalbe, Ute Schmid",https://arxiv.org/abs/2105.07371v1,https://github.com/mc-lovin-mlem/concept-embeddings-and-ilp,1863,2021-05-16T07:00:27Z,2026-09-10T13:59:17.142323+00:00
1.0,RESEARCH_PAPER,Iteratively Trained Interactive Segmentation,"Sabarinath Mahadevan, Paul Voigtlaender, Bastian Leibe",http://arxiv.org/abs/1805.04398v1,https://github.com/sabarim/itis,8487,2018-05-11T13:43:27Z,2026-09-10T13:59:17.142332+00:00
1.0,RESEARCH_PAPER,Deep Architectures for Neural Machine Translation,"Antonio Valerio Miceli Barone, Jindřich Helcl, Rico Sennrich, Barry Haddow, Alexandra Birch",http://arxiv.org/abs/1707.07631v1,https://github.com/Avmb/deep-nmt-architectures,843,2017-07-24T16:19:59Z,2026-09-10T13:59:17.142343+00:00
1.0,RESEARCH_PAPER,Generalization and Equilibrium in Generative Adversarial Nets (GANs),"Sanjeev Arora, Rong Ge, Yingyu Liang, Tengyu Ma, Yi Zhang",http://arxiv.org/abs/1703.00573v5,https://github.com/PrincetonML/MIX-plus-GANs,2880,2017-03-02T01:14:03Z,2026-09-10T13:59:17.142352+00:00
1.0,RESEARCH_PAPER,Neural Factorization Machines for Sparse Predictive Analytics,"Xiangnan He, Tat-Seng Chua",http://arxiv.org/abs/1708.05027v1,https://github.com/hexiangnan/neural_factorization_machine,3693,2017-08-16T18:24:16Z,2026-09-10T13:59:17.142361+00:00
1.0,RESEARCH_PAPER,How intelligent are convolutional neural networks?,"Zhennan Yan, Xiang Sean Zhou",http://arxiv.org/abs/1709.06126v2,https://github.com/zhennany/synthetic,8862,2017-09-18T19:04:36Z,2026-09-10T13:59:17.142369+00:00
1.0,RESEARCH_PAPER,Learning a Rotation Invariant Detector with Rotatable Bounding Box,"Lei Liu, Zongxu Pan, Bin Lei",http://arxiv.org/abs/1711.09405v1,https://github.com/liulei01/DRBox,9801,2017-11-26T15:20:52Z,2026-09-10T13:59:17.142378+00:00
1.0,RESEARCH_PAPER,Denoising Adversarial Autoencoders,"Antonia Creswell, Anil Anthony Bharath",http://arxiv.org/abs/1703.01220v4,https://github.com/ToniCreswell/DAAE_,8223,2017-03-03T15:59:16Z,2026-09-10T13:59:17.142387+00:00
1.0,RESEARCH_PAPER,Texture Synthesis with Recurrent Variational Auto-Encoder,"Rohan Chandra, Sachin Grover, Kyungjun Lee, Moustafa Meshry, Ahmed Taha",http://arxiv.org/abs/1712.08838v1,https://github.com/MoustafaMeshry/draw,3732,2017-12-23T20:38:57Z,2026-09-10T13:59:17.142396+00:00
1.0,RESEARCH_PAPER,Toward Controlled Generation of Text,"Zhiting Hu, Zichao Yang, Xiaodan Liang, Ruslan Salakhutdinov, Eric P. Xing",http://arxiv.org/abs/1703.00955v4,https://github.com/asyml/texar,1593,2017-03-02T21:23:47Z,2026-09-10T13:59:17.142405+00:00
1.0,RESEARCH_PAPER,Deep UQ: Learning deep neural network surrogate models for high dimensional uncertainty quantification,"Rohit Tripathy, Ilias Bilionis",http://arxiv.org/abs/1802.00850v1,https://github.com/rohitkt10/deep-uq-paper,2556,2018-02-02T21:20:17Z,2026-09-10T13:59:17.142414+00:00
1.0,RESEARCH_PAPER,TensorFlow Quantum: A Software Framework for Quantum Machine Learning,"Michael Broughton, Guillaume Verdon, Trevor McCourt, Antonio J. Martinez, Jae Hyeon Yoo, Sergei V. Isakov, Philip Massey, Ramin Halavati, Murphy Yuezhen Niu, Alexander Zlokapa, Evan Peters, Owen Lockwood, Andrea Skolik, Sofiene Jerbi, Vedran Dunjko, Martin Leib, Michael Streif, David Von Dollen, Hongxiang Chen, Shuxiang Cao, Roeland Wiersema, Hsin-Yuan Huang, Jarrod R. McClean, Ryan Babbush, Sergio Boixo, Dave Bacon, Alan K. Ho, Hartmut Neven, Masoud Mohseni",https://arxiv.org/abs/2003.02989v2,https://github.com/tensorflow/quantum,2682,2020-03-06T01:31:43Z,2026-09-10T13:59:17.142425+00:00
1.0,RESEARCH_PAPER,Action Segmentation with Joint Self-Supervised Temporal Domain Adaptation,"Min-Hung Chen, Baopu Li, Yingze Bao, Ghassan AlRegib, Zsolt Kira",https://arxiv.org/abs/2003.02824v3,https://github.com/cmhungsteve/SSTDA,4818,2020-03-05T18:52:33Z,2026-09-10T13:59:17.142434+00:00
1.0,RESEARCH_PAPER,Dancing to Music,"Hsin-Ying Lee, Xiaodong Yang, Ming-Yu Liu, Ting-Chun Wang, Yu-Ding Lu, Ming-Hsuan Yang, Jan Kautz",https://arxiv.org/abs/1911.02001v1,https://github.com/NVlabs/Dance2Music,7830,2019-11-05T18:56:15Z,2026-09-10T13:59:17.142443+00:00
1.0,RESEARCH_PAPER,Deep Reinforcement Learning Control of Quantum Cartpoles,"Zhikang T. Wang, Yuto Ashida, Masahito Ueda",https://arxiv.org/abs/1910.09200v4,https://github.com/Z-T-WANG/DeepReinforcementLearningControlOfQuantumCartpoles,8172,2019-10-21T08:24:24Z,2026-09-10T13:59:17.142452+00:00
1.0,RESEARCH_PAPER,Nonlinear classifiers for ranking problems based on kernelized SVM,"Václav Mácha, Lukáš Adam, Václav Šmídl",https://arxiv.org/abs/2002.11436v2,https://github.com/VaclavMacha/ClassificationOnTop_new.jl,1449,2020-02-26T12:37:11Z,2026-09-10T13:59:17.142467+00:00
1.0,RESEARCH_PAPER,Weakly- and Semi-Supervised Panoptic Segmentation,"Qizhu Li, Anurag Arnab, Philip H. S. Torr",http://arxiv.org/abs/1808.03575v3,https://github.com/qizhuli/Weakly-Supervised-Panoptic-Segmentation,1311,2018-08-10T15:04:14Z,2026-09-10T13:59:17.142481+00:00
1.0,RESEARCH_PAPER,Multi-task self-supervised learning for Robust Speech Recognition,"Mirco Ravanelli, Jianyuan Zhong, Santiago Pascual, Pawel Swietojanski, Joao Monteiro, Jan Trmal, Yoshua Bengio",https://arxiv.org/abs/2001.09239v2,https://github.com/santi-pdp/pase,8286,2020-01-25T00:24:45Z,2026-09-10T13:59:17.142491+00:00
1.0,RESEARCH_PAPER,A Model to Search for Synthesizable Molecules,"John Bradshaw, Brooks Paige, Matt J. Kusner, Marwin H. S. Segler, José Miguel Hernández-Lobato",https://arxiv.org/abs/1906.05221v2,https://github.com/john-bradshaw/molecule-chef,6678,2019-06-12T15:53:47Z,2026-09-10T13:59:17.142499+00:00
1.0,RESEARCH_PAPER,Adversarial Policy Gradient for Deep Learning Image Augmentation,"Kaiyang Cheng, Claudia Iriondo, Francesco Calivá, Justin Krogue, Sharmila Majumdar, Valentina Pedoia",https://arxiv.org/abs/1909.04108v1,https://github.com/victorychain/Adversarial-Policy-Gradient-Augmentation,8604,2019-09-09T19:04:21Z,2026-09-10T13:59:17.142509+00:00
1.0,RESEARCH_PAPER,Improved Regularization of Convolutional Neural Networks with Cutout,"Terrance DeVries, Graham W. Taylor",http://arxiv.org/abs/1708.04552v2,https://github.com/uoguelph-mlrg/Cutout,9228,2017-08-15T15:21:53Z,2026-09-10T13:59:17.142519+00:00
1.0,RESEARCH_PAPER,Real-time Vision-based Depth Reconstruction with NVidia Jetson,"Andrey Bokovoy, Kirill Muravyev, Konstantin Yakovlev",https://arxiv.org/abs/1907.07210v1,https://github.com/CnnDepth/tx2_fcnn_node,3108,2019-07-16T18:33:20Z,2026-09-10T13:59:17.142528+00:00
1.0,RESEARCH_PAPER,A Kernel Perspective for Regularizing Deep Neural Networks,"Alberto Bietti, Grégoire Mialon, Dexiong Chen, Julien Mairal",https://arxiv.org/abs/1810.00363v4,https://github.com/albietz/kernel_reg,510,2018-09-30T11:40:59Z,2026-09-10T13:59:17.142537+00:00
1.0,RESEARCH_PAPER,Query-guided End-to-End Person Search,"Bharti Munjal, Sikandar Amin, Federico Tombari, Fabio Galasso",https://arxiv.org/abs/1905.01203v1,https://github.com/munjalbharti/Query-guided-End-to-End-Person-Search,1215,2019-05-03T14:31:23Z,2026-09-10T13:59:17.142549+00:00
1.0,RESEARCH_PAPER,"SCRDet: Towards More Robust Detection for Small, Cluttered and Rotated Objects","Xue Yang, Jirui Yang, Junchi Yan, Yue Zhang, Tengfei Zhang, Zhi Guo, Sun Xian, Kun Fu",https://arxiv.org/abs/1811.07126v4,https://github.com/DetectionTeamUCAS/R2CNN-Plus-Plus_Tensorflow,2751,2018-11-17T08:24:25Z,2026-09-10T13:59:17.142559+00:00
1.0,RESEARCH_PAPER,Towards Query Efficient Black-box Attacks: An Input-free Perspective,"Yali Du, Meng Fang, Jinfeng Yi, Jun Cheng, Dacheng Tao",http://arxiv.org/abs/1809.02918v1,https://github.com/yalidu/input-free-attack,10152,2018-09-09T03:49:06Z,2026-09-10T13:59:17.142568+00:00
1.0,RESEARCH_PAPER,"Texar: A Modularized, Versatile, and Extensible Toolkit for Text Generation","Zhiting Hu, Haoran Shi, Bowen Tan, Wentao Wang, Zichao Yang, Tiancheng Zhao, Junxian He, Lianhui Qin, Di Wang, Xuezhe Ma, Zhengzhong Liu, Xiaodan Liang, Wangrong Zhu, Devendra Singh Sachan, Eric P. Xing",https://arxiv.org/abs/1809.00794v2,https://github.com/asyml/texar,1593,2018-09-04T04:40:34Z,2026-09-10T13:59:17.142578+00:00
1.0,RESEARCH_PAPER,Automatic Program Synthesis of Long Programs with a Learned Garbage Collector,"Amit Zohar, Lior Wolf",http://arxiv.org/abs/1809.04682v2,https://github.com/amitz25/PCCoder,2877,2018-09-12T21:25:28Z,2026-09-10T13:59:17.142588+00:00
1.0,RESEARCH_PAPER,Acquisition of Localization Confidence for Accurate Object Detection,"Borui Jiang, Ruixuan Luo, Jiayuan Mao, Tete Xiao, Yuning Jiang",http://arxiv.org/abs/1807.11590v1,https://github.com/vacancy/PreciseRoIPooling,6606,2018-07-30T21:36:20Z,2026-09-10T13:59:17.142597+00:00
1.0,RESEARCH_PAPER,A repetition code of 15 qubits,"James R. Wootton, Daniel Loss",https://arxiv.org/abs/1709.00990v3,https://github.com/decodoku/repetition_code,10053,2017-09-04T15:00:02Z,2026-09-10T13:59:17.142606+00:00
1.0,RESEARCH_PAPER,Eddy saturation of the Southern Ocean: a baroclinic versus barotropic perspective,"Navid C. Constantinou, Andrew McC. Hogg",https://arxiv.org/abs/1906.08442v3,https://github.com/navidcy/EddySaturation-MOM6,2664,2019-06-20T04:48:59Z,2026-09-10T13:59:17.142615+00:00
1.0,RESEARCH_PAPER,Topic Modeling with Wasserstein Autoencoders,"Feng Nan, Ran Ding, Ramesh Nallapati, Bing Xiang",https://arxiv.org/abs/1907.12374v2,https://github.com/awslabs/w-lda,1326,2019-07-24T14:08:23Z,2026-09-10T13:59:17.142624+00:00
1.0,RESEARCH_PAPER,Neural Duplicate Question Detection without Labeled Training Data,"Andreas Rücklé, Nafise Sadat Moosavi, Iryna Gurevych",https://arxiv.org/abs/1911.05594v2,https://github.com/UKPLab/emnlp2019-duplicate_question_detection,6078,2019-11-13T16:38:30Z,2026-09-10T13:59:17.142633+00:00
1.0,RESEARCH_PAPER,Vision Based Dynamic Offside Line Marker for Soccer Games,"Karthik Muthuraman, Pranav Joshi, Suraj Kiran Raman",http://arxiv.org/abs/1804.06438v1,https://github.com/surajkra/Offside_Tracker_EECS504,2634,2018-04-17T19:00:01Z,2026-09-10T13:59:17.142642+00:00
1.0,RESEARCH_PAPER,Colors in Context: A Pragmatic Neural Model for Grounded Language Understanding,"Will Monroe, Robert X. D. Hawkins, Noah D. Goodman, Christopher Potts",http://arxiv.org/abs/1703.10186v2,https://github.com/futurulus/colors-in-context,124,2017-03-29T18:15:06Z,2026-09-10T13:59:17.142653+00:00
1.0,RESEARCH_PAPER,DRAW: A Recurrent Neural Network For Image Generation,"Karol Gregor, Ivo Danihelka, Alex Graves, Danilo Jimenez Rezende, Daan Wierstra",http://arxiv.org/abs/1502.04623v2,https://github.com/MoustafaMeshry/draw,1244,2015-02-16T16:48:56Z,2026-09-10T13:59:17.142663+00:00
1.0,RESEARCH_PAPER,ConceptNet 5.5: An Open Multilingual Graph of General Knowledge,"Robyn Speer, Joshua Chin, Catherine Havasi",http://arxiv.org/abs/1612.03975v2,https://github.com/LuminosoInsight/conceptnet-vector-ensemble,3398,2016-12-12T23:54:52Z,2026-09-10T13:59:17.142672+00:00
1.0,RESEARCH_PAPER,ConceptNet at SemEval-2017 Task 2: Extending Word Embeddings with Multilingual Relational Knowledge,"Robyn Speer, Joanna Lowry-Duda",http://arxiv.org/abs/1704.03560v2,https://github.com/LuminosoInsight/conceptnet-vector-ensemble,3398,2017-04-11T22:44:35Z,2026-09-10T13:59:17.142681+00:00
1.0,RESEARCH_PAPER,Incorporating Copying Mechanism in Sequence-to-Sequence Learning,"Jiatao Gu, Zhengdong Lu, Hang Li, Victor O. K. Li",http://arxiv.org/abs/1603.06393v3,https://github.com/majumderb/sanskrit-ocr,3371,2016-03-21T11:35:08Z,2026-09-10T13:59:17.142690+00:00
1.0,RESEARCH_PAPER,Transition-Based Dependency Parsing with Stack Long Short-Term Memory,"Chris Dyer, Miguel Ballesteros, Wang Ling, Austin Matthews, Noah A. Smith",http://arxiv.org/abs/1505.08075v1,https://github.com/mstrise/dep2label,2572,2015-05-29T14:58:12Z,2026-09-10T13:59:17.142699+00:00
1.0,RESEARCH_PAPER,Deconvolutional Paragraph Representation Learning,"Yizhe Zhang, Dinghan Shen, Guoyin Wang, Zhe Gan, Ricardo Henao, Lawrence Carin",http://arxiv.org/abs/1708.04729v3,https://github.com/tuvuumass/SCoPE,2325,2017-08-16T00:52:32Z,2026-09-10T13:59:17.142708+00:00
1.0,RESEARCH_PAPER,A Hierarchical Neural Autoencoder for Paragraphs and Documents,"Jiwei Li, Minh-Thang Luong, Dan Jurafsky",http://arxiv.org/abs/1506.01057v2,https://github.com/tuvuumass/SCoPE,2325,2015-06-02T20:53:53Z,2026-09-10T13:59:17.142716+00:00
1.0,RESEARCH_PAPER,Character-level Convolutional Networks for Text Classification,"Xiang Zhang, Junbo Zhao, Yann LeCun",http://arxiv.org/abs/1509.01626v3,https://github.com/tuvuumass/SCoPE,2325,2015-09-04T22:31:53Z,2026-09-10T13:59:17.142725+00:00
1.0,RESEARCH_PAPER,Simplified Action Decoder for Deep Multi-Agent Reinforcement Learning,"Hengyuan Hu, Jakob N Foerster",https://arxiv.org/abs/1912.02288v2,https://github.com/facebookresearch/Hanabi_SPARTA,2356,2019-12-04T22:34:54Z,2026-09-10T13:59:17.142736+00:00
1.0,RESEARCH_PAPER,Large-Scale Visual Relationship Understanding,"Ji Zhang, Yannis Kalantidis, Marcus Rohrbach, Manohar Paluri, Ahmed Elgammal, Mohamed Elhoseiny",https://arxiv.org/abs/1804.10660v4,https://github.com/facebookresearch/Large-Scale-VRD,2174,2018-04-27T19:41:39Z,2026-09-10T13:59:17.142745+00:00
1.0,RESEARCH_PAPER,Solving Nonlinear and High-Dimensional Partial Differential Equations via Deep Learning,"Ali Al-Aradi, Adolfo Correia, Danilo Naiff, Gabriel Jardim, Yuri Saporito",https://arxiv.org/abs/1811.08782v1,https://github.com/alialaradi/DeepGalerkinMethod,160,2018-11-21T15:34:05Z,2026-09-10T13:59:17.142756+00:00
1.0,RESEARCH_PAPER,Paired Open-Ended Trailblazer (POET): Endlessly Generating Increasingly Complex and Diverse Learning Environments and Their Solutions,"Rui Wang, Joel Lehman, Jeff Clune, Kenneth O. Stanley",http://arxiv.org/abs/1901.01753v3,https://github.com/uber-research/poet,1849,2019-01-07T11:28:36Z,2026-09-10T13:59:17.142765+00:00
1.0,RESEARCH_PAPER,"DeeperCut: A Deeper, Stronger, and Faster Multi-Person Pose Estimation Model","Eldar Insafutdinov, Leonid Pishchulin, Bjoern Andres, Mykhaylo Andriluka, Bernt Schiele",http://arxiv.org/abs/1605.03170v3,https://github.com/gyaansastra/DeepLab,2545,2016-05-10T19:49:40Z,2026-09-10T13:59:17.142774+00:00
1.0,RESEARCH_PAPER,Deep learning tools for the measurement of animal behavior in neuroscience,"Mackenzie W. Mathis, Alexander Mathis",https://arxiv.org/abs/1909.13868v2,https://github.com/gyaansastra/DeepLab,2545,2019-09-30T17:50:48Z,2026-09-10T13:59:17.142782+00:00
1.0,RESEARCH_PAPER,'Squeeze & Excite' Guided Few-Shot Segmentation of Volumetric Images,"Abhijit Guha Roy, Shayan Siddiqui, Sebastian Pölsterl, Nassir Navab, Christian Wachinger",https://arxiv.org/abs/1902.01314v2,https://github.com/CSCYQJ/LOCATION-SENSITIVE-LOCAL-PROTOTYPE-NETWORK,3291,2019-02-04T17:11:32Z,2026-09-10T13:59:17.142792+00:00
1.0,RESEARCH_PAPER,Large Covariance Estimation by Thresholding Principal Orthogonal Complements,"Jianqing Fan, Yuan Liao, Martina Mincheva",https://arxiv.org/abs/1201.0175v2,https://github.com/brucewuquant/POET,1104,2011-12-30T20:06:31Z,2026-09-10T13:59:17.142800+00:00
1.0,RESEARCH_PAPER,Model of spin liquids with and without time-reversal symmetry,"Jyong-Hao Chen, Christopher Mudry, Claudio Chamon, A. M. Tsvelik",https://arxiv.org/abs/1810.09858v1,https://github.com/gonghour/DMRG_for_spin-ladder_systems,2187,2018-10-23T13:50:57Z,2026-09-10T13:59:17.142811+00:00
1.0,RESEARCH_PAPER,"PanNuke Dataset Extension, Insights and Baselines","Jevgenij Gamper, Navid Alemi Koohbanani, Ksenija Benes, Simon Graham, Mostafa Jahanifar, Syed Ali Khurram, Ayesha Azam, Katherine Hewitt, Nasir Rajpoot",https://arxiv.org/abs/2003.10778v7,https://github.com/aaparna/UNet-Image-Segmentation,2675,2020-03-24T11:25:12Z,2026-09-10T13:59:17.142821+00:00
1.0,RESEARCH_PAPER,Safe-by-Design Control for Euler-Lagrange Systems,"Wenceslao Shaw Cortez, Dimos V. Dimarogonas",https://arxiv.org/abs/2009.03767v2,https://github.com/shawcortez/safe-control-euler-lagrange,4920,2020-09-08T13:55:40Z,2026-09-10T13:59:17.142830+00:00
1.0,RESEARCH_PAPER,Deep Learning with Differential Privacy,"Martín Abadi, Andy Chu, Ian Goodfellow, H. Brendan McMahan, Ilya Mironov, Kunal Talwar, Li Zhang",http://arxiv.org/abs/1607.00133v2,https://github.com/zzzer1019/FL_DP,89,2016-07-01T07:29:10Z,2026-09-10T13:59:17.142839+00:00
1.0,RESEARCH_PAPER,Learning to Pivot with Adversarial Networks,"Gilles Louppe, Michael Kagan, Kyle Cranmer",http://arxiv.org/abs/1611.01046v3,https://github.com/faroukmokhtar/GradProject,2316,2016-11-03T14:41:40Z,2026-09-10T13:59:17.142848+00:00
1.0,RESEARCH_PAPER,Search for supersymmetry in events with one lepton and multiple jets in proton-proton collisions at sqrt(s) = 13 TeV, CMS Collaboration,https://arxiv.org/abs/1609.09386v2,https://github.com/faroukmokhtar/GradProject,2316,2016-09-29T15:22:52Z,2026-09-10T13:59:17.142857+00:00
1.0,RESEARCH_PAPER,AutoEncoder by Forest,"Ji Feng, Zhi-Hua Zhou",http://arxiv.org/abs/1709.09018v1,https://github.com/AntoinePassemiers/Encoder-Forest,2950,2017-09-26T13:54:34Z,2026-09-10T13:59:17.142866+00:00
1.0,RESEARCH_PAPER,Semantic Segmentation of Underwater Imagery: Dataset and Benchmark,"Md Jahidul Islam, Chelsey Edge, Yuyang Xiao, Peigen Luo, Muntaqim Mehtaz, Christopher Morse, Sadman Sakib Enan, Junaed Sattar",https://arxiv.org/abs/2004.01241v3,https://github.com/xahidbuffon/SUIM,1304,2020-04-02T19:53:14Z,2026-09-10T13:59:17.142876+00:00
1.0,RESEARCH_PAPER,Traditional and accelerated gradient descent for neural architecture search,"Nicolas Garcia Trillos, Felix Morales, Javier Morales",https://arxiv.org/abs/2006.15218v3,https://github.com/bibliotecadebabel/EvAI,1710,2020-06-26T21:28:35Z,2026-09-10T13:59:17.142885+00:00
1.0,RESEARCH_PAPER,SegNet: A Deep Convolutional Encoder-Decoder Architecture for Robust Semantic Pixel-Wise Labelling,"Vijay Badrinarayanan, Ankur Handa, Roberto Cipolla",http://arxiv.org/abs/1505.07293v1,https://github.com/xahidbuffon/SUIM,1304,2015-05-27T12:54:17Z,2026-09-10T13:59:17.142894+00:00
1.0,RESEARCH_PAPER,RepVGG: Making VGG-style ConvNets Great Again,"Xiaohan Ding, Xiangyu Zhang, Ningning Ma, Jungong Han, Guiguang Ding, Jian Sun",https://arxiv.org/abs/2101.03697v3,https://github.com/mindspore-ecosystem/mindcv/blob/main/mindcv/models/repvgg.py,2317,2021-01-11T04:46:11Z,2026-09-10T13:59:17.142906+00:00
1.0,RESEARCH_PAPER,"Mastering 2048 with Delayed Temporal Coherence Learning, Multi-Stage Weight Promotion, Redundant Encoding and Carousel Shaping",Wojciech Jaśkowski,http://arxiv.org/abs/1604.05085v3,https://github.com/abachurin/2048,1165,2016-04-18T11:06:32Z,2026-09-10T13:59:17.142915+00:00
1.0,RESEARCH_PAPER,Blockwise Self-Attention for Long Document Understanding,"Jiezhong Qiu, Hao Ma, Omer Levy, Scott Wen-tau Yih, Sinong Wang, Jie Tang",https://arxiv.org/abs/1911.02972v2,https://github.com/xptree/BlockBERT,4809,2019-11-07T16:35:53Z,2026-09-10T13:59:17.142924+00:00
1.0,RESEARCH_PAPER,Deep Energy-Based Modeling of Discrete-Time Physics,"Takashi Matsubara, Ai Ishikawa, Takaharu Yaguchi",https://arxiv.org/abs/1905.08604v3,https://github.com/tksmatsubara/discrete-autograd,7881,2019-05-21T13:21:46Z,2026-09-10T13:59:17.142933+00:00
1.0,RESEARCH_PAPER,Understanding and Improving Interpolation in Autoencoders via an Adversarial Regularizer,"David Berthelot, Colin Raffel, Aurko Roy, Ian Goodfellow",http://arxiv.org/abs/1807.07543v2,https://github.com/baohq1595/aae-experiment,2351,2018-07-19T17:17:23Z,2026-09-10T13:59:17.142941+00:00
1.0,RESEARCH_PAPER,YOLOv3: An Incremental Improvement,"Joseph Redmon, Ali Farhadi",http://arxiv.org/abs/1804.02767v1,https://github.com/sadicLiu/yolov3,37,2018-04-08T22:27:57Z,2026-09-10T13:59:17.142952+00:00
1.0,RESEARCH_PAPER,High Quality Monocular Depth Estimation via Transfer Learning,"Ibraheem Alhashim, Peter Wonka",http://arxiv.org/abs/1812.11941v2,https://github.com/Intoxillectual/Monocular-Depth-Estimation-using-DenseNet169,3345,2018-12-31T18:25:21Z,2026-09-10T13:59:17.142961+00:00
1.0,RESEARCH_PAPER,Deep Complex Networks,"Chiheb Trabelsi, Olexa Bilaniuk, Ying Zhang, Dmitriy Serdyuk, Sandeep Subramanian, João Felipe Santos, Soroush Mehri, Negar Rostamzadeh, Yoshua Bengio, Christopher J Pal",http://arxiv.org/abs/1705.09792v4,https://github.com/ypeleg/komplex,588,2017-05-27T09:04:55Z,2026-09-10T13:59:17.247114+00:00
1.0,RESEARCH_PAPER,On Complex Valued Convolutional Neural Networks,Nitzan Guberman,http://arxiv.org/abs/1602.09046v1,https://github.com/ypeleg/komplex,588,2016-02-29T17:13:47Z,2026-09-10T13:59:17.247145+00:00
1.0,RESEARCH_PAPER,Complex-valued Neural Networks with Non-parametric Activation Functions,"Simone Scardapane, Steven Van Vaerenbergh, Amir Hussain, Aurelio Uncini",http://arxiv.org/abs/1802.08026v1,https://github.com/ypeleg/komplex,588,2018-02-22T13:11:22Z,2026-09-10T13:59:17.247156+00:00
1.0,RESEARCH_PAPER,One-Shot Visual Imitation Learning via Meta-Learning,"Chelsea Finn, Tianhe Yu, Tianhao Zhang, Pieter Abbeel, Sergey Levine",http://arxiv.org/abs/1709.04905v1,https://github.com/ErickRosete/MAML-Imitation-Learning,2289,2017-09-14T17:50:18Z,2026-09-10T13:59:17.247166+00:00
1.0,RESEARCH_PAPER,Physical Layer Encryption using a Vernam Cipher,"Yisroel Mirsky, Benjamin Fedidat, Yoram Haddad",https://arxiv.org/abs/1910.08262v1,https://github.com/ymirsky/VPSC-py,1909,2019-10-18T05:04:28Z,2026-09-10T13:59:17.247176+00:00
1.0,RESEARCH_PAPER,DeepFM: A Factorization-Machine based Neural Network for CTR Prediction,"Huifeng Guo, Ruiming Tang, Yunming Ye, Zhenguo Li, Xiuqiang He",http://arxiv.org/abs/1703.04247v1,https://github.com/sandeepnair2812/Deep-Learning-Based-Search-and-Recommendation-System,320,2017-03-13T04:55:19Z,2026-09-10T13:59:17.247186+00:00
1.0,RESEARCH_PAPER,Unsupervised Representation Learning with Deep Convolutional Generative Adversarial Networks,"Alec Radford, Luke Metz, Soumith Chintala",http://arxiv.org/abs/1511.06434v2,https://github.com/Sezoir/DCGAN-Dog-Generator,1909,2015-11-19T22:50:32Z,2026-09-10T13:59:17.247199+00:00
1.0,RESEARCH_PAPER,Oriented Point Sampling for Plane Detection in Unorganized Point Clouds,"Bo Sun, Philippos Mordohai",https://arxiv.org/abs/1905.02553v1,https://github.com/bsun7/Oriented-Point-Sampling,1234,2019-05-04T01:02:57Z,2026-09-10T13:59:17.247209+00:00
1.0,RESEARCH_PAPER,Multistep Inverse Is Not All You Need,"Alexander Levine, Peter Stone, Amy Zhang",https://arxiv.org/abs/2403.11940v2,https://github.com/midi-lab/acdf,6093,2024-03-18T16:36:01Z,2026-09-10T13:59:17.247218+00:00
1.0,RESEARCH_PAPER,Prutor: A System for Tutoring CS1 and Collecting Student Programs for Analysis,"Rajdeep Das, Umair Z. Ahmed, Amey Karkare, Sumit Gulwani",http://arxiv.org/abs/1608.03828v1,https://github.com/umairzahmed/seet2020,1765,2016-08-12T15:33:54Z,2026-09-10T13:59:17.247228+00:00
1.0,RESEARCH_PAPER,PyPSA-Eur: An Open Optimisation Model of the European Transmission System,"Jonas Hörsch, Fabian Hofmann, David Schlachtberger, Tom Brown",http://arxiv.org/abs/1806.01613v1,https://github.com/pz-max/energyworld,113,2018-06-05T11:27:38Z,2026-09-10T13:59:17.247237+00:00
1.0,RESEARCH_PAPER,Language-agnostic BERT Sentence Embedding,"Fangxiaoyu Feng, Yinfei Yang, Daniel Cer, Naveen Arivazhagan, Wei Wang",https://arxiv.org/abs/2007.01852v2,https://github.com/bojone/labse,1917,2020-07-03T17:58:42Z,2026-09-10T13:59:17.247247+00:00
1.0,RESEARCH_PAPER,Vulnerability of Deep Reinforcement Learning to Policy Induction Attacks,"Vahid Behzadan, Arslan Munir",http://arxiv.org/abs/1701.04143v1,https://github.com/coderatwork7/attack,1022,2017-01-16T02:39:01Z,2026-09-10T13:59:17.247256+00:00
1.0,RESEARCH_PAPER,Model-free bounds for multi-asset options using option-implied information and their exact computation,"Ariel Neufeld, Antonis Papapantoleon, Qikun Xiang",https://arxiv.org/abs/2006.14288v3,https://github.com/qikunxiang/ModelFreePriceBounds,7887,2020-06-25T10:14:12Z,2026-09-10T13:59:17.247266+00:00
1.0,RESEARCH_PAPER,Ubermag: Towards more effective micromagnetic workflows,"Marijan Beg, Martin Lang, Hans Fangohr",https://arxiv.org/abs/2105.08355v1,https://github.com/marijanbeg/2021-paper-ubermag,3717,2021-05-18T08:26:26Z,2026-09-10T13:59:17.247275+00:00
1.0,RESEARCH_PAPER,Conditional Image Synthesis With Auxiliary Classifier GANs,"Augustus Odena, Christopher Olah, Jonathon Shlens",http://arxiv.org/abs/1610.09585v4,https://github.com/kushalpatil1997/text_to_image_synthesis,2529,2016-10-30T00:29:31Z,2026-09-10T13:59:17.247284+00:00
1.0,RESEARCH_PAPER,Mask-ShadowGAN: Learning to Remove Shadows from Unpaired Data,"Xiaowei Hu, Yitong Jiang, Chi-Wing Fu, Pheng-Ann Heng",https://arxiv.org/abs/1903.10683v3,https://github.com/mducducd/ghost-free-shadow-removal,533,2019-03-26T05:30:55Z,2026-09-10T13:59:17.247293+00:00
1.0,RESEARCH_PAPER,TAC-GAN - Text Conditioned Auxiliary Classifier Generative Adversarial Network,"Ayushman Dash, John Cristian Borges Gamboa, Sheraz Ahmed, Marcus Liwicki, Muhammad Zeshan Afzal",http://arxiv.org/abs/1703.06412v2,https://github.com/kushalpatil1997/text_to_image_synthesis,2529,2017-03-19T10:07:58Z,2026-09-10T13:59:17.247302+00:00
1.0,RESEARCH_PAPER,Towards Ghost-free Shadow Removal via Dual Hierarchical Aggregation Network and Shadow Matting GAN,"Xiaodong Cun, Chi-Man Pun, Cheng Shi",https://arxiv.org/abs/1911.08718v2,https://github.com/mducducd/ghost-free-shadow-removal,533,2019-11-20T05:52:14Z,2026-09-10T13:59:17.247311+00:00
1.0,RESEARCH_PAPER,Single Image Reflection Separation with Perceptual Losses,"Xuaner Zhang, Ren Ng, Qifeng Chen",http://arxiv.org/abs/1806.05376v1,https://github.com/mducducd/ghost-free-shadow-removal,533,2018-06-14T06:03:03Z,2026-09-10T13:59:17.247320+00:00
1.0,RESEARCH_PAPER,Estimating or Propagating Gradients Through Stochastic Neurons for Conditional Computation,"Yoshua Bengio, Nicholas Léonard, Aaron Courville",http://arxiv.org/abs/1308.3432v1,https://github.com/georgeretsi/SparsityLoss,2638,2013-08-15T15:19:34Z,2026-09-10T13:59:17.247330+00:00
1.0,RESEARCH_PAPER,Bias Correction of Learned Generative Models using Likelihood-Free Importance Weighting,"Aditya Grover, Jiaming Song, Alekh Agarwal, Kenneth Tran, Ashish Kapoor, Eric Horvitz, Stefano Ermon",https://arxiv.org/abs/1906.09531v2,https://github.com/kevtran23/autoregressive_bias_correction,2468,2019-06-23T01:57:29Z,2026-09-10T13:59:17.247340+00:00
1.0,RESEARCH_PAPER,Deep Evidential Regression,"Alexander Amini, Wilko Schwarting, Ava Soleimany, Daniela Rus",https://arxiv.org/abs/1910.02600v2,https://github.com/deebuls/deep_evidential_regression_loss_pytorch,2418,2019-10-07T04:11:34Z,2026-09-10T13:59:17.247350+00:00
1.0,RESEARCH_PAPER,Automatic Fault Detection for Deep Learning Programs Using Graph Transformations,"Amin Nikanjam, Houssem Ben Braiek, Mohammad Mehdi Morovati, Foutse Khomh",https://arxiv.org/abs/2105.08095v2,https://github.com/neuralint/neuralint,6447,2021-05-17T18:06:11Z,2026-09-10T13:59:17.247359+00:00
1.0,RESEARCH_PAPER,EEGNet: A Compact Convolutional Network for EEG-based Brain-Computer Interfaces,"Vernon J. Lawhern, Amelia J. Solon, Nicholas R. Waytowich, Stephen M. Gordon, Chou P. Hung, Brent J. Lance",http://arxiv.org/abs/1611.08024v4,https://github.com/adwaykanhere/FYP,326,2016-11-23T22:36:58Z,2026-09-10T13:59:17.247367+00:00
1.0,RESEARCH_PAPER,LEWIS: Levenshtein Editing for Unsupervised Text Style Transfer,"Machel Reid, Victor Zhong",https://arxiv.org/abs/2105.08206v1,https://github.com/machelreid/lewis,6876,2021-05-18T00:08:30Z,2026-09-10T13:59:17.247376+00:00
1.0,RESEARCH_PAPER,Conditional Neural Processes,"Marta Garnelo, Dan Rosenbaum, Chris J. Maddison, Tiago Ramalho, David Saxton, Murray Shanahan, Yee Whye Teh, Danilo J. Rezende, S. M. Ali Eslami",http://arxiv.org/abs/1807.01613v1,https://github.com/wesselb/NeuralProcesses.jl,1822,2018-07-04T14:36:15Z,2026-09-10T13:59:17.247386+00:00
1.0,RESEARCH_PAPER,Supervised Multimodal Bitransformers for Classifying Images and Text,"Douwe Kiela, Suvrat Bhooshan, Hamed Firooz, Ethan Perez, Davide Testuggine",https://arxiv.org/abs/1909.02950v2,https://github.com/IsaacRodgz/multimodal-transformers-movies,876,2019-09-06T14:59:18Z,2026-09-10T13:59:17.247395+00:00
1.0,RESEARCH_PAPER,Adversarial Audio Synthesis,"Chris Donahue, Julian McAuley, Miller Puckette",http://arxiv.org/abs/1802.04208v3,https://github.com/MaxHolmberg96/WaveGAN,2826,2018-02-12T17:50:43Z,2026-09-10T13:59:17.247403+00:00
1.0,RESEARCH_PAPER,Towards Faster Reasoners By Using Transparent Huge Pages,"Johannes K. Fichte, Norbert Manthey, Julian Stecklina, André Schidler",https://arxiv.org/abs/2004.14378v1,https://github.com/daajoe/thp_docker_build,1688,2020-04-29T17:57:19Z,2026-09-10T13:59:17.247414+00:00
1.0,RESEARCH_PAPER,TedNet: A Pytorch Toolkit for Tensor Decomposition Networks,"Yu Pan, Maolin Wang, Zenglin Xu",https://arxiv.org/abs/2104.05018v2,https://github.com/tnbar/tednet,7986,2021-04-11T14:04:06Z,2026-09-10T13:59:17.247423+00:00
1.0,RESEARCH_PAPER,Annual modulations from secular variations: not relaxing DAMA?,"Andrea Messina, Marco Nardecchia, Stefano Piacentini",https://arxiv.org/abs/2003.03340v2,https://github.com/piacent/bayes_analysis,7908,2020-03-06T18:13:02Z,2026-09-10T13:59:17.247432+00:00
1.0,RESEARCH_PAPER,Task Programming: Learning Data Efficient Behavior Representations,"Jennifer J. Sun, Ann Kennedy, Eric Zhan, David J. Anderson, Yisong Yue, Pietro Perona",https://arxiv.org/abs/2011.13917v2,https://github.com/neuroethology/TREBA,9942,2020-11-27T18:58:32Z,2026-09-10T13:59:17.247441+00:00
1.0,RESEARCH_PAPER,Cubic function fields with prescribed ramification,"Valentijn Karemaker, Sophie Marques, Jeroen Sijsling",https://arxiv.org/abs/2003.06673v2,https://github.com/JRSijsling/parshin_experiments,63,2020-03-14T17:21:28Z,2026-09-10T13:59:17.247450+00:00
1.0,RESEARCH_PAPER,General audio tagging with ensembling convolutional neural network and statistical features,"Kele Xu, Boqing Zhu, Qiuqiang Kong, Haibo Mi, Bo Ding, Dezhi Wang, Huaimin Wang",http://arxiv.org/abs/1810.12832v1,https://github.com/r0mer0m/learning_audio_modeling,1518,2018-10-30T15:59:28Z,2026-09-10T13:59:17.247459+00:00
1.0,RESEARCH_PAPER,Learning to Benchmark: Determining Best Achievable Misclassification Error from Training Data,"Morteza Noshad, Li Xu, Alfred Hero",https://arxiv.org/abs/1909.07192v1,https://github.com/mrtnoshad/Bayes_Error_Estimator,2973,2019-09-16T13:37:59Z,2026-09-10T13:59:17.247468+00:00
1.0,RESEARCH_PAPER,"BERT has a Mouth, and It Must Speak: BERT as a Markov Random Field Language Model","Alex Wang, Kyunghyun Cho",http://arxiv.org/abs/1902.04094v2,https://github.com/vatsal199/Obedient_BERT,2158,2019-02-11T19:02:27Z,2026-09-10T13:59:17.247477+00:00
1.0,RESEARCH_PAPER,A Unified Successive Pseudo-Convex Approximation Framework,"Yang Yang, Marius Pesavento",https://arxiv.org/abs/1506.04972v2,https://github.com/optyang/STELA,943,2015-06-16T13:54:00Z,2026-09-10T13:59:17.247486+00:00
1.0,RESEARCH_PAPER,CutMix: Regularization Strategy to Train Strong Classifiers with Localizable Features,"Sangdoo Yun, Dongyoon Han, Seong Joon Oh, Sanghyuk Chun, Junsuk Choe, Youngjoon Yoo",https://arxiv.org/abs/1905.04899v2,https://github.com/Kaushal28/CutMix-Regularization-using-PyTorch,2452,2019-05-13T08:10:22Z,2026-09-10T13:59:17.247495+00:00
1.0,RESEARCH_PAPER,On the Texture Bias for Few-Shot CNN Segmentation,"Reza Azad, Abdur R Fayjie, Claude Kauffman, Ismail Ben Ayed, Marco Pedersoli, Jose Dolz",https://arxiv.org/abs/2003.04052v3,https://github.com/rezazad68/fewshot-segmentation,5205,2020-03-09T11:55:47Z,2026-09-10T13:59:17.247504+00:00
1.0,RESEARCH_PAPER,Solving even-parity problems using traceless genetic programming,Mihai Oltean,https://arxiv.org/abs/2110.02014v1,https://github.com/mihaioltean/traceless-genetic-programming,8502,2021-10-04T13:23:32Z,2026-09-10T13:59:17.247513+00:00
1.0,RESEARCH_PAPER,"Inception-v4, Inception-ResNet and the Impact of Residual Connections on Learning","Christian Szegedy, Sergey Ioffe, Vincent Vanhoucke, Alex Alemi",http://arxiv.org/abs/1602.07261v2,https://github.com/waynecoffee9/Traffic-Sign-Classifier,132,2016-02-23T18:44:39Z,2026-09-10T13:59:17.247523+00:00
1.0,RESEARCH_PAPER,The Winnability of Klondike Solitaire and Many Other Patience Games,"Charlie Blake, Ian P. Gent",https://arxiv.org/abs/1906.12314v5,https://github.com/thecharlieblake/Solvitaire,4188,2019-06-28T17:19:36Z,2026-09-10T13:59:17.247532+00:00
1.0,RESEARCH_PAPER,"DynaSLAM: Tracking, Mapping and Inpainting in Dynamic Scenes","Berta Bescos, José M. Fácil, Javier Civera, José Neira",http://arxiv.org/abs/1806.05620v2,https://github.com/linmeeka/slamProject,3080,2018-06-14T15:52:07Z,2026-09-10T13:59:17.247541+00:00
1.0,RESEARCH_PAPER,MultiNet: Real-time Joint Semantic Reasoning for Autonomous Driving,"Marvin Teichmann, Michael Weber, Marius Zoellner, Roberto Cipolla, Raquel Urtasun",http://arxiv.org/abs/1612.07695v2,https://github.com/ziyuan400/video_segmentation,2738,2016-12-22T16:55:02Z,2026-09-10T13:59:17.247550+00:00
1.0,RESEARCH_PAPER,MobileNets: Efficient Convolutional Neural Networks for Mobile Vision Applications,"Andrew G. Howard, Menglong Zhu, Bo Chen, Dmitry Kalenichenko, Weijun Wang, Tobias Weyand, Marco Andreetto, Hartwig Adam",http://arxiv.org/abs/1704.04861v1,https://github.com/tsubasawb/DeepLearning_Paper,1092,2017-04-17T03:57:34Z,2026-09-10T13:59:17.247560+00:00
1.0,RESEARCH_PAPER,PolicySpace: a modeling platform,Bernardo Alves Furtado,http://arxiv.org/abs/1801.00259v1,https://github.com/IpeaDISET/PolicySpace,701,2017-12-31T09:51:18Z,2026-09-10T13:59:17.247569+00:00
1.0,RESEARCH_PAPER,Self-critical Sequence Training for Image Captioning,"Steven J. Rennie, Etienne Marcheret, Youssef Mroueh, Jarret Ross, Vaibhava Goel",http://arxiv.org/abs/1612.00563v2,https://github.com/xiaobai714/image_caption,713,2016-12-02T04:37:22Z,2026-09-10T13:59:17.247577+00:00
1.0,RESEARCH_PAPER,Flexible Marginal Models for Dependent Data,"Glen McGee, Alex Stringer",https://arxiv.org/abs/2204.07188v1,https://github.com/awstringer1/mam,9963,2022-04-14T18:48:32Z,2026-09-10T13:59:17.247586+00:00
1.0,RESEARCH_PAPER,"You Only Look Once: Unified, Real-Time Object Detection","Joseph Redmon, Santosh Divvala, Ross Girshick, Ali Farhadi",http://arxiv.org/abs/1506.02640v5,https://github.com/leon-liangwu/py-caffe-yolo,2782,2015-06-08T19:52:52Z,2026-09-10T13:59:17.247595+00:00
1.0,RESEARCH_PAPER,Ask Me Anything: Dynamic Memory Networks for Natural Language Processing,"Ankit Kumar, Ozan Irsoy, Peter Ondruska, Mohit Iyyer, James Bradbury, Ishaan Gulrajani, Victor Zhong, Romain Paulus, Richard Socher",http://arxiv.org/abs/1506.07285v5,https://github.com/scakc/QAwiki,899,2015-06-24T08:27:02Z,2026-09-10T13:59:17.247604+00:00
1.0,RESEARCH_PAPER,Video-to-Video Synthesis,"Ting-Chun Wang, Ming-Yu Liu, Jun-Yan Zhu, Guilin Liu, Andrew Tao, Jan Kautz, Bryan Catanzaro",http://arxiv.org/abs/1808.06601v2,https://github.com/divyanshpuri02/divyansh.github.io,3363,2018-08-20T17:58:42Z,2026-09-10T13:59:17.247613+00:00
1.0,RESEARCH_PAPER,Diversity in Valuing Social Contact and Risk Tolerance Lead to the Emergence of Homophily in Populations Facing Infectious Threats,"Matthew J. Young, Matthew J. Silk, Alex J. Pritchard, Nina H. Fefferman",https://arxiv.org/abs/2111.11362v1,https://github.com/kazarraha/socdistmodel,5226,2021-11-22T17:21:16Z,2026-09-10T13:59:17.247623+00:00
1.0,RESEARCH_PAPER,Bag of Tricks for Efficient Text Classification,"Armand Joulin, Edouard Grave, Piotr Bojanowski, Tomas Mikolov",http://arxiv.org/abs/1607.01759v3,https://github.com/FengJiaChunFromSYSU/fastText,3027,2016-07-06T19:40:15Z,2026-09-10T13:59:17.247631+00:00
1.0,RESEARCH_PAPER,FCOS: Fully Convolutional One-Stage Object Detection,"Zhi Tian, Chunhua Shen, Hao Chen, Tong He",https://arxiv.org/abs/1904.01355v5,https://github.com/abcxs/maskrcnn-contest,2467,2019-04-02T11:56:36Z,2026-09-10T13:59:17.247640+00:00
1.0,RESEARCH_PAPER,RetinaMask: Learning to predict masks improves state-of-the-art single-shot detection for free,"Cheng-Yang Fu, Mykhailo Shvets, Alexander C. Berg",http://arxiv.org/abs/1901.03353v1,https://github.com/abcxs/maskrcnn-contest,2467,2019-01-10T19:35:28Z,2026-09-10T13:59:17.247649+00:00
1.0,RESEARCH_PAPER,How to Make Chord Correct,Pamela Zave,http://arxiv.org/abs/1502.06461v2,https://github.com/kratikagupta-developer/CHORD-Protocol-Implementation,608,2015-02-23T15:40:18Z,2026-09-10T13:59:17.247658+00:00
1.0,RESEARCH_PAPER,Cross-Domain Ensemble Distillation for Domain Generalization,"Kyungmoon Lee, Sungyeon Kim, Suha Kwak",https://arxiv.org/abs/2211.14058v1,https://github.com/leekyungmoon/XDED,4107,2022-11-25T12:32:36Z,2026-09-10T13:59:17.247667+00:00
1.0,RESEARCH_PAPER,Topological Autoencoders,"Michael Moor, Max Horn, Bastian Rieck, Karsten Borgwardt",https://arxiv.org/abs/1906.00722v5,https://github.com/BorgwardtLab/topo-ae-distances,2563,2019-06-03T11:41:47Z,2026-09-10T13:59:17.247676+00:00
1.0,RESEARCH_PAPER,QANet: Combining Local Convolution with Global Self-Attention for Reading Comprehension,"Adams Wei Yu, David Dohan, Minh-Thang Luong, Rui Zhao, Kai Chen, Mohammad Norouzi, Quoc V. Le",http://arxiv.org/abs/1804.09541v1,https://github.com/shikhar1sharma/NLP-Resources,2379,2018-04-23T11:33:43Z,2026-09-10T13:59:17.247685+00:00
1.0,RESEARCH_PAPER,On-the-Fly Aligned Data Augmentation for Sequence-to-Sequence ASR,"Tsz Kin Lam, Mayumi Ohta, Shigehiko Schamoni, Stefan Riezler",https://arxiv.org/abs/2104.01393v2,https://github.com/StatNLP/ada4asr,315,2021-04-03T13:00:00Z,2026-09-10T13:59:17.247695+00:00
1.0,RESEARCH_PAPER,Towards the Automatic Anime Characters Creation with Generative Adversarial Networks,"Yanghua Jin, Jiakai Zhang, Minjun Li, Yingtao Tian, Huachun Zhu, Zhihao Fang",http://arxiv.org/abs/1708.05509v1,https://github.com/MasayaGit/AnimeGAN,481,2017-08-18T04:57:28Z,2026-09-10T13:59:17.247704+00:00
1.0,RESEARCH_PAPER,Video captioning with recurrent networks based on frame- and video-level features and visual content classification,"Rakshith Shetty, Jorma Laaksonen",http://arxiv.org/abs/1512.02949v1,https://github.com/rakshithShetty/captionGAN,3146,2015-12-09T17:17:29Z,2026-09-10T13:59:17.247714+00:00
1.0,RESEARCH_PAPER,FastTrack: an open-source software for tracking varying numbers of deformable objects,"Benjamin Gallois, Raphaël Candelier",https://arxiv.org/abs/2011.06837v1,https://github.com/FastTrackOrg/FastTrack,4866,2020-11-13T09:52:58Z,2026-09-10T13:59:17.247722+00:00
1.0,RESEARCH_PAPER,Learning Semantically Enhanced Feature for Fine-Grained Image Classification,"Wei Luo, Hengmin Zhang, Jun Li, Xiu-Shen Wei",https://arxiv.org/abs/2006.13457v3,https://github.com/YNCao/mysef,3387,2020-06-24T03:41:12Z,2026-09-10T13:59:17.247731+00:00
1.0,RESEARCH_PAPER,Jointly De-biasing Face Recognition and Demographic Attribute Estimation,"Sixue Gong, Xiaoming Liu, Anil K. Jain",https://arxiv.org/abs/1911.08080v4,https://github.com/gongsixue/DebFace,5736,2019-11-19T03:44:34Z,2026-09-10T13:59:17.247740+00:00
1.0,RESEARCH_PAPER,Explaining Anomalies Detected by Autoencoders Using SHAP,"Liat Antwarg, Ronnie Mindlin Miller, Bracha Shapira, Lior Rokach",https://arxiv.org/abs/1903.02407v2,https://github.com/ronniemi/explainAnomaliesUsingSHAP,7095,2019-03-06T14:29:27Z,2026-09-10T13:59:17.247749+00:00
1.0,RESEARCH_PAPER,Painting with baryons: augmenting N-body simulations with gas using deep generative models,"Tilman Tröster, Cameron Ferguson, Joachim Harnois-Déraps, Ian G. McCarthy",https://arxiv.org/abs/1903.12173v2,https://github.com/tilmantroester/baryon_painter,192,2019-03-28T17:59:16Z,2026-09-10T13:59:17.247759+00:00
1.0,RESEARCH_PAPER,Teaching Temporal Logics to Neural Networks,"Christopher Hahn, Frederik Schmitt, Jens U. Kreber, Markus N. Rabe, Bernd Finkbeiner",https://arxiv.org/abs/2003.04218v3,https://github.com/reactive-systems/deepltl,4437,2020-03-06T14:46:49Z,2026-09-10T13:59:17.247769+00:00
1.0,RESEARCH_PAPER,SMART-MC: Characterizing the Dynamics of Multiple Sclerosis Therapy Transitions Using a Covariate-Based Markov Model,"Beomchang Kim, Zongqi Xia, Priyam Das",https://arxiv.org/abs/2412.03596v2,https://github.com/priyamdas2/SMART-MC-MSCOR,7113,2024-12-02T18:46:59Z,2026-09-10T13:59:17.247777+00:00
1.0,RESEARCH_PAPER,SSD: Single Shot MultiBox Detector,"Wei Liu, Dragomir Anguelov, Dumitru Erhan, Christian Szegedy, Scott Reed, Cheng-Yang Fu, Alexander C. Berg",http://arxiv.org/abs/1512.02325v5,https://github.com/victordibia/handtracking,2869,2015-12-08T04:46:38Z,2026-09-10T13:59:17.247786+00:00
1.0,RESEARCH_PAPER,Corresponding Projections for Orphan Screening,"Sven Giesselbach, Katrin Ullrich, Michael Kamp, Daniel Paurat, Thomas Gärtner",http://arxiv.org/abs/1812.00058v1,https://github.com/diogofbraga/OrphanPrincipalComponentAnalysis,705,2018-11-30T21:07:33Z,2026-09-10T13:59:17.247795+00:00
1.0,RESEARCH_PAPER,Adversarial Robustness Guarantees for Classification with Gaussian Processes,"Arno Blaas, Andrea Patane, Luca Laurenti, Luca Cardelli, Marta Kwiatkowska, Stephen Roberts",https://arxiv.org/abs/1905.11876v3,https://github.com/andreapatane/check-GPclass,885,2019-05-28T15:18:13Z,2026-09-10T13:59:17.247805+00:00
1.0,RESEARCH_PAPER,Real-Time and Accurate Object Detection in Compressed Video by Long Short-term Feature Aggregation,"Xinggang Wang, Zhaojin Huang, Bencheng Liao, Lichao Huang, Yongchao Gong, Chang Huang",https://arxiv.org/abs/2103.14529v1,https://github.com/hustvl/LSFA,543,2021-03-25T01:38:31Z,2026-09-10T13:59:17.247817+00:00
1.0,RESEARCH_PAPER,On Catastrophic Interference in Atari 2600 Games,"William Fedus, Dibya Ghosh, John D. Martin, Marc G. Bellemare, Yoshua Bengio, Hugo Larochelle",https://arxiv.org/abs/2002.12499v2,https://github.com/google-research/google-research/tree/master/memento,10119,2020-02-28T00:55:03Z,2026-09-10T13:59:17.247828+00:00
1.0,RESEARCH_PAPER,Topological Control of Synchronization Patterns: Trading Symmetry for Stability,"Joseph D. Hart, Yuanzhao Zhang, Rajarshi Roy, Adilson E. Motter",https://arxiv.org/abs/1902.03255v1,https://github.com/y-z-zhang/optimize_sym_cluster,2448,2019-02-08T19:04:50Z,2026-09-10T13:59:17.247837+00:00
1.0,RESEARCH_PAPER,Knowledge Tracing for Complex Problem Solving: Granular Rank-Based Tensor Factorization,"Chunpai Wang, Shaghayegh Sahebi, Siqian Zhao, Peter Brusilovsky, Laura O. Moraes",https://arxiv.org/abs/2210.09013v1,https://github.com/persai-lab/umap2021-grate,2718,2022-10-06T06:22:46Z,2026-09-10T13:59:17.247847+00:00
1.0,RESEARCH_PAPER,Optimization of Molecules via Deep Reinforcement Learning,"Zhenpeng Zhou, Steven Kearnes, Li Li, Richard N. Zare, Patrick Riley",http://arxiv.org/abs/1810.08678v3,https://github.com/google-research/google-research/tree/master/mol_dqn,3561,2018-10-19T20:23:44Z,2026-09-10T13:59:17.247856+00:00
1.0,RESEARCH_PAPER,Drop an Octave: Reducing Spatial Redundancy in Convolutional Neural Networks with Octave Convolution,"Yunpeng Chen, Haoqi Fan, Bing Xu, Zhicheng Yan, Yannis Kalantidis, Marcus Rohrbach, Shuicheng Yan, Jiashi Feng",https://arxiv.org/abs/1904.05049v3,https://github.com/SharadGitHub/OctaveUnet,3143,2019-04-10T08:15:00Z,2026-09-10T13:59:17.247865+00:00
1.0,RESEARCH_PAPER,Digging Into Self-Supervised Monocular Depth Estimation,"Clément Godard, Oisin Mac Aodha, Michael Firman, Gabriel Brostow",https://arxiv.org/abs/1806.01260v4,https://github.com/FangGet/tf-monodepth2,2763,2018-06-04T17:58:05Z,2026-09-10T13:59:17.247875+00:00
1.0,RESEARCH_PAPER,A Fully Differentiable Beam Search Decoder,"Ronan Collobert, Awni Hannun, Gabriel Synnaeve",http://arxiv.org/abs/1902.06022v1,https://github.com/johnhw/differentiable_sorting,1815,2019-02-16T01:28:12Z,2026-09-10T13:59:17.247884+00:00
1.0,RESEARCH_PAPER,Statistical Models for the Analysis of Optimization Algorithms with Benchmark Functions,"David Issa Mattos, Jan Bosch, Helena Holmström Olsson",https://arxiv.org/abs/2010.03783v4,https://github.com/davidissamattos/statscomp,2064,2020-10-08T06:01:29Z,2026-09-10T13:59:17.247893+00:00
1.0,RESEARCH_PAPER,Automatically designing CNN architectures using genetic algorithm for image classification,"Yanan Sun, Bing Xue, Mengjie Zhang, Gary G. Yen",https://arxiv.org/abs/1808.03818v3,https://github.com/Marius-Juston/AutoCNN,2980,2018-08-11T15:32:06Z,2026-09-10T13:59:17.247901+00:00
1.0,RESEARCH_PAPER,An Application of ParaExp to Electromagnetic Wave Problems,"Melina Merkel, Innocent Niyonzima, Sebastian Schöps",https://arxiv.org/abs/1607.00368v2,https://github.com/temf/paraexp,10242,2016-07-01T19:47:45Z,2026-09-10T13:59:17.247913+00:00
1.0,RESEARCH_PAPER,ParaExp using Leapfrog as Integrator for High-Frequency Electromagnetic Simulations,"Melina Merkel, Innocent Niyonzima, Sebastian Schöps",https://arxiv.org/abs/1705.08019v2,https://github.com/temf/paraexp,10242,2017-05-22T21:57:27Z,2026-09-10T13:59:17.247921+00:00
1.0,RESEARCH_PAPER,Asymmetric Statistical Errors,AI Research Consortium,https://arxiv.org/abs/physics/0406120v1,https://github.com/muryelgp/asymmetric_uncertainties,2819,2024-01-15T00:00:00Z,2026-09-10T13:59:17.247931+00:00
1.0,RESEARCH_PAPER,"Are ""Undocumented Workers"" the Same as ""Illegal Aliens""? Disentangling Denotation and Connotation in Vector Spaces","Albert Webson, Zhizhong Chen, Carsten Eickhoff, Ellie Pavlick",https://arxiv.org/abs/2010.02976v2,https://github.com/awebson/congressional_adversary,129,2020-10-06T19:09:03Z,2026-09-10T13:59:17.247940+00:00
1.0,RESEARCH_PAPER,Sample Efficient Actor-Critic with Experience Replay,"Ziyu Wang, Victor Bapst, Nicolas Heess, Volodymyr Mnih, Remi Munos, Koray Kavukcuoglu, Nando de Freitas",http://arxiv.org/abs/1611.01224v2,https://github.com/Kaixhin/ACER,111,2016-11-03T23:21:32Z,2026-09-10T13:59:17.247950+00:00
1.0,RESEARCH_PAPER,Naturalization of Text by the Insertion of Pauses and Filler Words,"Richa Sharma, Parth Vipul Shah, Ashwini M. Joshi",https://arxiv.org/abs/2011.03713v1,https://github.com/parthvshah/naturalization,4143,2020-11-07T06:56:54Z,2026-09-10T13:59:17.247959+00:00
1.0,RESEARCH_PAPER,Probabilistic Event Calculus for Event Recognition,"Anastasios Skarlatidis, Georgios Paliouras, Alexander Artikis, George A. Vouros",http://arxiv.org/abs/1207.3270v2,https://github.com/koo5/notes2,235,2012-07-13T14:57:35Z,2026-09-10T13:59:17.247968+00:00
1.0,RESEARCH_PAPER,Clarifying the effect of mean subtraction on Dynamic Mode Decomposition,"Gowtham S Seenivasaharagavan, Milan Korda, Hassan Arbabi, Igor Mezić",https://arxiv.org/abs/2105.03607v6,https://github.com/gowtham-ss-ragavan/msub_mdselect_dmd,825,2021-05-08T06:05:25Z,2026-09-10T13:59:17.247977+00:00
1.0,RESEARCH_PAPER,DeeperForensics-1.0: A Large-Scale Dataset for Real-World Face Forgery Detection,"Liming Jiang, Ren Li, Wayne Wu, Chen Qian, Chen Change Loy",https://arxiv.org/abs/2001.03024v2,https://github.com/EndlessSora/DeeperForensics-1.0,3948,2020-01-09T14:37:17Z,2026-09-10T13:59:17.247988+00:00
1.0,RESEARCH_PAPER,3D Object Reconstruction from Hand-Object Interactions,"Dimitrios Tzionas, Juergen Gall",http://arxiv.org/abs/1704.00529v1,https://github.com/dimtziwnas/InHandScanningICCV15_Reconstruction,1275,2017-04-03T11:19:03Z,2026-09-10T13:59:17.247999+00:00
1.0,RESEARCH_PAPER,Simple and Effective VAE Training with Calibrated Decoders,"Oleh Rybkin, Kostas Daniilidis, Sergey Levine",https://arxiv.org/abs/2006.13202v3,https://github.com/orybkin/sigma-vae,5364,2020-06-23T17:57:47Z,2026-09-10T13:59:17.248009+00:00
1.0,RESEARCH_PAPER,Multi-Agent Generative Adversarial Imitation Learning,"Jiaming Song, Hongyu Ren, Dorsa Sadigh, Stefano Ermon",http://arxiv.org/abs/1807.09936v1,https://github.com/ermongroup/multiagent-gail,3284,2018-07-26T03:21:49Z,2026-09-10T13:59:17.248018+00:00
1.0,RESEARCH_PAPER,Where's Crypto?: Automated Identification and Classification of Proprietary Cryptographic Primitives in Binary Code,"Carlo Meijer, Veelasha Moonsamy, Jos Wetzels",https://arxiv.org/abs/2009.04274v1,https://github.com/wheres-crypto/wheres-crypto,7131,2020-09-09T12:55:04Z,2026-09-10T13:59:17.248026+00:00
1.0,RESEARCH_PAPER,Scalable Learning of Non-Decomposable Objectives,"Elad ET. Eban, Mariano Schain, Alan Mackey, Ariel Gordon, Rif A. Saurous, Gal Elidan",http://arxiv.org/abs/1608.04802v2,https://github.com/tensorflow/models/tree/master/research/global_objectives,2953,2016-08-16T23:11:14Z,2026-09-10T13:59:17.248036+00:00
1.0,RESEARCH_PAPER,You Only Derive Once (YODO): Automatic Differentiation for Efficient Sensitivity Analysis in Bayesian Networks,"Rafael Ballester-Ripoll, Manuele Leonelli",https://arxiv.org/abs/2206.08687v1,https://github.com/rballester/yodo,2187,2022-06-17T11:11:19Z,2026-09-10T13:59:17.248046+00:00
1.0,RESEARCH_PAPER,MRI to CT Translation with GANs,"Bodo Kaiser, Shadi Albarqouni",http://arxiv.org/abs/1901.05259v1,https://github.com/bodokaiser/mrtoct-pytorch,4056,2019-01-16T12:31:08Z,2026-09-10T13:59:17.248055+00:00
1.0,RESEARCH_PAPER,Music Genre Classification using Machine Learning Techniques,Hareesh Bahuleyan,http://arxiv.org/abs/1804.01149v1,https://github.com/HareeshBahuleyan/music-genre-classification,2517,2018-04-03T20:04:04Z,2026-09-10T13:59:17.248066+00:00
1.0,RESEARCH_PAPER,Rainfall-Runoff Prediction at Multiple Timescales with a Single Long Short-Term Memory Network,"Martin Gauch, Frederik Kratzert, Daniel Klotz, Grey Nearing, Jimmy Lin, Sepp Hochreiter",https://arxiv.org/abs/2010.07921v1,https://github.com/gauchm/mts-lstm,6765,2020-10-15T17:52:16Z,2026-09-10T13:59:17.315275+00:00
1.0,RESEARCH_PAPER,Empty Cities: a Dynamic-Object-Invariant Space for Visual SLAM,"Berta Bescos, Cesar Cadena, Jose Neira",https://arxiv.org/abs/2010.07646v1,https://github.com/bertabescos/EmptyCities_SLAM,2628,2020-10-15T10:31:12Z,2026-09-10T13:59:17.315336+00:00
1.0,RESEARCH_PAPER,New Evolutionary Computation Models and their Applications to Machine Learning,Mihai Oltean,https://arxiv.org/abs/2110.00468v1,https://github.com/mihaioltean/traceless-genetic-programming,8502,2021-10-01T15:03:03Z,2026-09-10T13:59:17.315357+00:00
1.0,RESEARCH_PAPER,Vehicle predictive trajectory patterns from isochronous data,D. Damian,https://arxiv.org/abs/2010.05026v2,https://github.com/Seeker3000/AUD,2739,2020-10-10T15:17:19Z,2026-09-10T13:59:17.315375+00:00
1.0,RESEARCH_PAPER,Analysis and Simulation of a Novel Run-and-Tumble Model with Autochemotaxis,"Nicholas J. Russell, Louis F. Rossi",https://arxiv.org/abs/2009.03221v1,https://github.com/Louminator/Plankton_Signal_RT,930,2020-09-07T16:33:02Z,2026-09-10T13:59:17.315391+00:00
1.0,RESEARCH_PAPER,Low Dose CT Image Denoising Using a Generative Adversarial Network with Wasserstein Distance and Perceptual Loss,"Qingsong Yang, Pingkun Yan, Yanbo Zhang, Hengyong Yu, Yongyi Shi, Xuanqin Mou, Mannudeep K. Kalra, Ge Wang",http://arxiv.org/abs/1708.00961v2,https://github.com/SSinyu/WGAN-VGG,3389,2017-08-03T00:37:11Z,2026-09-10T13:59:17.315430+00:00
1.0,RESEARCH_PAPER,Automatic Detection of Generated Text is Easiest when Humans are Fooled,"Daphne Ippolito, Daniel Duckworth, Chris Callison-Burch, Douglas Eck",https://arxiv.org/abs/1911.00650v2,https://github.com/kirubarajan/roft,35,2019-11-02T04:52:00Z,2026-09-10T13:59:17.315452+00:00
1.0,RESEARCH_PAPER,Correlation-aware Deep Generative Model for Unsupervised Anomaly Detection,"Haoyi Fan, Fengbin Zhang, Ruidong Wang, Liang Xi, Zuoyong Li",https://arxiv.org/abs/2002.07349v3,https://github.com/haoyfan/CADGMM,8235,2020-02-18T03:32:06Z,2026-09-10T13:59:17.315471+00:00
1.0,RESEARCH_PAPER,Towards AI-Complete Question Answering: A Set of Prerequisite Toy Tasks,"Jason Weston, Antoine Bordes, Sumit Chopra, Alexander M. Rush, Bart van Merriënboer, Armand Joulin, Tomas Mikolov",http://arxiv.org/abs/1502.05698v10,https://github.com/kirubarajan/roft,35,2015-02-19T20:46:10Z,2026-09-10T13:59:17.315526+00:00
1.0,RESEARCH_PAPER,Verification of Hierarchical Artifact Systems,"Alin Deutsch, Yuliang Li, Victor Vianu",http://arxiv.org/abs/1604.00967v1,https://github.com/oi02lyl/has-verifier,1991,2016-04-04T18:16:14Z,2026-09-10T13:59:17.315544+00:00
1.0,RESEARCH_PAPER,Discontinuous transition of molecular-hydrogen chain to the quasi-atomic state: Exact diagonalization - ab initio approach,"Andrzej P. Kądzielawa, Andrzej Biborski, Józef Spałek",https://arxiv.org/abs/1506.03356v2,https://bitbucket.org/azja/qmt,0,2015-06-10T15:19:41Z,2026-09-10T13:59:17.315567+00:00
1.0,RESEARCH_PAPER,Metallization of solid molecular hydrogen in two dimensions: Mott-Hubbard-type transition,"Andrzej Biborski, Andrzej P. Kądzielawa, Józef Spałek",https://arxiv.org/abs/1702.06575v1,https://bitbucket.org/azja/qmt,0,2017-02-21T20:48:24Z,2026-09-10T13:59:17.315583+00:00
1.0,RESEARCH_PAPER,Combined shared and distributed memory ab-initio computations of molecular-hydrogen systems in the correlated state: process pool solution and two-level parallelism,"Andrzej Biborski, Andrzej P. Kądzielawa, Józef Spałek",https://arxiv.org/abs/1504.00500v3,https://bitbucket.org/azja/qmt,0,2015-04-02T10:05:54Z,2026-09-10T13:59:17.315595+00:00
1.0,RESEARCH_PAPER,Dot-ring nanostructure: Rigorous analysis of many-electron effects,"Andrzej Biborski, Andrzej P. Kądzielawa, Anna Gorczyca-Goraj, Elżbieta Zipper, Maciej M. Maśka, Józef Spałek",https://arxiv.org/abs/1605.01195v1,https://bitbucket.org/azja/qmt,0,2016-05-04T09:39:38Z,2026-09-10T13:59:17.315610+00:00
1.0,RESEARCH_PAPER,Automatic Design of Mechanical Metamaterial Actuators,"Silvia Bonfanti, Roberto Guerra, Francesc Font Clos, Daniel Rayneau-Kirkhope, Stefano Zapperi",https://arxiv.org/abs/2002.03032v1,https://github.com/ComplexityBiosystems/metamech_datasets,1563,2020-02-06T07:57:09Z,2026-09-10T13:59:17.315641+00:00
1.0,RESEARCH_PAPER,Robotic Pick-and-Place of Novel Objects in Clutter with Multi-Affordance Grasping and Cross-Domain Image Matching,"Andy Zeng, Shuran Song, Kuan-Ting Yu, Elliott Donlon, Francois R. Hogan, Maria Bauza, Daolin Ma, Orion Taylor, Melody Liu, Eudald Romo, Nima Fazeli, Ferran Alet, Nikhil Chavan Dafle, Rachel Holladay, Isabella Morona, Prem Qu Nair, Druck Green, Ian Taylor, Weber Liu, Thomas Funkhouser, Alberto Rodriguez",https://arxiv.org/abs/1710.01330v5,https://github.com/andyzeng/arc-robot-vision,4299,2017-10-03T18:16:09Z,2026-09-10T13:59:17.315654+00:00
1.0,RESEARCH_PAPER,"Automatic differentiation of Sylvester, Lyapunov, and algebraic Riccati equations","Ta-Chu Kao, Guillaume Hennequin",https://arxiv.org/abs/2011.11430v2,https://github.com/tachukao/autodiff-inverse-lqr,2670,2020-11-23T14:33:31Z,2026-09-10T13:59:17.315665+00:00
1.0,RESEARCH_PAPER,"Sensing Ambiguity in Henry James' ""The Turn of the Screw""","Victor Makarenkov, Yael Segalovitz",https://arxiv.org/abs/2011.10832v1,https://github.com/vicmak/TurnOfTheScrew,5295,2020-11-21T17:53:41Z,2026-09-10T13:59:17.315676+00:00
1.0,RESEARCH_PAPER,Two-stage generative adversarial networks for document image binarization with color noise and background removal,"Sungho Suh, Jihun Kim, Paul Lukowicz, Yong Oh Lee",https://arxiv.org/abs/2010.10103v3,https://github.com/opensuh/DocumentBinarization,8964,2020-10-20T07:51:50Z,2026-09-10T13:59:17.315717+00:00
1.0,RESEARCH_PAPER,Teacher-Student Consistency For Multi-Source Domain Adaptation,"Ohad Amosy, Gal Chechik",https://arxiv.org/abs/2010.10054v1,https://github.com/amosy3/MUST,4344,2020-10-20T06:17:40Z,2026-09-10T13:59:17.315728+00:00
1.0,RESEARCH_PAPER,Counterfactual Multi-Agent Policy Gradients,"Jakob Foerster, Gregory Farquhar, Triantafyllos Afouras, Nantas Nardelli, Shimon Whiteson",https://arxiv.org/abs/1705.08926v3,https://github.com/opendilab/DI-engine/blob/main/ding/policy/coma.py,3103,2017-05-24T18:52:17Z,2026-09-10T13:59:17.315740+00:00
1.0,RESEARCH_PAPER,ConfNet2Seq: Full Length Answer Generation from Spoken Questions,"Vaishali Pal, Manish Shrivastava, Laurent Besacier",https://arxiv.org/abs/2006.05163v2,https://github.com/kolk/ConfnetPointerGenBaseline,2748,2020-06-09T10:04:49Z,2026-09-10T13:59:17.315760+00:00
1.0,RESEARCH_PAPER,MMDetection: Open MMLab Detection Toolbox and Benchmark,"Kai Chen, Jiaqi Wang, Jiangmiao Pang, Yuhang Cao, Yu Xiong, Xiaoxiao Li, Shuyang Sun, Wansen Feng, Ziwei Liu, Jiarui Xu, Zheng Zhang, Dazhi Cheng, Chenchen Zhu, Tianheng Cheng, Qijie Zhao, Buyu Li, Xin Lu, Rui Zhu, Yue Wu, Jifeng Dai, Jingdong Wang, Jianping Shi, Wanli Ouyang, Chen Change Loy, Dahua Lin",https://arxiv.org/abs/1906.07155v1,https://github.com/IPIU-detection/SEANet,1494,2019-06-17T17:58:12Z,2026-09-10T13:59:17.315772+00:00
1.0,RESEARCH_PAPER,"Joint Multi-Leaf Segmentation, Alignment and Tracking from Fluorescence Plant Videos","Xi Yin, Xiaoming Liu, Jin Chen, David M. Kramer",http://arxiv.org/abs/1505.00353v2,https://github.com/xiyinmsu/PlantVision,708,2015-05-02T16:37:57Z,2026-09-10T13:59:17.315789+00:00
1.0,RESEARCH_PAPER,Meta-Reinforcement Learning by Tracking Task Non-stationarity,"Riccardo Poiani, Andrea Tirinzoni, Marcello Restelli",https://arxiv.org/abs/2105.08834v1,https://github.com/riccardopoiani/trio-non-stationary-meta-rl,4455,2021-05-18T21:19:41Z,2026-09-10T13:59:17.315801+00:00
1.0,RESEARCH_PAPER,Rotate to Attend: Convolutional Triplet Attention Module,"Diganta Misra, Trikay Nalamada, Ajay Uppili Arasanipalai, Qibin Hou",https://arxiv.org/abs/2010.03045v2,https://github.com/LandskapeAI/triplet-attention,5934,2020-10-06T21:31:00Z,2026-09-10T13:59:17.315812+00:00
1.0,RESEARCH_PAPER,Efficient Sampling Policy for Selecting a Good Enough Subset,"Gongbo Zhang, Bin Chen, Qing-shan Jia, Yijie Peng",https://arxiv.org/abs/2111.14534v1,https://github.com/gongbozhang-pku/Good-Enough-Selection,6978,2021-11-29T13:50:23Z,2026-09-10T13:59:17.315822+00:00
1.0,RESEARCH_PAPER,Autofocus Layer for Semantic Segmentation,"Yao Qin, Konstantinos Kamnitsas, Siddharth Ancha, Jay Nanavati, Garrison Cottrell, Antonio Criminisi, Aditya Nori",http://arxiv.org/abs/1805.08403v3,https://github.com/luvgold/auotofoucus3D-Brats,2780,2018-05-22T05:35:20Z,2026-09-10T13:59:17.315832+00:00
1.0,RESEARCH_PAPER,Bengali Abstractive News Summarization(BANS): A Neural Attention Approach,"Prithwiraj Bhattacharjee, Avi Mallick, Md Saiful Islam,  Marium-E-Jannat",https://arxiv.org/abs/2012.01747v1,https://github.com/Prithwiraj12/Bengali-Deep-News-Summarization,6954,2020-12-03T08:17:31Z,2026-09-10T13:59:17.315843+00:00
1.0,RESEARCH_PAPER,Transferable Visual Words: Exploiting the Semantics of Anatomical Patterns for Self-supervised Learning,"Fatemeh Haghighi, Mohammad Reza Hosseinzadeh Taher, Zongwei Zhou, Michael B. Gotway, Jianming Liang",https://arxiv.org/abs/2102.10680v1,https://github.com/JLiangLab/TransVW,5406,2021-02-21T20:44:55Z,2026-09-10T13:59:17.315853+00:00
1.0,RESEARCH_PAPER,Locally Checkable Problems in Rooted Trees,"Alkida Balliu, Sebastian Brandt, Yi-Jun Chang, Dennis Olivetti, Jan Studený, Jukka Suomela, Aleksandr Tereshchenko",https://arxiv.org/abs/2102.09277v5,https://github.com/jendas1/rooted-tree-classifier,7389,2021-02-18T11:42:03Z,2026-09-10T13:59:17.315864+00:00
1.0,RESEARCH_PAPER,SPRINT: Ultrafast protein-protein interaction prediction of the entire human interactome,"Yiwei Li, Lucian Ilie",http://arxiv.org/abs/1705.06848v1,https://github.com/lucian-ilie/SPRINT,738,2017-05-19T02:08:58Z,2026-09-10T13:59:17.315874+00:00
1.0,RESEARCH_PAPER,$Profiler$ - A Fast and Versatile New Program for Decomposing Galaxy Light Profiles,Bogdan C. Ciambur,http://arxiv.org/abs/1607.08620v1,https://github.com/BogdanCiambur/PROFILER,3441,2016-07-28T20:00:06Z,2026-09-10T13:59:17.315885+00:00
1.0,RESEARCH_PAPER,Cell-veto Monte Carlo algorithm for long-range systems,"Sebastian C. Kapfer, Werner Krauth",http://arxiv.org/abs/1606.06780v2,https://github.com/Cell-veto/postlhc,7377,2016-06-21T21:36:39Z,2026-09-10T13:59:17.315895+00:00
1.0,RESEARCH_PAPER,An Accelerometer Based Calculator for Visually Impaired People Using Mobile Devices,"Dogukan Erenel, Haluk O. Bingol",http://arxiv.org/abs/1604.07660v1,https://github.com/ereneld/accelerometerbasedcalculatorios,1527,2016-04-26T12:55:28Z,2026-09-10T13:59:17.315905+00:00
1.0,RESEARCH_PAPER,Identification of Port-Hamiltonian Systems from Frequency Response Data,"Peter Benner, Pawan Goyal, Paul Van Dooren",https://arxiv.org/abs/1911.00080v1,https://github.com/mpimd-csc/Identify_PortHamiltonian_Realization,1719,2019-10-31T19:51:21Z,2026-09-10T13:59:17.315916+00:00
1.0,RESEARCH_PAPER,Using Gaia DR2 to Constrain Local Dark Matter Density and Thin Dark Disk,"Jatan Buch, John Shing Chau Leung, JiJi Fan",https://arxiv.org/abs/1808.05603v2,https://github.com/bbsonjohn/darkdisk,2410,2018-08-16T17:50:26Z,2026-09-10T13:59:17.315927+00:00
1.0,RESEARCH_PAPER,Githru: Visual Analytics for Understanding Software Development History Through Git Metadata Analysis,"Youngtaek Kim, Jaeyoung Kim, Hyeon Jeon, Young-Ho Kim, Hyunjoo Song, Bohyoung Kim, Jinwook Seo",https://arxiv.org/abs/2009.03115v2,https://github.com/githru/githru,6906,2020-09-07T14:06:59Z,2026-09-10T13:59:17.315944+00:00
1.0,RESEARCH_PAPER,A Gaia DR2 view of the Open Cluster population in the Milky Way,"T. Cantat-Gaudin, C. Jordi, A. Vallenari, A. Bragaglia, L. Balaguer-Núñez, C. Soubiran, D. Bossini, A. Moitinho, A. Castro-Ginard, A. Krone-Martins, L. Casamiquela, R. Sordo, R. Carrera",https://arxiv.org/abs/1805.08726v2,https://github.com/ignotur/Random-forest-open-cluster,1245,2018-05-22T16:31:19Z,2026-09-10T13:59:17.315955+00:00
1.0,RESEARCH_PAPER,"On hypothesis testing, trials factor, hypertests and the BumpHunter",Georgios Choudalakis,https://arxiv.org/abs/1101.0390v2,https://github.com/lovaslin/pyBumpHunter,2815,2011-01-02T08:42:58Z,2026-09-10T13:59:17.315965+00:00
1.0,RESEARCH_PAPER,Client-Based Control Channel Analysis for Connectivity Estimation in LTE Networks,"Robert Falkenberg, Christoph Ide, Christian Wietfeld",https://arxiv.org/abs/1701.03304v1,https://github.com/falkenber9/falcon,1128,2017-01-12T11:09:00Z,2026-09-10T13:59:17.315975+00:00
1.0,RESEARCH_PAPER,Discover Your Competition in LTE: Client-Based Passive Data Rate Prediction by Machine Learning,"Robert Falkenberg, Karsten Heimann, Christian Wietfeld",https://arxiv.org/abs/1711.06820v2,https://github.com/falkenber9/falcon,1128,2017-11-18T06:45:04Z,2026-09-10T13:59:17.316015+00:00
1.0,RESEARCH_PAPER,Problem-Agnostic Speech Embeddings for Multi-Speaker Text-to-Speech with SampleRNN,"David Álvarez, Santiago Pascual, Antonio Bonafonte",https://arxiv.org/abs/1906.00733v3,https://github.com/santi-pdp/pase,2762,2019-06-03T12:15:56Z,2026-09-10T13:59:17.316025+00:00
1.0,RESEARCH_PAPER,Implementing perceptron models with qubits,"Roeland Wiersema, H. J. Kappen",https://arxiv.org/abs/1905.06728v2,https://github.com/therooler/pennylane-qllh,1958,2019-05-16T13:21:25Z,2026-09-10T13:59:17.316036+00:00
1.0,RESEARCH_PAPER,Faster Family-wise Error Control for Neuroimaging with a Parametric Bootstrap,"Simon N. Vandekar, Theodore D. Satterthwaite, Adon Rosen, Rastko Ciric, David R. Roalf, Kosha Ruparel, Ruben C. Gur, Raquel E. Gur, Russell T. Shinohara",http://arxiv.org/abs/1708.05037v2,https://bitbucket.org/simonvandekar/param-boot,0,2017-08-16T18:52:35Z,2026-09-10T13:59:17.316048+00:00
1.0,RESEARCH_PAPER,Decentralized Baseband Processing for Massive MU-MIMO Systems,"Kaipeng Li, Rishi Sharan, Yujun Chen, Tom Goldstein, Joseph R. Cavallaro, Christoph Studer",http://arxiv.org/abs/1702.04458v2,https://github.com/VIP-Group/DBP,9123,2017-02-15T03:40:30Z,2026-09-10T13:59:17.316061+00:00
1.0,RESEARCH_PAPER,Aerial Imagery Pixel-level Segmentation,"Michael R. Heffels, Joaquin Vanschoren",https://arxiv.org/abs/2012.02024v1,https://github.com/mrheffels/aerial-imagery-segmentation,9993,2020-12-03T16:09:09Z,2026-09-10T13:59:17.316072+00:00
1.0,RESEARCH_PAPER,"On the adoption, usage and evolution of Kotlin Features on Android development","Bruno Góis Mateus, Matias Martinez",http://arxiv.org/abs/1907.09003v3,https://github.com/UPHF/kotlin_features,3942,2019-07-21T16:52:04Z,2026-09-10T13:59:17.316084+00:00
1.0,RESEARCH_PAPER,Deep learning to generate in silico chemical property libraries and candidate molecules for small molecule identification in complex samples,"Sean M. Colby, Jamie R. Nuñez, Nathan O. Hodas, Courtney D. Corley, Ryan R. Renslow",http://arxiv.org/abs/1905.08411v1,https://github.com/pnnl/darkchem,8538,2019-05-21T02:54:06Z,2026-09-10T13:59:17.316098+00:00
1.0,RESEARCH_PAPER,RowHammer and Beyond,Onur Mutlu,http://arxiv.org/abs/1903.11056v1,https://github.com/google/rowhammer-test,807,2019-03-25T20:28:19Z,2026-09-10T13:59:17.316113+00:00
1.0,RESEARCH_PAPER,RADYNVERSION: Learning to Invert a Solar Flare Atmosphere with Invertible Neural Networks,"Christopher M. J. Osborne, John A. Armstrong, Lyndsay Fletcher",http://arxiv.org/abs/1901.08626v2,https://github.com/Goobley/Radynversion,1707,2019-01-24T20:01:00Z,2026-09-10T13:59:17.316140+00:00
1.0,RESEARCH_PAPER,ARJA: Automated Repair of Java Programs via Multi-Objective Genetic Programming,"Yuan Yuan, Wolfgang Banzhaf",http://arxiv.org/abs/1712.07804v1,https://github.com/yyxhdy/SeededBugs,8493,2017-12-21T06:06:07Z,2026-09-10T13:59:17.316152+00:00
1.0,RESEARCH_PAPER,KERN,"Gijs Molenaar, Oleg Smirnov",http://arxiv.org/abs/1710.09145v1,https://github.com/ska-sa/meqtrees-cattery,675,2017-10-25T09:57:30Z,2026-09-10T13:59:17.316164+00:00
1.0,RESEARCH_PAPER,"Re-run, Repeat, Reproduce, Reuse, Replicate: Transforming Code into Scientific Contributions","Fabien Benureau, Nicolas Rougier",https://arxiv.org/abs/1708.08205v2,https://github.com/benureau/r5,5829,2017-08-28T06:45:57Z,2026-09-10T13:59:17.316175+00:00
1.0,RESEARCH_PAPER,Multiscale Information Decomposition: Exact Computation for Multivariate Gaussian Processes,"Luca Faes, Daniele Marinazzo, Sebastiano Stramaglia",http://arxiv.org/abs/1706.07136v2,https://github.com/danielemarinazzo/multiscale_PID,7398,2017-06-21T23:02:11Z,2026-09-10T13:59:17.316221+00:00
1.0,RESEARCH_PAPER,Compressing Recurrent Neural Networks with Tensor Ring for Action Recognition,"Yu Pan, Jing Xu, Maolin Wang, Jinmian Ye, Fei Wang, Kun Bai, Zenglin Xu",http://arxiv.org/abs/1811.07503v1,https://github.com/tnbar/tednet,7986,2018-11-19T05:10:14Z,2026-09-10T13:59:17.316234+00:00
1.0,RESEARCH_PAPER,Bayesian adaptive N-of-1 trials for estimating population and individual treatment effects,"S. G. Jagath Senarathne, Antony M. Overstall, James M. McGree",http://arxiv.org/abs/1911.00878v3,https://github.com/SenarathneSGJ/Adaptive_N-of-1_trials_design,9441,2019-11-03T12:53:41Z,2026-09-10T13:59:17.316248+00:00
1.0,RESEARCH_PAPER,Interactive Discovery System for Direct Democracy,"Pablo Aragón, Yago Bermejo, Vicenç Gómez, Andreas Kaltenbrunner",http://arxiv.org/abs/1807.04448v1,https://github.com/elaragon/decide-topics,3012,2018-07-12T07:21:53Z,2026-09-10T13:59:17.316259+00:00
1.0,RESEARCH_PAPER,EncryptGAN: Image Steganography with Domain Transform,"Ziqiang Zheng, Hongzhi Liu, Zhibin Yu, Haiyong Zheng, Yang Wu, Yang Yang, Jianbo Shi",http://arxiv.org/abs/1905.11582v2,https://github.com/zhengziqiang/EncryptGAN,2445,2019-05-28T02:57:55Z,2026-09-10T13:59:17.316271+00:00
1.0,RESEARCH_PAPER,Deep Active Inference,Kai Ueltzhöffer,http://arxiv.org/abs/1709.02341v5,https://github.com/kaiu85/deepAI_paper,5286,2017-09-07T16:36:52Z,2026-09-10T13:59:17.316282+00:00
1.0,RESEARCH_PAPER,"SETIBURST: A Robotic, Commensal, Realtime Multi-Science Backend for the Arecibo Telescope","Jayanth Chennamangalam, David MacMahon, Jeff Cobb, Aris Karastergiou, Andrew P. V. Siemion, Kaustubh Rajwade, Wes Armour, Vishal Gajjar, Duncan R. Lorimer, Maura A. McLaughlin, Dan Werthimer, Christopher Williams",http://arxiv.org/abs/1701.04538v1,https://github.com/griffinfoster/alfaburst-survey,1182,2017-01-17T05:51:23Z,2026-09-10T13:59:17.316293+00:00
1.0,RESEARCH_PAPER,An adaptive partition of unity method for multivariate Chebyshev polynomial approximations,"Kevin W. Aiton, Tobin A. Driscoll",http://arxiv.org/abs/1805.00423v3,https://github.com/kevinwaiton/PUchebfun,8457,2018-05-01T16:38:26Z,2026-09-10T13:59:17.316312+00:00
1.0,RESEARCH_PAPER,Hazelnut: A Bidirectionally Typed Structure Editor Calculus,"Cyrus Omar, Ian Voysey, Michael Hilton, Jonathan Aldrich, Matthew A. Hammer",https://arxiv.org/abs/1607.04180v5,https://github.com/hazelgrove/hazelnut-dynamics-agda,1873,2016-07-14T16:07:29Z,2026-09-10T13:59:17.316335+00:00
1.0,RESEARCH_PAPER,Live Functional Programming with Typed Holes,"Cyrus Omar, Ian Voysey, Ravi Chugh, Matthew A. Hammer",http://arxiv.org/abs/1805.00155v4,https://github.com/hazelgrove/hazelnut-dynamics-agda,5619,2018-05-01T02:26:49Z,2026-09-10T13:59:17.316364+00:00
1.0,RESEARCH_PAPER,On Location Relevance and Diversity in Human Mobility Data,"Maria Luisa Damiani, Fatima Hachem, Christian Quadri, Matteo Rossini, Sabrina Gaito",http://arxiv.org/abs/2010.10198v1,https://github.com/SeqScan/SeqScan-D,1818,2020-10-20T11:23:04Z,2026-09-10T13:59:17.316381+00:00
1.0,RESEARCH_PAPER,"Automatic Analysis and Influence of Hierarchical Structure on Melody, Rhythm and Harmony in Popular Music","Shuqi Dai, Huan Zhang, Roger B. Dannenberg",http://arxiv.org/abs/2010.07518v1,https://github.com/Dsqvival/hierarchical-structure-analysis,9918,2020-10-15T04:52:02Z,2026-09-10T13:59:17.316402+00:00
1.0,RESEARCH_PAPER,Centering noisy images with application to cryo-EM,"Ayelet Heimowitz, Nir Sharon, Amit Singer",http://arxiv.org/abs/2009.04810v1,https://github.com/nirsharon/RACER,3147,2020-09-10T12:38:32Z,2026-09-10T13:59:17.316426+00:00
1.0,RESEARCH_PAPER,Model selection for estimation of causal parameters,Dominik Rothenhäusler,https://arxiv.org/abs/2008.12892v2,https://github.com/rothenhaeusler/tms,2607,2020-08-29T02:08:11Z,2026-09-10T13:59:17.316449+00:00
1.0,RESEARCH_PAPER,Fault slip in hydraulic stimulation of geothermal reservoirs: governing mechanisms and process-structure interaction,"Inga Berre, Ivar Stefansson, Eirik Keilegavlen",https://arxiv.org/abs/2008.11190v2,https://github.com/IvarStefansson/Fault-Slip-in-Hydraulic-Stimulation-of-Geothermal-Reservoirs,8694,2020-08-25T17:46:52Z,2026-09-10T13:59:17.316470+00:00
1.0,RESEARCH_PAPER,A group theoretic perspective on entanglements of division fields,"Harris B. Daniels, Jackson S. Morrow",https://arxiv.org/abs/2008.09886v3,https://github.com/jmorrow4692/Entanglements,6813,2020-08-22T17:37:40Z,2026-09-10T13:59:17.316493+00:00
1.0,RESEARCH_PAPER,On Bayesian inference for the Extended Plackett-Luce model,"Stephen R. Johnson, Daniel A. Henderson, Richard J. Boys",http://arxiv.org/abs/2002.05953v1,https://github.com/srjresearch/ExtendedPL,3147,2020-02-14T10:19:20Z,2026-09-10T13:59:17.316511+00:00
1.0,RESEARCH_PAPER,Boundary solution based on rescaling method: recoup the first and second-order statistics of neuron network dynamics,"Cecilia Romaro, Antonio Carlos Roque, Jose Roberto Castilho Piqueira",http://arxiv.org/abs/2002.02381v1,https://github.com/ceciliaromaro/recoup-the-first-and-second-order-statistics-of-neuron-network-dynamics,10260,2020-01-31T21:10:08Z,2026-09-10T13:59:17.316530+00:00
1.0,RESEARCH_PAPER,Cold-Start Aware User and Product Attention for Sentiment Classification,"Reinald Kim Amplayo, Jihyeok Kim, Sua Sung, Seung-won Hwang",http://arxiv.org/abs/1806.05507v1,https://github.com/rktamplayo/HCSC,9090,2018-06-14T12:48:31Z,2026-09-10T13:59:17.316548+00:00
1.0,RESEARCH_PAPER,A data-set of piercing needle through deformable objects for Deep Learning from Demonstrations,"Hamidreza Hashempour, Kiyanoush Nazari, Fangxun Zhong, Amir Ghalamzan E.",https://arxiv.org/abs/2012.02458v1,https://github.com/imanlab/d-lfd,4836,2020-12-04T08:27:06Z,2026-09-10T13:59:17.316565+00:00
1.0,RESEARCH_PAPER,FlexWatts: A Power- and Workload-Aware Hybrid Power Delivery Network for Energy-Efficient Microprocessors,"Jawad Haj-Yahya, Mohammed Alser, Jeremie S. Kim, Lois Orosa, Efraim Rotem, Avi Mendelson, Anupam Chattopadhyay, Onur Mutlu",http://arxiv.org/abs/2009.09094v1,https://github.com/CMU-SAFARI/PDNspot,1698,2020-09-18T21:33:36Z,2026-09-10T13:59:17.316584+00:00
1.0,RESEARCH_PAPER,Local Variables and Quantum Relational Hoare Logic,Dominique Unruh,http://arxiv.org/abs/2007.14155v1,https://github.com/dominique-unruh/qrhl-local-variables-isabelle,6195,2020-07-28T12:20:56Z,2026-09-10T13:59:17.316607+00:00
1.0,RESEARCH_PAPER,Rethinking FUN: Frequency-Domain Utilization Networks,"Kfir Goldberg, Stav Shapiro, Elad Richardson, Shai Avidan",https://arxiv.org/abs/2012.03357v1,https://github.com/kfir99/FUN,5325,2020-12-06T19:16:37Z,2026-09-10T13:59:17.316636+00:00
1.0,RESEARCH_PAPER,SelfPose: 3D Egocentric Pose Estimation from a Headset Mounted Camera,"Denis Tome, Thiemo Alldieck, Patrick Peluse, Gerard Pons-Moll, Lourdes Agapito, Hernan Badino, Fernando De la Torre",https://arxiv.org/abs/2011.01519v1,https://github.com/facebookresearch/xR-EgoPose,3374,2020-11-02T16:18:06Z,2026-09-10T13:59:17.316657+00:00
1.0,RESEARCH_PAPER,Balancing Rational and Other-Regarding Preferences in Cooperative-Competitive Environments,"Dmitry Ivanov, Vladimir Egorov, Aleksei Shpilman",https://arxiv.org/abs/2102.12307v1,https://github.com/jbr-ai-labs/BAROCCO,1974,2021-02-24T14:35:32Z,2026-09-10T13:59:17.316674+00:00
1.0,RESEARCH_PAPER,Reducing Network Agnostophobia,"Akshay Raj Dhamija, Manuel Günther, Terrance E. Boult",http://arxiv.org/abs/1811.04110v2,https://github.com/ROBOTICSENGINEER/Reducing-Network-Agnostophobia-Center-Loss,1414,2018-11-09T19:29:58Z,2026-09-10T13:59:17.316691+00:00
1.0,RESEARCH_PAPER,Boundary topological entanglement entropy in two and three dimensions,"Jacob C. Bridgeman, Benjamin J. Brown, Samuel J. Elman",https://arxiv.org/abs/2012.05244v2,https://github.com/JCBridgeman/UnitaryPremodularCategoryData,6243,2020-12-09T19:00:01Z,2026-09-10T13:59:17.316707+00:00
1.0,RESEARCH_PAPER,Securing Deep Spiking Neural Networks against Adversarial Attacks through Inherent Structural Parameters,"Rida El-Allami, Alberto Marchisio, Muhammad Shafique, Ihsen Alouani",https://arxiv.org/abs/2012.05321v1,https://github.com/rda-ela/SNN-Adversarial-Attacks,4059,2020-12-09T21:09:03Z,2026-09-10T13:59:17.316726+00:00
1.0,RESEARCH_PAPER,Learning from an Exploring Demonstrator: Optimal Reward Estimation for Bandits,"Wenshuo Guo, Kumar Krishna Agrawal, Aditya Grover, Vidya Muthukumar, Ashwin Pananjady",https://arxiv.org/abs/2106.14866v2,https://github.com/wenshuoguo/inverse-bandit-code-release,8145,2021-06-28T17:37:49Z,2026-09-10T13:59:17.316744+00:00
1.0,RESEARCH_PAPER,MALI: A memory efficient and reverse accurate integrator for Neural ODEs,"Juntang Zhuang, Nicha C. Dvornek, Sekhar Tatikonda, James S. Duncan",https://arxiv.org/abs/2102.04668v2,https://github.com/juntang-zhuang/TorchDiffEqPack,5565,2021-02-09T06:33:47Z,2026-09-10T13:59:17.316762+00:00
1.0,RESEARCH_PAPER,Direct design of biquad filter cascades with deep learning by sampling random polynomials,"Joseph T. Colonel, Christian J. Steinmetz, Marcus Michelen, Joshua D. Reiss",https://arxiv.org/abs/2110.03691v2,https://github.com/csteinmetz1/iirnet,10008,2021-10-07T17:58:08Z,2026-09-10T13:59:17.316779+00:00
1.0,RESEARCH_PAPER,Woodbury Transformations for Deep Generative Flows,"You Lu, Bert Huang",https://arxiv.org/abs/2002.12229v3,https://github.com/yolu1055/WoodburyTransformations,9333,2020-02-27T16:21:43Z,2026-09-10T13:59:17.316799+00:00
1.0,RESEARCH_PAPER,Using Inverse Optimization to Learn Cost Functions in Generalized Nash Games,"Stephanie Allen, John P. Dickerson, Steven A. Gabriel",https://arxiv.org/abs/2102.12415v1,https://github.com/sallen7/IO_GNEP,672,2021-02-24T17:13:27Z,2026-09-10T13:59:17.316824+00:00
1.0,RESEARCH_PAPER,Causal Discovery with Unobserved Confounding and non-Gaussian Data,"Y. Samuel Wang, Mathias Drton",https://arxiv.org/abs/2007.11131v2,https://github.com/ysamwang/ngBap,6375,2020-07-21T23:29:53Z,2026-09-10T13:59:17.316847+00:00
1.0,RESEARCH_PAPER,SWAGAN: A Style-based Wavelet-driven Generative Model,"Rinon Gal, Dana Cohen, Amit Bermano, Daniel Cohen-Or",https://arxiv.org/abs/2102.06108v1,https://github.com/dkn16/stylegan2-pytorch,757,2021-02-11T16:43:10Z,2026-09-10T13:59:17.316869+00:00
1.0,RESEARCH_PAPER,Rounding error using low precision approximate random variables,"Oliver Sheridan-Methven, Michael Giles",https://arxiv.org/abs/2012.09739v1,https://github.com/oliversheridanmethven/low_precision_approximate_random_variables,9696,2020-12-17T16:59:39Z,2026-09-10T13:59:17.316887+00:00
1.0,RESEARCH_PAPER,Draw your Neural Networks,"Jatin Sharma, Shobha Lata",https://arxiv.org/abs/2012.09609v1,https://github.com/jatinsha/sketch,2271,2020-12-12T09:44:03Z,2026-09-10T13:59:17.316898+00:00
1.0,RESEARCH_PAPER,Impact of non-normal error distributions on the benchmarking and ranking of Quantum Machine Learning models,"Pascal Pernot, Bing Huang, Andreas Savin",https://arxiv.org/abs/2004.02524v1,https://github.com/ppernot/ML2020,5739,2020-04-06T09:55:09Z,2026-09-10T13:59:17.316911+00:00
1.0,RESEARCH_PAPER,Analyzing and Improving the Image Quality of StyleGAN,"Tero Karras, Samuli Laine, Miika Aittala, Janne Hellsten, Jaakko Lehtinen, Timo Aila",https://arxiv.org/abs/1912.04958v2,https://github.com/dkn16/stylegan2-pytorch,757,2019-12-03T11:44:01Z,2026-09-10T13:59:17.316923+00:00
1.0,RESEARCH_PAPER,Self-paced Ensemble for Highly Imbalanced Massive Data Classification,"Zhining Liu, Wei Cao, Zhifeng Gao, Jiang Bian, Hechang Chen, Yi Chang, Tie-Yan Liu",https://arxiv.org/abs/1909.03500v3,https://github.com/ZhiningLiu1998/self-paced-ensemble,4143,2019-09-08T16:32:47Z,2026-09-10T13:59:17.316936+00:00
1.0,RESEARCH_PAPER,Node Feature Extraction by Self-Supervised Multi-scale Neighborhood Prediction,"Eli Chien, Wei-Cheng Chang, Cho-Jui Hsieh, Hsiang-Fu Yu, Jiong Zhang, Olgica Milenkovic, Inderjit S Dhillon",https://arxiv.org/abs/2111.00064v3,https://github.com/elichienxD/SAGN_with_SLE,800,2021-10-29T19:55:12Z,2026-09-10T13:59:17.316949+00:00
1.0,RESEARCH_PAPER,The Weighted Kendall and High-order Kernels for Permutations,"Yunlong Jiao, Jean-Philippe Vert",http://arxiv.org/abs/1802.08526v2,https://github.com/YunlongJiao/weightedkendall,1344,2018-02-23T13:50:08Z,2026-09-10T13:59:17.316962+00:00
1.0,RESEARCH_PAPER,Collision-Free Trajectory Optimization in Cluttered Environments Using Sums-of-Squares Programming,"Yulin Li, Chunxin Zheng, Kai Chen, Yusen Xie, Xindong Tang, Michael Yu Wang, Jun Ma",https://arxiv.org/abs/2404.05242v2,https://github.com/lyl00/minimum_scaling_free_region,2976,2024-04-08T07:11:43Z,2026-09-10T13:59:17.316973+00:00
1.0,RESEARCH_PAPER,You Only Look Twice: Rapid Multi-Scale Object Detection In Satellite Imagery,Adam Van Etten,http://arxiv.org/abs/1805.09512v1,https://github.com/zk2ly/Glass_insulator_defect_detection,3142,2018-05-24T05:17:51Z,2026-09-10T13:59:17.316986+00:00
1.0,RESEARCH_PAPER,"ChatGPT for Digital Forensic Investigation: The Good, The Bad, and The Unknown","Mark Scanlon, Frank Breitinger, Christopher Hargreaves, Jan-Niclas Hilgert, John Sheppard",https://arxiv.org/abs/2307.10195v1,https://github.com/markscanlonucd/chatgpt-for-digital-forensics,6639,2023-07-10T20:07:30Z,2026-09-10T13:59:17.316998+00:00
1.0,RESEARCH_PAPER,Bilinear Representation for Language-based Image Editing Using Conditional Generative Adversarial Networks,"Xiaofeng Mao, Yuefeng Chen, Yuhong Li, Tao Xiong, Yuan He, Hui Xue",http://arxiv.org/abs/1903.07499v1,https://github.com/vtddggg/BilinearGAN_for_LBIE,3972,2019-03-18T15:13:55Z,2026-09-10T13:59:17.317011+00:00
1.0,RESEARCH_PAPER,Computing Quantum Channel Capacities,"Navneeth Ramakrishnan, Raban Iten, Volkher B. Scholz, Mario Berta",https://arxiv.org/abs/1905.01286v4,https://github.com/sagnikb/quantum-blahut-arimoto,876,2019-05-03T17:35:48Z,2026-09-10T13:59:17.410070+00:00
1.0,RESEARCH_PAPER,Beyond Part Models: Person Retrieval with Refined Part Pooling (and a Strong Convolutional Baseline),"Yifan Sun, Liang Zheng, Yi Yang, Qi Tian, Shengjin Wang",http://arxiv.org/abs/1711.09349v3,https://github.com/Mind23-2/MindCode-5/tree/main/pcb_rpp,2901,2017-11-26T08:44:53Z,2026-09-10T13:59:17.410100+00:00
1.0,RESEARCH_PAPER,ConvTransformer: A Convolutional Transformer Network for Video Frame Synthesis,"Zhouyong Liu, Shun Luo, Wubin Li, Jingben Lu, Yufan Wu, Shilei Sun, Chunguo Li, Luxi Yang",https://arxiv.org/abs/2011.10185v2,https://github.com/harryzhu123/ConvTransformer,1367,2020-11-20T02:52:53Z,2026-09-10T13:59:17.410111+00:00
1.0,RESEARCH_PAPER,Decoupling Semantic Context and Color Correlation with multi-class cross branch regularization,"Vishal Keshav, Tej Pratap GVSL",http://arxiv.org/abs/1810.07901v2,https://github.com/tejgvsl/Color-constancy,4785,2018-10-18T05:25:13Z,2026-09-10T13:59:17.410122+00:00
1.0,RESEARCH_PAPER,Visual Transformers: Token-based Image Representation and Processing for Computer Vision,"Bichen Wu, Chenfeng Xu, Xiaoliang Dai, Alvin Wan, Peizhao Zhang, Zhicheng Yan, Masayoshi Tomizuka, Joseph Gonzalez, Kurt Keutzer, Peter Vajda",https://arxiv.org/abs/2006.03677v4,https://github.com/aws-samples/amazon-sagemaker-visual-transformer,381,2020-06-05T20:49:49Z,2026-09-10T13:59:17.410132+00:00
1.0,RESEARCH_PAPER,Learning by Fixing: Solving Math Word Problems with Weak Supervision,"Yining Hong, Qing Li, Daniel Ciao, Siyuan Huang, Song-Chun Zhu",https://arxiv.org/abs/2012.10582v2,https://github.com/evelinehong/LBF,2601,2020-12-19T03:10:21Z,2026-09-10T13:59:17.410141+00:00
1.0,RESEARCH_PAPER,Deep Co-Attention Network for Multi-View Subspace Learning,"Lecheng Zheng, Yu Cheng, Hongxia Yang, Nan Cao, Jingrui He",https://arxiv.org/abs/2102.07751v1,https://github.com/Leo02016/ANTS,4044,2021-02-15T18:46:44Z,2026-09-10T13:59:17.410150+00:00
1.0,RESEARCH_PAPER,Bridging Textual and Tabular Data for Cross-Domain Text-to-SQL Semantic Parsing,"Xi Victoria Lin, Richard Socher, Caiming Xiong",https://arxiv.org/abs/2012.12627v2,https://github.com/salesforce/TabularSemanticParsing,8139,2020-12-23T12:33:52Z,2026-09-10T13:59:17.410159+00:00
1.0,RESEARCH_PAPER,AutoProf -- I. An automated non-parametric light profile pipeline for modern galaxy surveys,"Connor Stone, Nikhil Arora, Stéphane Courteau, Jean-Charles Cuillandre",https://arxiv.org/abs/2106.13809v2,https://github.com/ConnorStoneAstro/AutoProf,2424,2021-06-25T18:00:00Z,2026-09-10T13:59:17.410168+00:00
1.0,RESEARCH_PAPER,3D Surface Reconstruction From Multi-Date Satellite Images,"Sebastian Bullinger, Christoph Bodensteiner, Michael Arens",https://arxiv.org/abs/2102.02502v2,https://github.com/SBCV/SatelliteSurfaceReconstruction,1161,2021-02-04T09:23:21Z,2026-09-10T13:59:17.410176+00:00
1.0,RESEARCH_PAPER,Flexible Behavior Trees: In search of the mythical HFSMBTH for Collaborative Autonomy in Robotics,"Joshua M. Zutell, David C. Conner, Philipp Schillinger",https://arxiv.org/abs/2203.05389v1,https://github.com/flexbe/flex_bt_turtlebot_demo,10323,2022-03-10T14:29:57Z,2026-09-10T13:59:17.410186+00:00
1.0,RESEARCH_PAPER,Foreseeing Brain Graph Evolution Over Time Using Deep Adversarial Network Normalizer,"Zeynep Gurler, Ahmed Nebli, Islem Rekik",https://arxiv.org/abs/2009.11166v1,https://github.com/basiralab/gGAN,510,2020-09-23T14:25:40Z,2026-09-10T13:59:17.410195+00:00
1.0,RESEARCH_PAPER,DeFINE: Delayed Feedback based Immersive Navigation Environment for Studying Goal-Directed Human Navigation,"Kshitij Tiwari, Ville Kyrki, Allen Cheung, Naohide Yamamoto",https://arxiv.org/abs/2003.03133v2,https://github.com/ktiwari9/define-VR,2610,2020-03-06T11:00:12Z,2026-09-10T13:59:17.410205+00:00
1.0,RESEARCH_PAPER,EfficientNetV2: Smaller Models and Faster Training,"Mingxing Tan, Quoc V. Le",https://arxiv.org/abs/2104.00298v3,https://github.com/lukemelas/EfficientNet-PyTorch,1178,2021-04-01T07:08:36Z,2026-09-10T13:59:17.410214+00:00
1.0,RESEARCH_PAPER,NTIRE 2020 Challenge on Real-World Image Super-Resolution: Methods and Results,"Andreas Lugmayr, Martin Danelljan, Radu Timofte, Namhyuk Ahn, Dongwoon Bai, Jie Cai, Yun Cao, Junyang Chen, Kaihua Cheng, SeYoung Chun, Wei Deng, Mostafa El-Khamy, Chiu Man Ho, Xiaozhong Ji, Amin Kheradmand, Gwantae Kim, Hanseok Ko, Kanghyu Lee, Jungwon Lee, Hao Li, Ziluan Liu, Zhi-Song Liu, Shuai Liu, Yunhua Lu, Zibo Meng, Pablo Navarrete Michelini, Christian Micheloni, Kalpesh Prajapati, Haoyu Ren, Yong Hyeok Seo, Wan-Chi Siu, Kyung-Ah Sohn, Ying Tai, Rao Muhammad Umer, Shuangquan Wang, Huibing Wang, Timothy Haoning Wu, Haoning Wu, Biao Yang, Fuzhi Yang, Jaejun Yoo, Tongtong Zhao, Yuanbo Zhou, Haijie Zhuo, Ziyao Zong, Xueyi Zou",https://arxiv.org/abs/2005.01996v1,https://github.com/ArchieMeng/realsr-ncnn-vulkan-python,39,2020-05-05T08:17:04Z,2026-09-10T13:59:17.410224+00:00
1.0,RESEARCH_PAPER,Scilla: a Smart Contract Intermediate-Level LAnguage,"Ilya Sergey, Amrit Kumar, Aquinas Hobor",https://arxiv.org/abs/1801.00687v1,https://github.com/pirapira/ethereum-formal-verification-overview,6963,2018-01-02T15:31:24Z,2026-09-10T13:59:17.410234+00:00
1.0,RESEARCH_PAPER,Model-free price bounds under dynamic option trading,"Ariel Neufeld, Julian Sester",https://arxiv.org/abs/2101.01024v2,https://github.com/juliansester/dynamic_option_trading,3717,2021-01-04T15:24:15Z,2026-09-10T13:59:17.410242+00:00
1.0,RESEARCH_PAPER,Tensor-Train Density Estimation,"Georgii S. Novikov, Maxim E. Panov, Ivan V. Oseledets",https://arxiv.org/abs/2108.00089v2,https://github.com/stat-ml/TTDE,6372,2021-07-30T21:51:12Z,2026-09-10T13:59:17.410251+00:00
1.0,RESEARCH_PAPER,Sparse SVM for Sufficient Data Reduction,Shenglong Zhou,https://arxiv.org/abs/2005.13771v4,https://github.com/ShenglongZhou/NSSVM,8481,2020-05-28T04:06:16Z,2026-09-10T13:59:17.410261+00:00
1.0,RESEARCH_PAPER,Group Fisher Pruning for Practical Network Compression,"Liyang Liu, Shilong Zhang, Zhanghui Kuang, Aojun Zhou, Jing-Hao Xue, Xinjiang Wang, Yimin Chen, Wenming Yang, Qingmin Liao, Wayne Zhang",https://arxiv.org/abs/2108.00708v1,https://github.com/jshilong/FisherPruning,5904,2021-08-02T08:21:44Z,2026-09-10T13:59:17.410270+00:00
1.0,RESEARCH_PAPER,A general framework for ensemble distribution distillation,"Jakob Lindqvist, Amanda Olmin, Fredrik Lindsten, Lennart Svensson",https://arxiv.org/abs/2002.11531v2,https://github.com/jackonelli/ensemble_distr_distillation,2799,2020-02-26T14:34:43Z,2026-09-10T13:59:17.410278+00:00
1.0,RESEARCH_PAPER,A Sketching Framework for Reduced Data Transfer in Photon Counting Lidar,"Michael P. Sheehan, Julián Tachella, Mike E. Davies",https://arxiv.org/abs/2102.08732v4,https://gitlab.com/Tachella/sketched_lidar,0,2021-02-17T12:51:06Z,2026-09-10T13:59:17.410286+00:00
1.0,RESEARCH_PAPER,The Gaussian Neural Process,"Wessel P. Bruinsma, James Requeima, Andrew Y. K. Foong, Jonathan Gordon, Richard E. Turner",https://arxiv.org/abs/2101.03606v1,https://github.com/wesselb/NeuralProcesses.jl,5466,2021-01-10T19:15:27Z,2026-09-10T13:59:17.410295+00:00
1.0,RESEARCH_PAPER,Multiple-Attribute Text Style Transfer,"Sandeep Subramanian, Guillaume Lample, Eric Michael Smith, Ludovic Denoyer, Marc'Aurelio Ranzato, Y-Lan Boureau",https://arxiv.org/abs/1811.00552v2,https://github.com/facebookresearch/MultipleAttributeTextRewriting,2517,2018-11-01T18:00:00Z,2026-09-10T13:59:17.410304+00:00
1.0,RESEARCH_PAPER,Community detection in sparse time-evolving graphs with a dynamical Bethe-Hessian,"Lorenzo Dall'Amico, Romain Couillet, Nicolas Tremblay",https://arxiv.org/abs/2006.04510v2,https://github.com/lorenzodallamico/CoDeBetHe.jl,1380,2020-06-03T11:44:19Z,2026-09-10T13:59:17.410313+00:00
1.0,RESEARCH_PAPER,Logic-Consistency Text Generation from Semantic Parses,"Chang Shu, Yusen Zhang, Xiangyu Dong, Peng Shi, Tao Yu, Rui Zhang",https://arxiv.org/abs/2108.00577v1,https://github.com/Ciaranshu/relogic,2244,2021-08-02T01:12:18Z,2026-09-10T13:59:17.410322+00:00
1.0,RESEARCH_PAPER,A unified framework for spectral clustering in sparse graphs,"Lorenzo Dall'Amico, Romain Couillet, Nicolas Tremblay",https://arxiv.org/abs/2003.09198v2,https://github.com/lorenzodallamico/CoDeBetHe.jl,1380,2020-03-20T10:58:37Z,2026-09-10T13:59:17.410331+00:00
1.0,RESEARCH_PAPER,3D Human Mesh Regression with Dense Correspondence,"Wang Zeng, Wanli Ouyang, Ping Luo, Wentao Liu, Xiaogang Wang",https://arxiv.org/abs/2006.05734v2,https://github.com/jiean001/models_m/tree/main/DecoMR,932,2020-06-10T08:50:53Z,2026-09-10T13:59:17.410340+00:00
1.0,RESEARCH_PAPER,What is the best data augmentation for 3D brain tumor segmentation?,"Marco Domenico Cirillo, David Abramian, Anders Eklund",https://arxiv.org/abs/2010.13372v2,https://github.com/mdciri/3D-augmentation-techniques,6198,2020-10-26T07:00:16Z,2026-09-10T13:59:17.410349+00:00
1.0,RESEARCH_PAPER,Distributed Multi-object Tracking under Limited Field of View Sensors,"Hoa Van Nguyen, Hamid Rezatofighi, Ba-Ngu Vo, Damith C. Ranasinghe",https://arxiv.org/abs/2012.12990v2,https://github.com/AdelaideAuto-IDLab/Distributed-limitedFoV-MOT,5469,2020-12-23T21:34:28Z,2026-09-10T13:59:17.410358+00:00
1.0,RESEARCH_PAPER,Automating Involutive MCMC using Probabilistic and Differentiable Programming,"Marco Cusumano-Towner, Alexander K. Lew, Vikash K. Mansinghka",https://arxiv.org/abs/2007.09871v2,https://github.com/probcomp/GenTraceKernelDSL.jl,2317,2020-07-20T03:46:36Z,2026-09-10T13:59:17.410366+00:00
1.0,RESEARCH_PAPER,Optimization-Free Test-Time Adaptation for Cross-Person Activity Recognition,"Shuoyuan Wang, Jindong Wang, HuaJun Xi, Bob Zhang, Lei Zhang, Hongxin Wei",https://arxiv.org/abs/2310.18562v2,https://github.com/Claydon-Wang/OFTTA,10536,2023-10-28T02:20:33Z,2026-09-10T13:59:17.410375+00:00
1.0,RESEARCH_PAPER,Generalized Universe Hierarchies and First-Class Universe Levels,András Kovács,https://arxiv.org/abs/2103.00223v4,https://github.com/AndrasKovacs/universes,4725,2021-02-27T14:07:24Z,2026-09-10T13:59:17.410384+00:00
1.0,RESEARCH_PAPER,Help Me Identify: Is an LLM+VQA System All We Need to Identify Visual Concepts?,"Shailaja Keyur Sampat, Maitreya Patel, Yezhou Yang, Chitta Baral",https://arxiv.org/abs/2410.13651v1,https://github.com/shailaja183/objectconceptlearning,8508,2024-10-17T15:16:10Z,2026-09-10T13:59:17.410393+00:00
1.0,RESEARCH_PAPER,ActionCOMET: A Zero-shot Approach to Learn Image-specific Commonsense Concepts about Actions,"Shailaja Keyur Sampat, Yezhou Yang, Chitta Baral",https://arxiv.org/abs/2410.13662v1,https://github.com/shailaja183/actionconceptlearning,8859,2024-10-17T15:22:57Z,2026-09-10T13:59:17.410402+00:00
1.0,RESEARCH_PAPER,LEAF: Simulating Large Energy-Aware Fog Computing Environments,"Philipp Wiesner, Lauritz Thamsen",https://arxiv.org/abs/2103.01170v1,https://github.com/dos-group/leaf,2223,2021-03-01T18:08:39Z,2026-09-10T13:59:17.410410+00:00
1.0,RESEARCH_PAPER,Towards a quality metric for dense light fields,"Vamsi Kiran Adhikarla, Marek Vinkler, Denis Sumin, Rafał K. Mantiuk, Karol Myszkowski, Hans-Peter Seidel, Piotr Didyk",http://arxiv.org/abs/1704.07576v1,https://github.com/mantiuk/pwcmp,5592,2017-04-25T08:21:47Z,2026-09-10T13:59:17.410419+00:00
1.0,RESEARCH_PAPER,RESA: Recurrent Feature-Shift Aggregator for Lane Detection,"Tu Zheng, Hao Fang, Yi Zhang, Wenjian Tang, Zheng Yang, Haifeng Liu, Deng Cai",https://arxiv.org/abs/2008.13719v2,https://github.com/ZJULearning/resa,9612,2020-08-31T16:37:30Z,2026-09-10T13:59:17.410427+00:00
1.0,RESEARCH_PAPER,Mining Dual Emotion for Fake News Detection,"Xueyao Zhang, Juan Cao, Xirong Li, Qiang Sheng, Lei Zhong, Kai Shu",https://arxiv.org/abs/1903.01728v4,https://github.com/RMSnow/WWW2021,7644,2019-03-05T08:52:33Z,2026-09-10T13:59:17.410436+00:00
1.0,RESEARCH_PAPER,Warm Up Cold-start Advertisements: Improving CTR Predictions via Learning to Learn ID Embeddings,"Feiyang Pan, Shuokai Li, Xiang Ao, Pingzhong Tang, Qing He",http://arxiv.org/abs/1904.11547v1,https://github.com/Feiyang/MetaEmbedding,5571,2019-04-25T19:26:42Z,2026-09-10T13:59:17.410445+00:00
1.0,RESEARCH_PAPER,Sequential Place Learning: Heuristic-Free High-Performance Long-Term Place Recognition,"Marvin Chancán, Michael Milford",https://arxiv.org/abs/2103.02074v1,https://github.com/mchancan/deepseqslam,4794,2021-03-02T22:57:43Z,2026-09-10T13:59:17.410453+00:00
1.0,RESEARCH_PAPER,FastCAT: Fast Cone Beam CT (CBCT) Simulation,"Jericho O'Connell, Magdalena Bazalova-Carter",https://arxiv.org/abs/2011.04736v2,https://github.com/jerichooconnell/fastCAT,5739,2020-11-09T20:28:03Z,2026-09-10T13:59:17.410463+00:00
1.0,RESEARCH_PAPER,Ensemble Kalman method for learning turbulence models from indirect observation data,"Xin-Lei Zhang, Heng Xiao, Xiaodong Luo, Guowei He",https://arxiv.org/abs/2202.05122v4,https://github.com/xiaoh/DAFI,7053,2022-02-10T16:16:23Z,2026-09-10T13:59:17.410472+00:00
1.0,RESEARCH_PAPER,Momentum via Primal Averaging: Theoretical Insights and Learning Rate Schedules for Non-Convex Optimization,Aaron Defazio,https://arxiv.org/abs/2010.00406v4,https://github.com/facebookresearch/madgrad,4542,2020-10-01T13:46:32Z,2026-09-10T13:59:17.410480+00:00
1.0,RESEARCH_PAPER,Preference-Based Learning for User-Guided HZD Gait Generation on Bipedal Walking Robots,"Maegan Tucker, Noel Csomay-Shanklin, Wen-Loong Ma, Aaron D. Ames",https://arxiv.org/abs/2011.05424v2,https://github.com/maegant/ICRA2021-LearningHZD,831,2020-11-10T22:15:56Z,2026-09-10T13:59:17.410489+00:00
1.0,RESEARCH_PAPER,"Adaptivity without Compromise: A Momentumized, Adaptive, Dual Averaged Gradient Method for Stochastic Optimization","Aaron Defazio, Samy Jelassi",https://arxiv.org/abs/2101.11075v3,https://github.com/facebookresearch/madgrad,4542,2021-01-26T20:38:26Z,2026-09-10T13:59:17.410498+00:00
1.0,RESEARCH_PAPER,Room Classification on Floor Plan Graphs using Graph Neural Networks,"Abhishek Paudel, Roshan Dhakal, Sakshat Bhattarai",https://arxiv.org/abs/2108.05947v1,https://github.com/abpaudel/floorplan-graph,9201,2021-08-12T19:59:22Z,2026-09-10T13:59:17.410511+00:00
1.0,RESEARCH_PAPER,A deep perceptual metric for 3D point clouds,"Maurice Quach, Aladine Chetouani, Giuseppe Valenzise, Frederic Dufaux",https://arxiv.org/abs/2102.12839v1,https://github.com/mauriceqch/2021_pc_perceptual_loss,6156,2021-02-25T13:24:59Z,2026-09-10T13:59:17.410523+00:00
1.0,RESEARCH_PAPER,Hamiltonian simulation with random inputs,"Qi Zhao, You Zhou, Alexander F. Shaw, Tongyang Li, Andrew M. Childs",https://arxiv.org/abs/2111.04773v1,https://github.com/zhaoqthu/hamiltonian-simulation-with-random-inputs,3570,2021-11-08T19:08:42Z,2026-09-10T13:59:17.410532+00:00
1.0,RESEARCH_PAPER,Layer 2 Atomic Cross-Blockchain Function Calls,"Peter Robinson, Raghavendra Ramesh",https://arxiv.org/abs/2005.09790v5,https://github.com/ConsenSys/gpact,848,2020-05-19T23:41:31Z,2026-09-10T13:59:17.410542+00:00
1.0,RESEARCH_PAPER,Quantifying COVID-19 enforced global changes in atmospheric pollutants using cloud computing based remote sensing,"Manmeet Singh, Bhupendra Bahadur Singh, Raunaq Singh, Badimela Upendra, Rupinder Kaur, Sukhpal Singh Gill, Mriganka Sekhar Biswas",https://arxiv.org/abs/2101.03523v3,https://github.com/manmeet3591/gee_lockdown,9312,2021-01-10T11:07:52Z,2026-09-10T13:59:17.410551+00:00
1.0,RESEARCH_PAPER,A Crash Course on Reinforcement Learning,"Farnaz Adib Yaghmaie, Lennart Ljung",https://arxiv.org/abs/2103.04910v1,https://github.com/FarnazAdib/Crash_course_on_RL,7809,2021-03-08T17:15:34Z,2026-09-10T13:59:17.410559+00:00
1.0,RESEARCH_PAPER,End-to-End Human Object Interaction Detection with HOI Transformer,"Cheng Zou, Bohan Wang, Yue Hu, Junqi Liu, Qian Wu, Yu Zhao, Boxun Li, Chenguang Zhang, Chi Zhang, Yichen Wei, Jian Sun",https://arxiv.org/abs/2103.04503v1,https://github.com/bbepoch/HoiTransformer,5967,2021-03-08T01:31:19Z,2026-09-10T13:59:17.410569+00:00
1.0,RESEARCH_PAPER,Towards High Fidelity Face Relighting with Realistic Shadows,"Andrew Hou, Ze Zhang, Michel Sarkis, Ning Bi, Yiying Tong, Xiaoming Liu",https://arxiv.org/abs/2104.00825v2,https://github.com/andrewhou1/Shadow-Mask-Face-Relighting,912,2021-04-02T00:28:40Z,2026-09-10T13:59:17.410578+00:00
1.0,RESEARCH_PAPER,SDAN: Squared Deformable Alignment Network for Learning Misaligned Optical Zoom,"Kangfu Mei, Shenglong Ye, Rui Huang",https://arxiv.org/abs/2104.00848v2,https://github.com/MKFMIKU/SDAN,396,2021-04-02T01:58:00Z,2026-09-10T13:59:17.410587+00:00
1.0,RESEARCH_PAPER,LightningDOT: Pre-training Visual-Semantic Embeddings for Real-Time Image-Text Retrieval,"Siqi Sun, Yen-Chun Chen, Linjie Li, Shuohang Wang, Yuwei Fang, Jingjing Liu",https://arxiv.org/abs/2103.08784v2,https://github.com/intersun/LightningDOT,5472,2021-03-16T00:35:28Z,2026-09-10T13:59:17.410596+00:00
1.0,RESEARCH_PAPER,Bottom-Up and Top-Down Reasoning with Hierarchical Rectified Gaussians,"Peiyun Hu, Deva Ramanan",http://arxiv.org/abs/1507.05699v5,https://github.com/peiyunh/rg-mpii,504,2015-07-21T04:00:44Z,2026-09-10T13:59:17.410605+00:00
1.0,RESEARCH_PAPER,"Compositionality Through Language Transmission, using Artificial Neural Networks",Hugh Perkins,https://arxiv.org/abs/2101.11739v2,https://github.com/asappresearch/neural-ilm,1488,2021-01-27T23:08:16Z,2026-09-10T13:59:17.410614+00:00
1.0,RESEARCH_PAPER,A Signal-Centric Perspective on the Evolution of Symbolic Communication,"Quintino Francesco Lotito, Leonardo Lucio Custode, Giovanni Iacca",https://arxiv.org/abs/2103.16882v1,https://github.com/FraLotito/evol-signal-comm,3600,2021-03-31T08:05:01Z,2026-09-10T13:59:17.410623+00:00
1.0,RESEARCH_PAPER,"Trees, Forests, Chickens, and Eggs: When and Why to Prune Trees in a Random Forest","Siyu Zhou, Lucas Mentch",https://arxiv.org/abs/2103.16700v1,https://github.com/syzhou5/TreeDepth,1518,2021-03-30T21:57:55Z,2026-09-10T13:59:17.410631+00:00
1.0,RESEARCH_PAPER,MediaPipe Hands: On-device Real-time Hand Tracking,"Fan Zhang, Valentin Bazarevsky, Andrey Vakunov, Andrei Tkachenka, George Sung, Chuo-Ling Chang, Matthias Grundmann",https://arxiv.org/abs/2006.10214v1,https://github.com/vidursatija/BlazePalm,252,2020-06-18T00:19:13Z,2026-09-10T13:59:17.410641+00:00
1.0,RESEARCH_PAPER,Team Phoenix at WASSA 2021: Emotion Analysis on News Stories with Pre-Trained Language Models,"Yash Butala, Kanishk Singh, Adarsh Kumar, Shrey Shrivastava",https://arxiv.org/abs/2103.06057v1,https://github.com/yashbutala/WASSA,7767,2021-03-10T14:00:54Z,2026-09-10T13:59:17.410654+00:00
1.0,RESEARCH_PAPER,Continuous Weight Balancing,"Daniel J. Wu, Avoy Datta",https://arxiv.org/abs/2103.16591v1,https://github.com/Daniel-Wu/Continuous-Weight-Balancing,1494,2021-03-30T18:03:12Z,2026-09-10T13:59:17.410663+00:00
1.0,RESEARCH_PAPER,TanksWorld: A Multi-Agent Environment for AI Safety Research,"Corban G. Rivera, Olivia Lyons, Arielle Summitt, Ayman Fatima, Ji Pak, William Shao, Robert Chalmers, Aryeh Englander, Edward W. Staley, I-Jeng Wang, Ashley J. Llorens",https://arxiv.org/abs/2002.11174v1,https://github.com/cgrivera/ai-safety-challenge,593,2020-02-25T21:00:52Z,2026-09-10T13:59:17.410672+00:00
1.0,RESEARCH_PAPER,Multi-scale GCN-assisted two-stage network for joint segmentation of retinal layers and disc in peripapillary OCT images,"Jiaxuan Li, Peiyao Jin, Jianfeng Zhu, Haidong Zou, Xun Xu, Min Tang, Minwen Zhou, Yu Gan, Jiangnan He, Yuye Ling, Yikai Su",https://arxiv.org/abs/2102.04799v1,https://github.com/Jiaxuan-Li/MGU-Net,10140,2021-02-09T12:38:42Z,2026-09-10T13:59:17.410682+00:00
1.0,RESEARCH_PAPER,TLSAN: Time-aware Long- and Short-term Attention Network for Next-item Recommendation,"Jianqing Zhang, Dongjing Wang, Dongjin Yu",https://arxiv.org/abs/2103.08971v1,https://github.com/TsingZ0/TLSAN,2391,2021-03-16T10:51:57Z,2026-09-10T13:59:17.410690+00:00
1.0,RESEARCH_PAPER,Determining the maximum information gain and optimising experimental design in neutron reflectometry using the Fisher information,"James H. Durant, Lucas Wilkins, Keith Butler, Joshaniel F. K. Cooper",https://arxiv.org/abs/2103.08973v3,https://github.com/James-Durant/fisher-information,8622,2021-03-16T11:01:19Z,2026-09-10T13:59:17.410699+00:00
1.0,RESEARCH_PAPER,Nonlinear Causal Discovery via Kernel Anchor Regression,"Wenqi Shi, Wenkai Xu",https://arxiv.org/abs/2210.16775v1,https://github.com/swq118/kernel-anchor-regression,264,2022-10-30T08:46:36Z,2026-09-10T13:59:17.410708+00:00
1.0,RESEARCH_PAPER,Cardiologist-Level Arrhythmia Detection with Convolutional Neural Networks,"Pranav Rajpurkar, Awni Y. Hannun, Masoumeh Haghpanahi, Codie Bourn, Andrew Y. Ng",http://arxiv.org/abs/1707.01836v1,https://github.com/physhik/ecg-mit-bih,972,2017-07-06T15:42:46Z,2026-09-10T13:59:17.410717+00:00
1.0,RESEARCH_PAPER,Predicting Pedestrian Crossing Intention with Feature Fusion and Spatio-Temporal Attention,"Dongfang Yang, Haolin Zhang, Ekim Yurtsever, Keith Redmill, Ümit Özgüner",https://arxiv.org/abs/2104.05485v2,https://github.com/ZeWang95/PedesPred,321,2021-04-12T14:10:25Z,2026-09-10T13:59:17.410727+00:00
1.0,RESEARCH_PAPER,Real-time Safety Assessment of Dynamic Systems in Non-stationary Environments: A Review of Methods and Techniques,"Zeyi Liu, Songqiao Hu, Xiao He",https://arxiv.org/abs/2304.12583v2,https://github.com/thufdd/jiaolongdsms_datasets,10110,2023-04-25T05:33:39Z,2026-09-10T13:59:17.410736+00:00
1.0,RESEARCH_PAPER,Implicit Normalizing Flows,"Cheng Lu, Jianfei Chen, Chongxuan Li, Qiuhao Wang, Jun Zhu",https://arxiv.org/abs/2103.09527v1,https://github.com/thu-ml/implicit-normalizing-flows,1278,2021-03-17T09:24:04Z,2026-09-10T13:59:17.410745+00:00
1.0,RESEARCH_PAPER,Gated Multimodal Units for Information Fusion,"John Arevalo, Thamar Solorio, Manuel Montes-y-Gómez, Fabio A. González",http://arxiv.org/abs/1702.01992v1,https://github.com/IsaacRodgz/multimodal-transformers-movies,876,2017-02-07T13:05:19Z,2026-09-10T13:59:17.410754+00:00
1.0,RESEARCH_PAPER,Non-convex optimization for self-calibration of direction-dependent effects in radio interferometric imaging,"Audrey Repetti, Jasleen Birdi, Arwa Dabbech, Yves Wiaux",http://arxiv.org/abs/1701.03689v2,https://github.com/basp-group/SARA-CALIB-realdata,2534,2017-01-13T14:31:46Z,2026-09-10T13:59:17.410763+00:00
1.0,RESEARCH_PAPER,Robust MPC for Linear Systems with Parametric and Additive Uncertainty: A Novel Constraint Tightening Approach,"Monimoy Bujarbaruah, Ugo Rosolia, Yvonne R Stürz, Xiaojing Zhang, Francesco Borrelli",https://arxiv.org/abs/2007.00930v6,https://github.com/monimoyb/RMPC_MixedUncertainty,8664,2020-07-02T07:11:56Z,2026-09-10T13:59:17.410772+00:00
1.0,RESEARCH_PAPER,Safely Learning to Control the Constrained Linear Quadratic Regulator,"Sarah Dean, Stephen Tu, Nikolai Matni, Benjamin Recht",https://arxiv.org/abs/1809.10121v2,https://github.com/monimoyb/RMPC_MixedUncertainty,2888,2018-09-26T17:04:59Z,2026-09-10T13:59:17.410780+00:00
1.0,RESEARCH_PAPER,Discovering Influential Factors in Variational Autoencoders,"Shiqi Liu, Jingxin Liu, Qian Zhao, Xiangyong Cao, Huibin Li, Deyu Meng, Hongying Meng, Sheng Liu",http://arxiv.org/abs/1809.01804v2,https://github.com/647LiuSQ/Discovering-influential-factors-in-variational-autoencoders,4335,2018-09-06T03:33:06Z,2026-09-10T13:59:17.410789+00:00
1.0,RESEARCH_PAPER,Affordance Transfer Learning for Human-Object Interaction Detection,"Zhi Hou, Baosheng Yu, Yu Qiao, Xiaojiang Peng, Dacheng Tao",https://arxiv.org/abs/2104.02867v2,https://github.com/zhihou7/HOI-CL-OneStage,6861,2021-04-07T02:37:04Z,2026-09-10T13:59:17.410799+00:00
1.0,RESEARCH_PAPER,Visual Compositional Learning for Human-Object Interaction Detection,"Zhi Hou, Xiaojiang Peng, Yu Qiao, Dacheng Tao",https://arxiv.org/abs/2007.12407v2,https://github.com/zhihou7/HOI-CL-OneStage,2287,2020-07-24T08:37:40Z,2026-09-10T13:59:17.410808+00:00
1.0,RESEARCH_PAPER,EVARS-GPR: EVent-triggered Augmented Refitting of Gaussian Process Regression for Seasonal Data,"Florian Haselbeck, Dominik G. Grimm",https://arxiv.org/abs/2107.02463v1,https://github.com/grimmlab/evars-gpr,9117,2021-07-06T08:20:28Z,2026-09-10T13:59:17.410817+00:00
1.0,RESEARCH_PAPER,"Relational Gating for ""What If"" Reasoning","Chen Zheng, Parisa Kordjamshidi",https://arxiv.org/abs/2105.13449v1,https://github.com/HLR/RGN,5943,2021-05-27T21:07:30Z,2026-09-10T13:59:17.410827+00:00
1.0,RESEARCH_PAPER,Unsupervised Selective Labeling for More Effective Semi-Supervised Learning,"Xudong Wang, Long Lian, Stella X. Yu",https://arxiv.org/abs/2110.03006v4,https://github.com/TonyLianLong/UnsupervisedSelectiveLabeling,4542,2021-10-06T18:25:50Z,2026-09-10T13:59:17.410836+00:00
1.0,RESEARCH_PAPER,Linguistic Structures as Weak Supervision for Visual Scene Graph Generation,"Keren Ye, Adriana Kovashka",https://arxiv.org/abs/2105.13994v1,https://github.com/yekeren/WSSGG,1929,2021-05-28T17:20:27Z,2026-09-10T13:59:17.410845+00:00
1.0,RESEARCH_PAPER,Comprehensive Study: How the Context Information of Different Granularity Affects Dialogue State Tracking?,"Puhai Yang, Heyan Huang, Xian-Ling Mao",https://arxiv.org/abs/2105.03571v2,https://github.com/yangpuhai/Granularity-in-DST,7080,2021-05-08T03:18:13Z,2026-09-10T13:59:17.410854+00:00
1.0,RESEARCH_PAPER,Computing Periodic Points on Veech Surfaces,"Zawad Chowdhury, Samuel Everett, Sam Freedman, Destine Lee",https://arxiv.org/abs/2112.02698v2,https://github.com/sfreedman67/bowman,3921,2021-12-05T22:44:39Z,2026-09-10T13:59:17.410863+00:00
1.0,RESEARCH_PAPER,OVERT: An Algorithm for Safety Verification of Neural Network Control Policies for Nonlinear Systems,"Chelsea Sidrane, Amir Maleki, Ahmed Irfan, Mykel J. Kochenderfer",https://arxiv.org/abs/2108.01220v1,https://github.com/sisl/OVERTVerify.jl,10173,2021-08-03T00:41:27Z,2026-09-10T13:59:17.410872+00:00
1.0,RESEARCH_PAPER,Boosting Weakly Supervised Object Detection via Learning Bounding Box Adjusters,"Bowen Dong, Zitong Huang, Yuelin Guo, Qilong Wang, Zhenxing Niu, Wangmeng Zuo",https://arxiv.org/abs/2108.01499v1,https://github.com/DongSky/lbba_boosted_wsod,435,2021-08-03T13:38:20Z,2026-09-10T13:59:17.410881+00:00
1.0,RESEARCH_PAPER,Enhancement of a state-of-the-art RL-based detection algorithm for Massive MIMO radars,"Francesco Lisi, Stefano Fortunati, Maria Sabrina Greco, Fulvio Gini",https://arxiv.org/abs/2112.02628v2,https://github.com/lisifra96/improved_rl_algorithm_mmimo_radar,10095,2021-12-05T17:19:26Z,2026-09-10T13:59:17.410890+00:00
1.0,RESEARCH_PAPER,Dialogue Summarization with Supporting Utterance Flow Modeling and Fact Regularization,"Wang Chen, Piji Li, Hou Pong Chan, Irwin King",https://arxiv.org/abs/2108.01268v1,https://github.com/Chen-Wang-CUHK/DialSum-with-SUFM-and-FR,108,2021-08-03T03:09:25Z,2026-09-10T13:59:17.410900+00:00
1.0,RESEARCH_PAPER,Meta-PU: An Arbitrary-Scale Upsampling Network for Point Cloud,"Shuquan Ye, Dongdong Chen, Songfang Han, Ziyu Wan, Jing Liao",https://arxiv.org/abs/2102.04317v1,https://github.com/pleaseconnectwifi/Meta-PU,83,2021-02-08T16:21:48Z,2026-09-10T13:59:17.410909+00:00
1.0,RESEARCH_PAPER,Adapting Membership Inference Attacks to GNN for Graph Classification: Approaches and Implications,"Bang Wu, Xiangwen Yang, Shirui Pan, Xingliang Yuan",https://arxiv.org/abs/2110.08760v1,https://github.com/trustworthygnn/mia-gnn,2253,2021-10-17T08:41:21Z,2026-09-10T13:59:17.410930+00:00
1.0,RESEARCH_PAPER,A Character-Level Decoder without Explicit Segmentation for Neural Machine Translation,"Junyoung Chung, Kyunghyun Cho, Yoshua Bengio",http://arxiv.org/abs/1603.06147v4,https://github.com/nyu-dl/dl4mt-cdec,1823,2016-03-19T21:35:04Z,2026-09-10T13:59:17.410939+00:00
1.0,RESEARCH_PAPER,VoiceFixer: A Unified Framework for High-Fidelity Speech Restoration,"Haohe Liu, Xubo Liu, Qiuqiang Kong, Qiao Tian, Yan Zhao, DeLiang Wang, Chuanzeng Huang, Yuxuan Wang",https://arxiv.org/abs/2204.05841v2,https://github.com/haoheliu/voicefixer,3651,2022-04-12T14:37:39Z,2026-09-10T13:59:17.410948+00:00
1.0,RESEARCH_PAPER,Learning Generalized Spoof Cues for Face Anti-spoofing,"Haocheng Feng, Zhibin Hong, Haixiao Yue, Yang Chen, Keyao Wang, Junyu Han, Jingtuo Liu, Errui Ding",https://arxiv.org/abs/2005.03922v1,https://github.com/mortezagolzan/Face-Anti-Spoofing,3504,2020-05-08T09:22:13Z,2026-09-10T13:59:17.410957+00:00
1.0,RESEARCH_PAPER,Detecting Fast Radio Bursts in the Milky Way,"Nayab Gohar, Chris Flynn",https://arxiv.org/abs/2112.02233v1,https://github.com/cmlflynn/milkyway-frbs,3105,2021-12-04T04:02:56Z,2026-09-10T13:59:17.410966+00:00
1.0,RESEARCH_PAPER,ImageNet-21K Pretraining for the Masses,"Tal Ridnik, Emanuel Ben-Baruch, Asaf Noy, Lihi Zelnik-Manor",https://arxiv.org/abs/2104.10972v4,https://github.com/Alibaba-MIIL/ImageNet21K,1875,2021-04-22T10:10:14Z,2026-09-10T13:59:17.410975+00:00
1.0,RESEARCH_PAPER,Lifting Monocular Events to 3D Human Poses,"Gianluca Scarpellini, Pietro Morerio, Alessio Del Bue",https://arxiv.org/abs/2104.10609v1,https://github.com/IIT-PAVIS/lifting_events_to_3d_hpe,8646,2021-04-21T16:07:12Z,2026-09-10T13:59:17.410983+00:00
1.0,RESEARCH_PAPER,On convergence rates of adaptive ensemble Kalman inversion for linear ill-posed problems,"Fabian Parzer, Otmar Scherzer",https://arxiv.org/abs/2104.10895v5,https://github.com/FabianKP/adaptive_eki,10425,2021-04-22T06:54:33Z,2026-09-10T13:59:17.410992+00:00
1.0,RESEARCH_PAPER,Gender Lost In Translation: How Bridging The Gap Between Languages Affects Gender Bias in Zero-Shot Multilingual Translation,"Lena Cabrera, Jan Niehues",https://arxiv.org/abs/2305.16935v1,https://github.com/lenacabrera/gb_mnmt,2604,2023-05-26T13:51:50Z,2026-09-10T13:59:17.411002+00:00
1.0,RESEARCH_PAPER,Novel Models for Multiple Dependent Heteroskedastic Time Series,"Fangyijie Wang, Michael Salter-Townshend",https://arxiv.org/abs/2310.17760v1,https://github.com/13204942/stat40710,9564,2023-10-26T20:07:25Z,2026-09-10T13:59:17.411011+00:00
1.0,RESEARCH_PAPER,KiDS-1000 Methodology: Modelling and inference for joint weak gravitational lensing and spectroscopic galaxy clustering analysis,"B. Joachimi, C. -A. Lin, M. Asgari, T. Tröster, C. Heymans, H. Hildebrandt, F. Köhlinger, A. G. Sánchez, A. H. Wright, M. Bilicki, C. Blake, J. L. van den Busch, M. Crocce, A. Dvornik, T. Erben, F. Getman, B. Giblin, H. Hoekstra, A. Kannawadi, K. Kuijken, N. R. Napolitano, P. Schneider, R. Scoccimarro, E. Sellentin, H. Y. Shan, M. von Wietersheim-Kramsta, J. Zuntz",https://arxiv.org/abs/2007.01844v2,https://github.com/kids-wl/cat_to_obs_k1000_p1,701,2020-07-03T17:54:18Z,2026-09-10T13:59:17.491474+00:00
1.0,RESEARCH_PAPER,KiDS-1000 Cosmology: Multi-probe weak gravitational lensing and spectroscopic galaxy clustering constraints,"Catherine Heymans, Tilman Tröster, Marika Asgari, Chris Blake, Hendrik Hildebrandt, Benjamin Joachimi, Konrad Kuijken, Chieh-An Lin, Ariel G. Sánchez, Jan Luca van den Busch, Angus H. Wright, Alexandra Amon, Maciej Bilicki, Jelte de Jong, Martin Crocce, Andrej Dvornik, Thomas Erben, Maria Cristina Fortuna, Fedor Getman, Benjamin Giblin, Karl Glazebrook, Henk Hoekstra, Shahab Joudaki, Arun Kannawadi, Fabian Köhlinger, Chris Lidman, Lance Miller, Nicola R. Napolitano, David Parkinson, Peter Schneider, HuanYuan Shan, Edwin Valentijn, Gijs Verdoes Kleijn, Christian Wolf",https://arxiv.org/abs/2007.15632v2,https://github.com/kids-wl/cat_to_obs_k1000_p1,701,2020-07-30T17:54:33Z,2026-09-10T13:59:17.491506+00:00
1.0,RESEARCH_PAPER,Diverse Beam Search: Decoding Diverse Solutions from Neural Sequence Models,"Ashwin K Vijayakumar, Michael Cogswell, Ramprasath R. Selvaraju, Qing Sun, Stefan Lee, David Crandall, Dhruv Batra",http://arxiv.org/abs/1610.02424v2,https://github.com/StatNLP/ada4asr,105,2016-10-07T20:56:47Z,2026-09-10T13:59:17.491518+00:00
1.0,RESEARCH_PAPER,A ConvNet for the 2020s,"Zhuang Liu, Hanzi Mao, Chao-Yuan Wu, Christoph Feichtenhofer, Trevor Darrell, Saining Xie",https://arxiv.org/abs/2201.03545v2,https://github.com/BR-IDL/PaddleViT/tree/develop/image_classification/ConvNeXt,3448,2022-01-10T18:59:10Z,2026-09-10T13:59:17.491529+00:00
1.0,RESEARCH_PAPER,Giant Topological Hall Effect in van der Waals Heterostructures of CrTe2/Bi2Te3,"Xiaoqian Zhang, Siddhesh C. Ambhire, Qiangsheng Lu, Wei Niu, Jacob Cook, Jidong Samuel Jiang, Deshun Hong, Laith Alahmed, Liang He, Rong Zhang, Yongbing Xu, Steven S. -L. Zhang, Peng Li, Guang Bian",https://arxiv.org/abs/2108.10289v1,https://github.com/sidambhire/GL-Skyrmion,1387,2021-08-23T17:03:35Z,2026-09-10T13:59:17.491541+00:00
1.0,RESEARCH_PAPER,MANNER: Multi-view Attention Network for Noise Erasure,"Hyun Joon Park, Byung Ha Kang, Wooseok Shin, Jin Sob Kim, Sung Won Han",https://arxiv.org/abs/2203.02181v1,https://github.com/winddori2002/MANNER,5595,2022-03-04T08:27:35Z,2026-09-10T13:59:17.491551+00:00
1.0,RESEARCH_PAPER,Speech-text based multi-modal training with bidirectional attention for improved speech recognition,"Yuhang Yang, Haihua Xu, Hao Huang, Eng Siong Chng, Sheng Li",https://arxiv.org/abs/2211.00325v1,https://github.com/yuhangear/multi-modal-learning,2490,2022-11-01T08:25:11Z,2026-09-10T13:59:17.491560+00:00
1.0,RESEARCH_PAPER,Deep High-Resolution Representation Learning for Human Pose Estimation,"Ke Sun, Bin Xiao, Dong Liu, Jingdong Wang",http://arxiv.org/abs/1902.09212v1,https://github.com/ducongju/HRNet,1751,2019-02-25T11:55:28Z,2026-09-10T13:59:17.491569+00:00
1.0,RESEARCH_PAPER,HigherHRNet: Scale-Aware Representation Learning for Bottom-Up Human Pose Estimation,"Bowen Cheng, Bin Xiao, Jingdong Wang, Honghui Shi, Thomas S. Huang, Lei Zhang",https://arxiv.org/abs/1908.10357v3,https://github.com/ducongju/HRNet,1751,2019-08-27T17:54:08Z,2026-09-10T13:59:17.491578+00:00
1.0,RESEARCH_PAPER,High-Resolution Representations for Labeling Pixels and Regions,"Ke Sun, Yang Zhao, Borui Jiang, Tianheng Cheng, Bin Xiao, Dong Liu, Yadong Mu, Xinggang Wang, Wenyu Liu, Jingdong Wang",http://arxiv.org/abs/1904.04514v1,https://github.com/ducongju/HRNet,1751,2019-04-09T08:08:16Z,2026-09-10T13:59:17.491588+00:00
1.0,RESEARCH_PAPER,"PyTorchDIA: A flexible, GPU-accelerated numerical approach to Difference Image Analysis","James A. Hitchcock, Markus Hundertmark, Daniel Foreman-Mackey, Etienne Bachelet, Martin Dominik, Rachel Street, Yiannis Tsapras",https://arxiv.org/abs/2104.13715v2,https://github.com/jah1994/PyTorchDIA,7671,2021-04-28T11:40:38Z,2026-09-10T13:59:17.491597+00:00
1.0,RESEARCH_PAPER,Constructing long-short stock portfolio with a new listwise learn-to-rank algorithm,"Xin Zhang, Lan Wu, Zhixue Chen",https://arxiv.org/abs/2104.12484v1,https://github.com/TCtobychen/ListFold,7122,2021-04-26T11:33:52Z,2026-09-10T13:59:17.491606+00:00
1.0,RESEARCH_PAPER,AlphaNet: Improved Training of Supernets with Alpha-Divergence,"Dilin Wang, Chengyue Gong, Meng Li, Qiang Liu, Vikas Chandra",https://arxiv.org/abs/2102.07954v2,https://github.com/facebookresearch/AlphaNet,2742,2021-02-16T04:23:55Z,2026-09-10T13:59:17.491615+00:00
1.0,RESEARCH_PAPER,Conservation laws for free-boundary fluid layers,Ed Bueler,https://arxiv.org/abs/2007.05625v2,https://github.com/bueler/layer-conserve,1284,2020-07-10T21:57:36Z,2026-09-10T13:59:17.491625+00:00
1.0,RESEARCH_PAPER,FRICAT: A FIRST catalog of FRI radio galaxies,"A. Capetti, F. Massaro, R. D. Baldi",http://arxiv.org/abs/1610.09376v1,https://github.com/HongmingTang060313/FRDEEP_v2.0,2869,2016-10-28T20:00:01Z,2026-09-10T13:59:17.491635+00:00
1.0,RESEARCH_PAPER,Transfer learning for radio galaxy classification,"Hongming Tang, Anna M. M. Scaife, J. P. Leahy",http://arxiv.org/abs/1903.11921v1,https://github.com/HongmingTang060313/FRDEEP_v2.0,2869,2019-03-28T12:43:09Z,2026-09-10T13:59:17.491645+00:00
1.0,RESEARCH_PAPER,Adversarial Vertex Mixup: Toward Better Adversarially Robust Generalization,"Saehyung Lee, Hyungyu Lee, Sungroh Yoon",https://arxiv.org/abs/2003.02484v3,https://github.com/hirokiadachi/Adversarial-vertex-mixup-pytorch,2195,2020-03-05T08:47:46Z,2026-09-10T13:59:17.491654+00:00
1.0,RESEARCH_PAPER,Lachesis: Scalable Asynchronous BFT on DAG Streams,"Quan Nguyen, Andre Cronje, Michael Kong, Egor Lysenko, Alex Guzev",https://arxiv.org/abs/2108.01900v1,https://github.com/Fantom-foundation/go-opera,2529,2021-08-04T08:21:28Z,2026-09-10T13:59:17.491662+00:00
1.0,RESEARCH_PAPER,Neural Operator: Graph Kernel Network for Partial Differential Equations,"Zongyi Li, Nikola Kovachki, Kamyar Azizzadenesheli, Burigede Liu, Kaushik Bhattacharya, Andrew Stuart, Anima Anandkumar",https://arxiv.org/abs/2003.03485v1,https://github.com/zongyi-li/graph-pde,3214,2020-03-07T01:56:20Z,2026-09-10T13:59:17.491672+00:00
1.0,RESEARCH_PAPER,Convex Parameterization of Stabilizing Controllers and its LMI-based Computation via Filtering,"Mauricio C. de Oliveira, Yang Zheng",https://arxiv.org/abs/2203.17145v1,https://github.com/soc-ucsd/iop_lmi,1386,2022-03-31T16:14:09Z,2026-09-10T13:59:17.491681+00:00
1.0,RESEARCH_PAPER,A Deep Q-Learning Agent for the L-Game with Variable Batch Training,"Petros Giannakopoulos, Yannis Cotronis",http://arxiv.org/abs/1802.06225v1,https://github.com/petrosgk/L-Game-DQN,3699,2018-02-17T11:45:09Z,2026-09-10T13:59:17.491689+00:00
1.0,RESEARCH_PAPER,GeneGAN: Learning Object Transfiguration and Attribute Subspace from Unpaired Data,"Shuchang Zhou, Taihong Xiao, Yi Yang, Dieqiao Feng, Qinyao He, Weiran He",http://arxiv.org/abs/1705.04932v1,https://github.com/megvii-research/genegan,5094,2017-05-14T08:59:36Z,2026-09-10T13:59:17.491698+00:00
1.0,RESEARCH_PAPER,Predicting Semantic Map Representations from Images using Pyramid Occupancy Networks,"Thomas Roddick, Roberto Cipolla",https://arxiv.org/abs/2003.13402v1,https://github.com/tom-roddick/mono-semantic-maps,9315,2020-03-30T12:39:44Z,2026-09-10T13:59:17.491707+00:00
1.0,RESEARCH_PAPER,Contextual Encoder-Decoder Network for Visual Saliency Prediction,"Alexander Kroner, Mario Senden, Kurt Driessens, Rainer Goebel",https://arxiv.org/abs/1902.06634v4,https://github.com/nvinden/7ChannelEML,1261,2019-02-18T16:15:25Z,2026-09-10T13:59:17.491717+00:00
1.0,RESEARCH_PAPER,Multi-modal Conditional Bounding Box Regression for Music Score Following,"Florian Henkel, Gerhard Widmer",https://arxiv.org/abs/2105.04309v1,https://github.com/CPJKU/cyolo_score_following,144,2021-05-10T12:43:35Z,2026-09-10T13:59:17.491726+00:00
1.0,RESEARCH_PAPER,A Deep Reinforcement Learning Approach to Audio-Based Navigation in a Multi-Speaker Environment,"Petros Giannakopoulos, Aggelos Pikrakis, Yannis Cotronis",https://arxiv.org/abs/2105.04488v1,https://github.com/petrosgk/AudioRL,351,2021-05-10T16:26:47Z,2026-09-10T13:59:17.491735+00:00
1.0,RESEARCH_PAPER,Unsupervised Remote Sensing Super-Resolution via Migration Image Prior,"Jiaming Wang, Zhenfeng Shao, Tao Lu, Xiao Huang, Ruiqian Zhang, Yu Wang",https://arxiv.org/abs/2105.03579v2,https://github.com/jiaming-wang/MIP,6942,2021-05-08T03:29:35Z,2026-09-10T13:59:17.491744+00:00
1.0,RESEARCH_PAPER,CREPO: An Open Repository to Benchmark Credal Network Algorithms,"Rafael Cabañas, Alessandro Antonucci",https://arxiv.org/abs/2105.04158v1,https://github.com/IDSIA/crepo,2040,2021-05-10T07:31:59Z,2026-09-10T13:59:17.491753+00:00
1.0,RESEARCH_PAPER,360NorVic: 360-Degree Video Classification from Mobile Encrypted Video Traffic,"Chamara Kattadige, Aravindh Raman, Kanchana Thilakarathna, Andra Lutu, Diego Perino",https://arxiv.org/abs/2105.03611v1,https://github.com/manojMadarasingha/360norvic,4113,2021-05-08T06:36:01Z,2026-09-10T13:59:17.491762+00:00
1.0,RESEARCH_PAPER,Falling Through the Gaps: Neural Architectures as Models of Morphological Rule Learning,Deniz Beser,https://arxiv.org/abs/2105.03710v1,https://github.com/denizbeser/gaps,1452,2021-05-08T14:48:29Z,2026-09-10T13:59:17.491771+00:00
1.0,RESEARCH_PAPER,Spectral analysis of mixing in 2D high-Reynolds flows,"Hassan Arbabi, Igor Mezic",https://arxiv.org/abs/1903.10044v2,https://github.com/gowtham-ss-ragavan/msub_mdselect_dmd,275,2019-03-24T19:15:53Z,2026-09-10T13:59:17.491780+00:00
1.0,RESEARCH_PAPER,Exploring Discourse Structures for Argument Impact Classification,"Xin Liu, Jiefu Ou, Yangqiu Song, Xin Jiang",https://arxiv.org/abs/2106.00976v1,https://github.com/HKUST-KnowComp/DisCOC,2187,2021-06-02T06:49:19Z,2026-09-10T13:59:17.491789+00:00
1.0,RESEARCH_PAPER,Anonymizing Machine Learning Models,"Abigail Goldsteen, Gilad Ezov, Ron Shmelkin, Micha Moffie, Ariel Farkash",https://arxiv.org/abs/2007.13086v3,https://github.com/IBM/ai-privacy-toolkit,4776,2020-07-26T09:29:03Z,2026-09-10T13:59:17.491798+00:00
1.0,RESEARCH_PAPER,Runtime Enforcement of Hyperproperties,"Norine Coenen, Bernd Finkbeiner, Christopher Hahn, Jana Hofmann, Yannick Schillo",https://arxiv.org/abs/2203.04146v1,https://github.com/reactive-systems/rehyper,5004,2022-03-08T15:17:13Z,2026-09-10T13:59:17.491807+00:00
1.0,RESEARCH_PAPER,Matrix product state simulations of quantum quenches and transport in Coulomb blockaded superconducting devices,"Chia-Min Chung, Matteo M. Wauters, Michele Burrello",https://arxiv.org/abs/2207.00948v1,https://github.com/chiaminchung/quenchtransport,1770,2022-07-03T03:56:24Z,2026-09-10T13:59:17.491816+00:00
1.0,RESEARCH_PAPER,DMBGN: Deep Multi-Behavior Graph Networks for Voucher Redemption Rate Prediction,"Fengtong Xiao, Lin Li, Weinan Xu, Jingyu Zhao, Xiaofeng Yang, Jun Lang, Hao Wang",https://arxiv.org/abs/2106.03356v1,https://github.com/fengtong-xiao/DMBGN,4131,2021-06-07T06:16:49Z,2026-09-10T13:59:17.491825+00:00
1.0,RESEARCH_PAPER,Batch Decorrelation for Active Metric Learning,"Priyadarshini K, Ritesh Goru, Siddhartha Chaudhuri, Subhasis Chaudhuri",https://arxiv.org/abs/2005.10008v2,https://github.com/kpriyadarshini/BatchAML_Decorrelation,40,2020-05-20T12:47:48Z,2026-09-10T13:59:17.491834+00:00
1.0,RESEARCH_PAPER,Soft Alignment Objectives for Robust Adaptation of Language Generation,"Michal Štefánik, Marek Kadlčík, Petr Sojka",https://arxiv.org/abs/2211.16550v2,https://github.com/mir-mu/softalign_objectives,177,2022-11-29T19:23:04Z,2026-09-10T13:59:17.491843+00:00
1.0,RESEARCH_PAPER,Adaptive Machine Unlearning,"Varun Gupta, Christopher Jung, Seth Neel, Aaron Roth, Saeed Sharifi-Malvajerdi, Chris Waites",https://arxiv.org/abs/2106.04378v1,https://github.com/ChrisWaites/adaptive-machine-unlearning,1497,2021-06-08T14:11:53Z,2026-09-10T13:59:17.491852+00:00
1.0,RESEARCH_PAPER,Predicting bulge to total luminosity ratio of galaxies using deep learning,"Harsh Grover, Omkar Bait, Yogesh Wadadekar, Preetish K. Mishra",https://arxiv.org/abs/2106.16054v1,https://github.com/Z3376/Galaxy_BT_Prediction,7446,2021-06-30T13:28:12Z,2026-09-10T13:59:17.491861+00:00
1.0,RESEARCH_PAPER,Session-based Recommendations with Recurrent Neural Networks,"Balázs Hidasi, Alexandros Karatzoglou, Linas Baltrunas, Domonkos Tikk",http://arxiv.org/abs/1511.06939v4,https://github.com/yhs968/pyGRU4REC,2431,2015-11-21T23:42:59Z,2026-09-10T13:59:17.491870+00:00
1.0,RESEARCH_PAPER,Bridging Pre-trained Models and Downstream Tasks for Source Code Understanding,"Deze Wang, Zhouyang Jia, Shanshan Li, Yue Yu, Yun Xiong, Wei Dong, Xiangke Liao",https://arxiv.org/abs/2112.02268v2,https://github.com/wangdeze18/DACL,9171,2021-12-04T07:21:28Z,2026-09-10T13:59:17.491879+00:00
1.0,RESEARCH_PAPER,Simplifying Deep Reinforcement Learning via Self-Supervision,"Daochen Zha, Kwei-Herng Lai, Kaixiong Zhou, Xia Hu",https://arxiv.org/abs/2106.05526v1,https://github.com/daochenzha/SSRL,813,2021-06-10T06:29:59Z,2026-09-10T13:59:17.491889+00:00
1.0,RESEARCH_PAPER,DRACO: Weakly Supervised Dense Reconstruction And Canonicalization of Objects,"Rahul Sajnani, AadilMehdi Sanchawala, Krishna Murthy Jatavallabhula, Srinath Sridhar, K. Madhava Krishna",https://arxiv.org/abs/2011.12912v1,https://github.com/RahulSajnani/DRACO-Weakly-Supervised-Dense-Reconstruction-And-Canonicalization-of-Objects,10116,2020-11-25T17:50:56Z,2026-09-10T13:59:17.491899+00:00
1.0,RESEARCH_PAPER,Reverberation Mapping of Two Luminous Quasars: the Broad-line Region Structure and Black Hole Mass,"Sha-Sha Li, Sen Yang, Zi-Xu Yang, Yong-Jie Chen, Yu-Yang Songsheng, He-Zhen Liu, Pu Du, Bin Luo, Zhe Yu, Chen Hu, Bo-Wei Jiang, Dong-Wei Bao, Wei-Jian Guo, Zhi-Xiang Zhang, Yan-Rong Li, Ming Xiao, Kai-Xing Lu, Luis C. Ho, Jing-Min Bai, Wei-Hao Bian, Jesús Aceituno, Takeo Minezaki, Mitsuru Kokubo, Jian-Min Wang",https://arxiv.org/abs/2106.05655v1,https://github.com/PuDu-Astro/DASpec,9651,2021-06-10T10:52:28Z,2026-09-10T13:59:17.491909+00:00
1.0,RESEARCH_PAPER,RetinaNet Object Detector based on Analog-to-Spiking Neural Network Conversion,"Joaquin Royo-Miquel, Silvia Tolu, Frederik E. T. Schöller, Roberto Galeazzi",https://arxiv.org/abs/2106.05624v2,https://github.com/joaromi/Spiking-RetinaNet,4620,2021-06-10T10:06:52Z,2026-09-10T13:59:17.491918+00:00
1.0,RESEARCH_PAPER,Lyman-αabsorption beyond the disk of simulated spiral galaxies,"Bernhard Röttgers, Thorsten Naab, Miha Cernetic, Romeel Davé, Guinevere Kauffmann, Sanchayeeta Borthakur, Horst Foidl",http://arxiv.org/abs/2005.08580v1,https://bitbucket.org/broett/pygad,0,2020-05-18T10:46:42Z,2026-09-10T13:59:17.491926+00:00
1.0,RESEARCH_PAPER,Dynamic Routing Between Capsules,"Sara Sabour, Nicholas Frosst, Geoffrey E Hinton",http://arxiv.org/abs/1710.09829v2,https://github.com/Egesabanci/capsuleNetworks,165,2017-10-26T17:49:04Z,2026-09-10T13:59:17.491935+00:00
1.0,RESEARCH_PAPER,Supervised Video Summarization via Multiple Feature Sets with Parallel Attention,"Junaid Ahmed Ghauri, Sherzod Hakimov, Ralph Ewerth",https://arxiv.org/abs/2104.11530v2,https://github.com/StevRamos/video_summarization,1566,2021-04-23T10:46:35Z,2026-09-10T13:59:17.491944+00:00
1.0,RESEARCH_PAPER,Training data-efficient image transformers & distillation through attention,"Hugo Touvron, Matthieu Cord, Matthijs Douze, Francisco Massa, Alexandre Sablayrolles, Hervé Jégou",https://arxiv.org/abs/2012.12877v2,https://github.com/omihub777/vit-cifar,242,2020-12-23T18:42:10Z,2026-09-10T13:59:17.491953+00:00
1.0,RESEARCH_PAPER,Deep Biaffine Attention for Neural Dependency Parsing,"Timothy Dozat, Christopher D. Manning",http://arxiv.org/abs/1611.01734v3,https://github.com/XuezheMax/NeuroNLP2,3154,2016-11-06T07:26:38Z,2026-09-10T13:59:17.491962+00:00
1.0,RESEARCH_PAPER,Structure-Regularized Attention for Deformable Object Representation,"Shenao Zhang, Li Shen, Zhifeng Li, Wei Liu",https://arxiv.org/abs/2106.06672v1,https://github.com/shenao-zhang/StRA,2187,2021-06-12T03:10:17Z,2026-09-10T13:59:17.491971+00:00
1.0,RESEARCH_PAPER,Psychometric Predictive Power of Large Language Models,"Tatsuki Kuribayashi, Yohei Oseki, Timothy Baldwin",https://arxiv.org/abs/2311.07484v3,https://github.com/kuribayashi4/llm-cognitive-modeling,4713,2023-11-13T17:19:14Z,2026-09-10T13:59:17.491980+00:00
1.0,RESEARCH_PAPER,Improving Bridge estimators via $f$-GAN,Hanwen Xing,https://arxiv.org/abs/2106.07462v3,https://github.com/hwxing3259/Bridge_sampling_and_fGAN,5352,2021-06-14T14:40:29Z,2026-09-10T13:59:17.491989+00:00
1.0,RESEARCH_PAPER,A Powerful Genetic Algorithm for Traveling Salesman Problem,Shujia Liu,http://arxiv.org/abs/1402.4699v1,https://github.com/sugia/GA-for-TSP,5670,2014-02-19T15:33:35Z,2026-09-10T13:59:17.491998+00:00
1.0,RESEARCH_PAPER,TTOpt: A Maximum Volume Quantized Tensor Train-based Optimization and its Application to Reinforcement Learning,"Konstantin Sozykin, Andrei Chertkov, Roman Schutski, Anh-Huy Phan, Andrzej Cichocki, Ivan Oseledets",https://arxiv.org/abs/2205.00293v2,https://github.com/andreichertkov/ttopt,453,2022-04-30T15:41:13Z,2026-09-10T13:59:17.492007+00:00
1.0,RESEARCH_PAPER,A containerized proof-of-concept implementation of LightChain system,"Yahya Hassanzadeh-Nazarabadi, Nazir Nayal, Shadi Sameh Hamdan, Öznur Özkasap, Alptekin Küpçü",http://arxiv.org/abs/2007.13203v1,https://github.com/yhassanzadeh13/lightchain-container,8619,2020-07-26T19:36:39Z,2026-09-10T13:59:17.492017+00:00
1.0,RESEARCH_PAPER,FisherMask: Enhancing Neural Network Labeling Efficiency in Image Classification Using Fisher Information,"Shreen Gul, Mohamed Elmahallawy, Sanjay Madria, Ardhendu Tripathy",https://arxiv.org/abs/2411.05752v1,https://github.com/sgchr273/fishermask,2502,2024-11-08T18:10:46Z,2026-09-10T13:59:17.492025+00:00
1.0,RESEARCH_PAPER,"The HAM10000 dataset, a large collection of multi-source dermatoscopic images of common pigmented skin lesions","Philipp Tschandl, Cliff Rosendahl, Harald Kittler",http://arxiv.org/abs/1803.10417v3,https://github.com/skrantidatta/Attention-based-Skin-Cancer-Classification,2667,2018-03-28T05:18:15Z,2026-09-10T13:59:17.492035+00:00
1.0,RESEARCH_PAPER,Automated Mining of Leaderboards for Empirical AI Research,"Salomon Kabongo, Jennifer D'Souza, Sören Auer",https://arxiv.org/abs/2109.13089v1,https://github.com/kabongosalomon/task-dataset-metric-nli-extraction,9498,2021-08-31T10:00:52Z,2026-09-10T13:59:17.492044+00:00
1.0,RESEARCH_PAPER,Ladder Variational Autoencoders,"Casper Kaae Sønderby, Tapani Raiko, Lars Maaløe, Søren Kaae Sønderby, Ole Winther",http://arxiv.org/abs/1602.02282v3,https://github.com/simonamtoft/ml-library,3429,2016-02-06T17:32:48Z,2026-09-10T13:59:17.492053+00:00
1.0,RESEARCH_PAPER,Doubly Robust Policy Evaluation and Learning,"Miroslav Dudik, John Langford, Lihong Li",https://arxiv.org/abs/1103.4601v2,https://github.com/leoguelman/BLBF,3062,2011-03-23T19:37:45Z,2026-09-10T13:59:17.492061+00:00
1.0,RESEARCH_PAPER,Neural Graph Collaborative Filtering,"Xiang Wang, Xiangnan He, Meng Wang, Fuli Feng, Tat-Seng Chua",https://arxiv.org/abs/1905.08108v2,https://github.com/zzz2010/ngcf-paddle2,2914,2019-05-20T13:41:16Z,2026-09-10T13:59:17.492073+00:00
1.0,RESEARCH_PAPER,"Music Classification: Beyond Supervised Learning, Towards Real-world Applications","Minz Won, Janne Spijkervet, Keunwoo Choi",https://arxiv.org/abs/2111.11636v2,https://github.com/music-classification/tutorial,2331,2021-11-23T03:44:39Z,2026-09-10T13:59:17.492082+00:00
1.0,RESEARCH_PAPER,Model Explanations via the Axiomatic Causal Lens,"Gagan Biradar, Vignesh Viswanathan, Yair Zick",https://arxiv.org/abs/2109.03890v6,https://github.com/gabi-1337/causal-explanations,10434,2021-09-08T19:33:52Z,2026-09-10T13:59:17.492091+00:00
1.0,RESEARCH_PAPER,Effects of personality traits in predicting grade retention of Brazilian students,"Carmen Melo Toledo, Guilherme Mendes Bassedon, Jonathan Batista Ferreira, Lucka de Godoy Gianvechio, Carlos Guatimosim, Felipe Maia Polo, Renato Vicente",https://arxiv.org/abs/2107.05767v1,https://github.com/Lucka-Gianvechio/LatinX-Grade-Retention-Paper,5985,2021-07-12T22:23:13Z,2026-09-10T13:59:17.492100+00:00
1.0,RESEARCH_PAPER,Surface Detection for Sketched Single Photon Lidar,"Michael P. Sheehan, Julián Tachella, Mike E. Davies",https://arxiv.org/abs/2105.06920v1,https://gitlab.com/Tachella/sketched_lidar,0,2021-05-14T16:09:38Z,2026-09-10T13:59:17.492108+00:00
1.0,RESEARCH_PAPER,Learning Multi-touch Conversion Attribution with Dual-attention Mechanisms for Online Advertising,"Kan Ren, Yuchen Fang, Weinan Zhang, Shuhao Liu, Jiajun Li, Ya Zhang, Yong Yu, Jun Wang",http://arxiv.org/abs/1808.03737v2,https://github.com/rk2900/deep-conv-attr,7449,2018-08-11T01:58:19Z,2026-09-10T13:59:17.492117+00:00
1.0,RESEARCH_PAPER,A sensitivity study of VBS and diboson WW to dimension-6 EFT operators at the LHC,"Riccardo Bellan, Giacomo Boldrini, Daniele Brambilla, Ilaria Brivio, Riccardo Brusa, Flavia Cetorelli, Marco Chiusi, Roberto Covarelli, Vittorio Del Tatto, Pietro Govoni, Andrea Massironi, Leonardo Olivi, Giacomo Ortona, Giorgio Pizzati, Alessandro Tarabini, Antonio Vagnerini, Elena Vernazza, Jie Xiao",https://arxiv.org/abs/2108.03199v3,https://github.com/MultibosonEFTStudies/D6EFTPaperPlots,2778,2021-08-06T16:42:22Z,2026-09-10T13:59:17.492126+00:00
1.0,RESEARCH_PAPER,"Generalized Wasserstein Dice Loss, Test-time Augmentation, and Transformers for the BraTS 2021 challenge","Lucas Fidon, Suprosanna Shit, Ivan Ezhov, Johannes C. Paetzold, Sébastien Ourselin, Tom Vercauteren",https://arxiv.org/abs/2112.13054v1,https://github.com/lucasfidon/trabit_brats2021,3231,2021-12-24T13:01:44Z,2026-09-10T13:59:17.492135+00:00
1.0,RESEARCH_PAPER,Putting NeRF on a Diet: Semantically Consistent Few-Shot View Synthesis,"Ajay Jain, Matthew Tancik, Pieter Abbeel",https://arxiv.org/abs/2104.00677v1,https://github.com/codestella/putting-nerf-on-a-diet,3287,2021-04-01T17:59:31Z,2026-09-10T13:59:17.492146+00:00
1.0,RESEARCH_PAPER,Lifelong Learning of Graph Neural Networks for Open-World Node Classification,"Lukas Galke, Benedikt Franke, Tobias Zielke, Ansgar Scherp",https://arxiv.org/abs/2006.14422v4,https://github.com/lgalke/lifelong-learning,5700,2020-06-25T14:03:31Z,2026-09-10T13:59:17.492155+00:00
1.0,RESEARCH_PAPER,Human-in-the-Loop for Data Collection: a Multi-Target Counter Narrative Dataset to Fight Online Hate Speech,"Margherita Fanton, Helena Bonaldi, Serra Sinem Tekiroglu, Marco Guerini",https://arxiv.org/abs/2107.08720v1,https://github.com/marcoguerini/CONAN,8244,2021-07-19T09:45:54Z,2026-09-10T13:59:17.492165+00:00
1.0,RESEARCH_PAPER,VW-SDK: Efficient Convolutional Weight Mapping Using Variable Windows for Processing-In-Memory Architectures,"Johnny Rhe, Sungmin Moon, Jong Hwan Ko",https://arxiv.org/abs/2112.11282v1,https://github.com/djwhsdj/vw-sdk,4326,2021-12-21T15:10:30Z,2026-09-10T13:59:17.492178+00:00
1.0,RESEARCH_PAPER,SAILOR: Scaling Anchors via Insights into Latent Object Representation,"Dušan Malić, Christian Fruhwirth-Reisinger, Horst Possegger, Horst Bischof",https://arxiv.org/abs/2210.07811v2,https://github.com/malicd/sailor,1017,2022-10-14T13:40:46Z,2026-09-10T13:59:17.492187+00:00
1.0,RESEARCH_PAPER,Adaptive Multilevel Monte Carlo for Probabilities,"Abdul-Lateef Haji-Ali, Jonathan Spence, Aretha Teckentrup",https://arxiv.org/abs/2107.09148v1,https://github.com/JSpence97/mlmc-for-probabilities,5994,2021-07-19T20:51:51Z,2026-09-10T13:59:17.492197+00:00
1.0,RESEARCH_PAPER,Multi-Task Learning Framework for Emotion Recognition in-the-wild,"Tenggan Zhang, Chuanhe Liu, Xiaolong Liu, Yuchen Liu, Liyu Meng, Lei Sun, Wenqiang Jiang, Fengyuan Zhang, Jinming Zhao, Qin Jin",https://arxiv.org/abs/2207.09373v3,https://github.com/AIM3-RUC/ABAW4,5727,2022-07-19T16:18:53Z,2026-09-10T13:59:17.492208+00:00
1.0,RESEARCH_PAPER,OpenGCD: Assisting Open World Recognition with Generalized Category Discovery,"Fulin Gao, Weimin Zhong, Zhixing Cao, Xin Peng, Zhi Li",https://arxiv.org/abs/2308.06926v1,https://github.com/fulin-gao/opengcd,507,2023-08-14T04:10:45Z,2026-09-10T13:59:17.492217+00:00
1.0,RESEARCH_PAPER,OpenBA-V2: Reaching 77.3% High Compression Ratio with Fast Multi-Stage Pruning,"Dan Qiao, Yi Su, Pinzheng Wang, Jing Ye, Wenjing Xie, Yuechi Zhou, Yuyang Ding, Zecheng Tang, Jikai Wang, Yixin Ji, Yue Wang, Pei Guo, Zechen Sun, Zikang Zhang, Juntao Li, Pingfu Chao, Wenliang Chen, Guohong Fu, Guodong Zhou, Qiaoming Zhu, Min Zhang",https://arxiv.org/abs/2405.05957v1,https://github.com/opennlg/openba-v2,8055,2024-05-09T17:53:28Z,2026-09-10T13:59:17.492228+00:00
1.0,RESEARCH_PAPER,"An open-source Bayesian atmospheric radiative transfer (BART) code: III. Initialization, atmospheric profile generator, post-processing routines, and application to exoplanet WASP-43b","Jasmina Blecic, Joseph Harrington, Patricio E. Cubillos, M. Oliver Bowman, Patricio Rojo, Madison Stemm, Ryan C. Challener, Michael D. Himes, Austin J. Foster, Ian Dobbs-Dixon, Andrew S. D. Foster, Nathaniel B. Lust, Sarah D. Blumenthal, Dylan Bruce, Thomas J. Loredo",https://arxiv.org/abs/2104.12525v1,https://github.com/pcubillos/mc3,5604,2021-04-26T12:48:14Z,2026-09-10T13:59:17.492238+00:00
1.0,RESEARCH_PAPER,Experimental validation of Fastcat kV and MV cone beam CT (CBCT) simulator,"Jericho O'Connell, Clayton Lindsay, Magdalena Bazalova-Carter",https://arxiv.org/abs/2104.13885v1,https://github.com/jerichooconnell/fastCAT,5739,2021-04-28T17:07:54Z,2026-09-10T13:59:17.492247+00:00
1.0,RESEARCH_PAPER,SOCluster- Towards Intent-based Clustering of Stack Overflow Questions using Graph-Based Approach,"Abhishek Kumar, Deep Ghadiyali, Sridhar Chimalakonda",https://arxiv.org/abs/2107.02399v1,https://github.com/Liveitabhi/SOCluster,1935,2021-07-06T05:30:01Z,2026-09-10T13:59:17.492256+00:00
1.0,RESEARCH_PAPER,Zero-bias Deep Learning Enabled Quick and Reliable Abnormality Detection in IoT,"Yongxin Liu, Jian Wang, Jianqiang Li, Shuteng Niu, Houbing Song",https://arxiv.org/abs/2105.15098v1,https://github.com/pcwhy/AbnormalityDetectionInZbDNN,4005,2021-04-08T03:31:50Z,2026-09-10T13:59:17.492265+00:00
1.0,RESEARCH_PAPER,Machine learning accelerated particle-in-cell plasma simulations,"R. Kube, R. M. Churchill, B. Sturdevant",https://arxiv.org/abs/2110.12444v1,https://github.com/rkube/picfun,7797,2021-10-24T13:43:36Z,2026-09-10T13:59:17.492274+00:00
1.0,RESEARCH_PAPER,Synergy between Observation Systems Oceanic in Turbulent Regions,"Van-Khoa Nguyen, Santiago Agudelo",https://arxiv.org/abs/2012.14516v2,https://github.com/v18nguye/gulfstream-lrm,7491,2020-12-28T22:52:57Z,2026-09-10T13:59:17.492283+00:00
1.0,RESEARCH_PAPER,RKappa: Software for Analyzing Rule-Based Models,"Anatoly Sorokin, Oksana Sorokina, J. Douglas Armstrong",http://arxiv.org/abs/1809.08214v1,https://github.com/lptolik/R4Kappa,1053,2018-09-21T17:15:53Z,2026-09-10T13:59:17.492293+00:00
1.0,RESEARCH_PAPER,BAREB: A Bayesian repulsive biclustering model for periodontal data,"Yuliang Li, Dipankar Bandyopadhyay, Fangzheng Xie, Yanxun Xu",http://arxiv.org/abs/1902.05680v2,https://github.com/YanxunXu/BAREB,6060,2019-02-15T04:10:23Z,2026-09-10T13:59:17.492303+00:00
1.0,RESEARCH_PAPER,A Graph Neural Network Approach for Scalable Wireless Power Control,"Yifei Shen, Yuanming Shi, Jun Zhang, Khaled B. Letaief",https://arxiv.org/abs/1907.08487v1,https://github.com/yshenaw/Globecom2019,8817,2019-07-19T12:38:20Z,2026-09-10T13:59:17.492312+00:00
1.0,RESEARCH_PAPER,Stochastic Function Norm Regularization of Deep Networks,"Amal Rannen Triki, Matthew B. Blaschko",https://arxiv.org/abs/1605.09085v3,https://github.com/AmalRT/DNN_Reg,4107,2016-05-30T01:49:18Z,2026-09-10T13:59:17.492323+00:00
1.0,RESEARCH_PAPER,MRI Super-Resolution using Multi-Channel Total Variation,"Mikael Brudfors, Yael Balbastre, Parashkev Nachev, John Ashburner",https://arxiv.org/abs/1810.03422v6,https://github.com/WCHN/CA_MTV-preproc,8796,2018-10-08T13:14:28Z,2026-09-10T13:59:17.492332+00:00
1.0,RESEARCH_PAPER,MPI: Multi-receptive and Parallel Integration for Salient Object Detection,"Han Sun, Jun Cen, Ningzhong Liu, Dong Liang, Huiyu Zhou",https://arxiv.org/abs/2108.03618v1,https://github.com/nuaacj/mpi,645,2021-08-08T12:01:44Z,2026-09-10T13:59:17.492341+00:00
1.0,RESEARCH_PAPER,Distributionally Robust Segmentation of Abnormal Fetal Brain 3D MRI,"Lucas Fidon, Michael Aertsen, Nada Mufti, Thomas Deprest, Doaa Emam, Frédéric Guffens, Ernst Schwartz, Michael Ebner, Daniela Prayer, Gregor Kasprian, Anna L. David, Andrew Melbourne, Sébastien Ourselin, Jan Deprest, Georg Langs, Tom Vercauteren",https://arxiv.org/abs/2108.04175v1,https://github.com/LucasFidon/HardnessWeightedSampler,1311,2021-08-09T17:00:21Z,2026-09-10T13:59:17.492351+00:00
1.0,RESEARCH_PAPER,Deep learning Local Reduced Density Matrices for Many-body Hamiltonian Estimation,"Xinran Ma, Z. C. Tu, Shi-Ju Ran",https://arxiv.org/abs/2012.03019v2,https://github.com/joyebnu/qubismnet,2037,2020-12-05T12:22:12Z,2026-09-10T13:59:17.492361+00:00
1.0,RESEARCH_PAPER,"Lights, Camera, Action! A Framework to Improve NLP Accuracy over OCR documents","Amit Gupte, Alexey Romanov, Sahitya Mantravadi, Dalitso Banda, Jianjie Liu, Raza Khan, Lakshmanan Ramu Meenal, Benjamin Han, Soundar Srinivasan",https://arxiv.org/abs/2108.02899v1,https://github.com/microsoft/genalog,8430,2021-08-06T00:32:54Z,2026-09-10T13:59:17.492371+00:00
1.0,RESEARCH_PAPER,How to Make an Image More Memorable? A Deep Style Transfer Approach,"Aliaksandr Siarohin, Gloria Zen, Cveta Majtanovic, Xavier Alameda-Pineda, Elisa Ricci, Nicu Sebe",http://arxiv.org/abs/1704.01745v1,https://github.com/aliaksandrsiarohin/mem-transfer,1459,2017-04-06T08:25:19Z,2026-09-10T13:59:17.492380+00:00
1.0,RESEARCH_PAPER,Astronomaly Protege: Discovery Through Human-Machine Collaboration,"Michelle Lochner, Lawrence Rudnick",https://arxiv.org/abs/2411.04188v3,https://github.com/michellelochner/mgcls.protege,8592,2024-11-06T19:00:03Z,2026-09-10T13:59:17.492389+00:00
1.0,RESEARCH_PAPER,Traffic4cast -- Large-scale Traffic Prediction using 3DResNet and Sparse-UNet,"Bo Wang, Reza Mohajerpoor, Chen Cai, Inhi Kim, Hai L. Vu",https://arxiv.org/abs/2111.05990v1,https://github.com/resuly/traffic4cast-2021,351,2021-11-10T23:40:52Z,2026-09-10T13:59:17.492398+00:00
1.0,RESEARCH_PAPER,A Deep Generative Framework for Paraphrase Generation,"Ankush Gupta, Arvind Agarwal, Prawaan Singh, Piyush Rai",http://arxiv.org/abs/1709.05074v1,https://github.com/arvind385801/paraphrasegen,267,2017-09-15T06:58:13Z,2026-09-10T13:59:17.492409+00:00
1.0,RESEARCH_PAPER,Frank-Wolfe Methods with an Unbounded Feasible Region and Applications to Structured Learning,"Haoyue Wang, Haihao Lu, Rahul Mazumder",https://arxiv.org/abs/2012.15361v2,https://github.com/wanghaoyue123/frank-wolfe-with-unbounded-constraints,8418,2020-12-30T23:16:34Z,2026-09-10T13:59:17.492418+00:00
1.0,RESEARCH_PAPER,Deep Reinforcement Learning with Double Q-learning,"Hado van Hasselt, Arthur Guez, David Silver",http://arxiv.org/abs/1509.06461v3,https://github.com/ianlimle/ItsMeMario,2944,2015-09-22T04:40:22Z,2026-09-10T13:59:17.492427+00:00
1.0,RESEARCH_PAPER,Implicit Neural Representations with Periodic Activation Functions,"Vincent Sitzmann, Julien N. P. Martel, Alexander W. Bergman, David B. Lindell, Gordon Wetzstein",https://arxiv.org/abs/2006.09661v1,https://github.com/TalFurman/Implict_neural_representation_of_images,1292,2020-06-17T05:13:33Z,2026-09-10T13:59:17.571167+00:00
1.0,RESEARCH_PAPER,What Were They Thinking? Pharmacologic priors implicit in a choice of 3+3 dose-escalation design,David C. Norris,https://arxiv.org/abs/2012.05301v2,https://github.com/dcnorris/precautionary,24,2020-12-09T20:33:38Z,2026-09-10T13:59:17.571200+00:00
1.0,RESEARCH_PAPER,Retrospective analysis of a fatal dose-finding trial,David C. Norris,http://arxiv.org/abs/2004.12755v1,https://github.com/dcnorris/precautionary,24,2020-04-27T12:58:26Z,2026-09-10T13:59:17.571211+00:00
1.0,RESEARCH_PAPER,Need for Speed: A Benchmark for Higher Frame Rate Object Tracking,"Hamed Kiani Galoogahi, Ashton Fagg, Chen Huang, Deva Ramanan, Simon Lucey",http://arxiv.org/abs/1703.05884v2,https://github.com/susomena/DeepSlowMotion,334,2017-03-17T04:18:25Z,2026-09-10T13:59:17.571221+00:00
1.0,RESEARCH_PAPER,Feature Importance-aware Transferable Adversarial Attacks,"Zhibo Wang, Hengchang Guo, Zhifei Zhang, Wenxin Liu, Zhan Qin, Kui Ren",https://arxiv.org/abs/2107.14185v3,https://github.com/ZOMIN28/FIA-pytorch,2519,2021-07-29T17:13:29Z,2026-09-10T13:59:17.571230+00:00
1.0,RESEARCH_PAPER,FlipDA: Effective and Robust Data Augmentation for Few-Shot Learning,"Jing Zhou, Yanan Zheng, Jie Tang, Jian Li, Zhilin Yang",https://arxiv.org/abs/2108.06332v2,https://github.com/zhouj8553/flipda,6201,2021-08-13T17:51:31Z,2026-09-10T13:59:17.571241+00:00
1.0,RESEARCH_PAPER,RobustFill: Neural Program Learning under Noisy I/O,"Jacob Devlin, Jonathan Uesato, Surya Bhupatiraju, Rishabh Singh, Abdel-rahman Mohamed, Pushmeet Kohli",http://arxiv.org/abs/1703.07469v1,https://github.com/amitz25/PCCoder,959,2017-03-21T23:29:47Z,2026-09-10T13:59:17.571250+00:00
1.0,RESEARCH_PAPER,Overfitting the Data: Compact Neural Video Delivery via Content-aware Feature Modulation,"Jiaming Liu, Ming Lu, Kaixin Chen, Xiaoqi Li, Shizun Wang, Zhaoqing Wang, Enhua Wu, Yurong Chen, Chuang Zhang, Ming Wu",https://arxiv.org/abs/2108.08202v2,https://github.com/neural-video-delivery/cafm-pytorch-iccv2021,7614,2021-08-18T15:34:11Z,2026-09-10T13:59:17.571260+00:00
1.0,RESEARCH_PAPER,Out-of-Distribution Detection Using Outlier Detection Methods,"Jan Diers, Christian Pigorsch",https://arxiv.org/abs/2108.08218v2,https://github.com/jandiers/ood-detection,9387,2021-08-18T16:05:53Z,2026-09-10T13:59:17.571270+00:00
1.0,RESEARCH_PAPER,Offline Meta-Reinforcement Learning with Online Self-Supervision,"Vitchyr H. Pong, Ashvin Nair, Laura Smith, Catherine Huang, Sergey Levine",https://arxiv.org/abs/2107.03974v4,https://github.com/anair13/bullet-manipulation-affordances,2034,2021-07-08T17:01:32Z,2026-09-10T13:59:17.571280+00:00
1.0,RESEARCH_PAPER,Model-Change Active Learning in Graph-Based Semi-Supervised Learning,"Kevin Miller, Andrea L. Bertozzi",https://arxiv.org/abs/2110.07739v2,https://github.com/millerk22/model-change-paper,5826,2021-10-14T21:47:10Z,2026-09-10T13:59:17.571289+00:00
1.0,RESEARCH_PAPER,Monotonic Chunkwise Attention,"Chung-Cheng Chiu, Colin Raffel",http://arxiv.org/abs/1712.05382v2,https://github.com/craffel/mocha,4560,2017-12-14T18:29:42Z,2026-09-10T13:59:17.571297+00:00
1.0,RESEARCH_PAPER,What Can I Do Here? Learning New Skills by Imagining Visual Affordances,"Alexander Khazatsky, Ashvin Nair, Daniel Jing, Sergey Levine",https://arxiv.org/abs/2106.00671v2,https://github.com/anair13/bullet-manipulation-affordances,2034,2021-06-01T17:58:02Z,2026-09-10T13:59:17.571307+00:00
1.0,RESEARCH_PAPER,Key.Net: Keypoint Detection by Handcrafted and Learned CNN Filters,"Axel Barroso-Laguna, Edgar Riba, Daniel Ponsa, Krystian Mikolajczyk",https://arxiv.org/abs/1904.00889v3,https://github.com/bluedream1121/Key.Net_PyTorch,488,2019-04-01T14:47:24Z,2026-09-10T13:59:17.571317+00:00
1.0,RESEARCH_PAPER,"Plan, Attend, Generate: Character-level Neural Machine Translation with Planning in the Decoder","Caglar Gulcehre, Francis Dutil, Adam Trischler, Yoshua Bengio",http://arxiv.org/abs/1706.05087v2,https://github.com/nyu-dl/dl4mt-cdec,5469,2017-06-13T23:11:04Z,2026-09-10T13:59:17.571327+00:00
1.0,RESEARCH_PAPER,Automated Coronal Hole Identification via Multi-Thermal Intensity Segmentation,"Tadhg M. Garton, Peter T. Gallagher, Sophie A. Murray",http://arxiv.org/abs/1711.11476v1,https://github.com/GartontT/CHIMERA,89,2017-11-30T15:53:36Z,2026-09-10T13:59:17.571336+00:00
1.0,RESEARCH_PAPER,Benchmarking Relief-Based Feature Selection Methods for Bioinformatics Data Mining,"Ryan J. Urbanowicz, Randal S. Olson, Peter Schmitt, Melissa Meeker, Jason H. Moore",http://arxiv.org/abs/1711.08477v2,https://github.com/EpistasisLab/ReBATE,1359,2017-11-22T19:18:47Z,2026-09-10T13:59:17.571345+00:00
1.0,RESEARCH_PAPER,Automating the search for a patent's prior art with a full text similarity search,"Lea Helmers, Franziska Horn, Franziska Biegler, Tim Oppermann, Klaus-Robert Müller",http://arxiv.org/abs/1901.03136v2,https://github.com/helmersl/patent_similarity_search,1098,2019-01-10T13:04:25Z,2026-09-10T13:59:17.571354+00:00
1.0,RESEARCH_PAPER,Continuous cutting plane algorithms in integer programming,"Didier Chételat, Andrea Lodi",https://arxiv.org/abs/2204.09122v3,https://github.com/dchetelat/subadditive,3354,2022-04-19T20:36:30Z,2026-09-10T13:59:17.571365+00:00
1.0,RESEARCH_PAPER,Adaptive Convolution Kernel for Artificial Neural Networks,"F. Boray Tek, İlker Çam, Deniz Karlı",https://arxiv.org/abs/2009.06385v1,https://github.com/btekgit/AdaptiveCNN,8079,2020-09-14T12:36:50Z,2026-09-10T13:59:17.571374+00:00
1.0,RESEARCH_PAPER,"Shield: Fast, Practical Defense and Vaccination for Deep Learning using JPEG Compression","Nilaksh Das, Madhuri Shanbhogue, Shang-Tse Chen, Fred Hohman, Siwei Li, Li Chen, Michael E. Kounavis, Duen Horng Chau",http://arxiv.org/abs/1802.06816v1,https://github.com/Yuxin33/unmask,135,2018-02-19T19:13:42Z,2026-09-10T13:59:17.571384+00:00
1.0,RESEARCH_PAPER,UnMask: Adversarial Detection and Defense Through Robust Feature Alignment,"Scott Freitas, Shang-Tse Chen, Zijie J. Wang, Duen Horng Chau",https://arxiv.org/abs/2002.09576v2,https://github.com/Yuxin33/unmask,135,2020-02-21T23:20:23Z,2026-09-10T13:59:17.571393+00:00
1.0,RESEARCH_PAPER,The Numerics of GANs,"Lars Mescheder, Sebastian Nowozin, Andreas Geiger",http://arxiv.org/abs/1705.10461v3,https://github.com/nhynes/abc,2564,2017-05-30T05:54:59Z,2026-09-10T13:59:17.571402+00:00
1.0,RESEARCH_PAPER,Task-Aware Information Routing from Common Representation Space in Lifelong Learning,"Prashant Bhat, Bahram Zonooz, Elahe Arani",https://arxiv.org/abs/2302.11346v1,https://github.com/neurai-lab/tamil,2208,2023-02-14T16:25:46Z,2026-09-10T13:59:17.571413+00:00
1.0,RESEARCH_PAPER,EfficientViT: Multi-Scale Linear Attention for High-Resolution Dense Prediction,"Han Cai, Junyan Li, Muyan Hu, Chuang Gan, Song Han",https://arxiv.org/abs/2205.14756v6,https://github.com/2023-MindSpore-4/Code10/tree/main/Efficientnet,3282,2022-05-29T20:07:23Z,2026-09-10T13:59:17.571422+00:00
1.0,RESEARCH_PAPER,Developing a unified pipeline for large-scale structure data analysis with angular power spectra -- III. Implementing the multi-tracer technique to constrain neutrino masses,"Konstantinos Tanidis, Stefano Camera",http://arxiv.org/abs/2009.05584v2,https://github.com/ktanidis/Modified_CosmoSIS_for_galaxy_number_count_angular_power_spectra,8934,2020-09-11T18:00:14Z,2026-09-10T13:59:17.571431+00:00
1.0,RESEARCH_PAPER,PLATO-XL: Exploring the Large-scale Pre-training of Dialogue Generation,"Siqi Bao, Huang He, Fan Wang, Hua Wu, Haifeng Wang, Wenquan Wu, Zhihua Wu, Zhen Guo, Hua Lu, Xinxian Huang, Xin Tian, Xinchao Xu, Yingzhan Lin, Zheng-Yu Niu",https://arxiv.org/abs/2109.09519v2,https://github.com/PaddlePaddle/PaddleNLP/tree/develop/model_zoo/plato-xl,193,2021-09-20T13:10:23Z,2026-09-10T13:59:17.571442+00:00
1.0,RESEARCH_PAPER,An upper bound for the number of chess diagrams without promotion,Daniel Gourion,https://arxiv.org/abs/2112.09386v2,https://github.com/DanielGourion/ChessDiagrams,5169,2021-12-17T08:45:54Z,2026-09-10T13:59:17.571451+00:00
1.0,RESEARCH_PAPER,Learning to Diversify for Single Domain Generalization,"Zijian Wang, Yadan Luo, Ruihong Qiu, Zi Huang, Mahsa Baktashmotlagh",https://arxiv.org/abs/2108.11726v3,https://github.com/busername/learning_to_diversify,9819,2021-08-26T12:04:32Z,2026-09-10T13:59:17.571460+00:00
1.0,RESEARCH_PAPER,NJOY+NCrystal: an open-source tool for creating thermal neutron scattering libraries,"Kemal Ramic, Jose Ignacio Marquez Damian, Thomas Kittelmann, Douglas D. Di Julio, Davide Campi, Marco Bernasconi, Giuseppe Gorini, Valentina Santoro",https://arxiv.org/abs/2108.11737v2,https://github.com/highness-eu/njoy-ncrystal-library,9258,2021-08-26T12:33:57Z,2026-09-10T13:59:17.571470+00:00
1.0,RESEARCH_PAPER,Fully Convolutional Networks for Semantic Segmentation,"Evan Shelhamer, Jonathan Long, Trevor Darrell",http://arxiv.org/abs/1605.06211v1,https://github.com/2023-MindSpore-4/Code10/tree/main/FCN8s,2629,2016-05-20T04:30:16Z,2026-09-10T13:59:17.571479+00:00
1.0,RESEARCH_PAPER,Micromechanical fatigue experiments for validation of microstructure-sensitive fatigue simulation models,"Ali Riza Durmaz, Erik Natkowski, Nikolai Arnaudov, Petra Sonnweber-Ribic, Stefan Weihe, Sebastian Münstermann, Chris Eberl, Peter Gumbsch",https://arxiv.org/abs/2112.04342v1,https://github.com/boschresearch/vitemi,8682,2021-12-08T15:49:39Z,2026-09-10T13:59:17.571488+00:00
1.0,RESEARCH_PAPER,Lyra: A Benchmark for Turducken-Style Code Generation,"Qingyuan Liang, Zeyu Sun, Qihao Zhu, Wenjie Zhang, Lian Yu, Yingfei Xiong, Lu Zhang",https://arxiv.org/abs/2108.12144v3,https://github.com/liangqingyuan/lyra,2163,2021-08-27T07:22:55Z,2026-09-10T13:59:17.571498+00:00
1.0,RESEARCH_PAPER,Exploiting anticommutation in Hamiltonian simulation,"Qi Zhao, Xiao Yuan",https://arxiv.org/abs/2103.07988v2,https://github.com/zhaoqthu/anticommuHamiltonian,8004,2021-03-14T18:13:15Z,2026-09-10T13:59:17.571507+00:00
1.0,RESEARCH_PAPER,Emotion Prediction Oriented method with Multiple Supervisions for Emotion-Cause Pair Extraction,"Guimin Hu, Yi Zhao, Guangming Lu",https://arxiv.org/abs/2302.12417v1,https://github.com/lemei/epo-ecpe,9786,2023-02-24T02:45:49Z,2026-09-10T13:59:17.571516+00:00
1.0,RESEARCH_PAPER,MLP-Mixer: An all-MLP Architecture for Vision,"Ilya Tolstikhin, Neil Houlsby, Alexander Kolesnikov, Lucas Beyer, Xiaohua Zhai, Thomas Unterthiner, Jessica Yung, Andreas Steiner, Daniel Keysers, Jakob Uszkoreit, Mario Lucic, Alexey Dosovitskiy",https://arxiv.org/abs/2105.01601v4,https://github.com/BR-IDL/PaddleViT/blob/main/image_classification/MLP-Mixer,2585,2021-05-04T16:17:21Z,2026-09-10T13:59:17.571525+00:00
1.0,RESEARCH_PAPER,SIGLE: a valid procedure for Selective Inference with the Generalized Linear Lasso,"Quentin Duchemin, Yohann de Castro",https://arxiv.org/abs/2203.15348v3,https://github.com/quentin-duchemin/sigle,4977,2022-03-29T08:42:38Z,2026-09-10T13:59:17.571534+00:00
1.0,RESEARCH_PAPER,Topic-Guided Abstractive Text Summarization: a Joint Learning Approach,"Chujie Zheng, Kunpeng Zhang, Harry Jiannan Wang, Ling Fan, Zhe Wang",https://arxiv.org/abs/2010.10323v2,https://github.com/chz816/tas,3225,2020-10-20T14:45:25Z,2026-09-10T13:59:17.571543+00:00
1.0,RESEARCH_PAPER,"Federated Reconnaissance: Efficient, Distributed, Class-Incremental Learning","Sean M. Hendryx, Dharma Raj KC, Bradley Walls, Clayton T. Morrison",https://arxiv.org/abs/2109.00150v1,https://github.com/ml4ai/fed-recon,4263,2021-09-01T01:51:30Z,2026-09-10T13:59:17.571551+00:00
1.0,RESEARCH_PAPER,Improving Multimodal Fusion with Hierarchical Mutual Information Maximization for Multimodal Sentiment Analysis,"Wei Han, Hui Chen, Soujanya Poria",https://arxiv.org/abs/2109.00412v2,https://github.com/declare-lab/multimodal-infomax,8283,2021-09-01T14:45:16Z,2026-09-10T13:59:17.571560+00:00
1.0,RESEARCH_PAPER,TorchAudio: Building Blocks for Audio and Speech Processing,"Yao-Yuan Yang, Moto Hira, Zhaoheng Ni, Anjali Chourdia, Artyom Astafurov, Caroline Chen, Ching-Feng Yeh, Christian Puhrsch, David Pollack, Dmitriy Genzel, Donny Greenberg, Edward Z. Yang, Jason Lian, Jay Mahadeokar, Jeff Hwang, Ji Chen, Peter Goldsborough, Prabhat Roy, Sean Narenthiran, Shinji Watanabe, Soumith Chintala, Vincent Quenneville-Bélair, Yangyang Shi",https://arxiv.org/abs/2110.15018v2,https://github.com/pytorch/audio,8043,2021-10-28T10:58:22Z,2026-09-10T13:59:17.571571+00:00
1.0,RESEARCH_PAPER,Modular Retrieval for Generalization and Interpretation,"Juhao Liang, Chen Zhang, Zhengyang Tang, Jie Fu, Dawei Song, Benyou Wang",https://arxiv.org/abs/2303.13419v1,https://github.com/freedomintelligence/remop,9666,2023-03-23T16:40:00Z,2026-09-10T13:59:17.571580+00:00
1.0,RESEARCH_PAPER,"Creative Diversity: Patterns in the Creative Habits of ~10,000 People","Eric Berlow, Spencer Canon, Kaustuv DeBiswas, David Gurman, Shawna Jacoby, Lizbet Simmons, Andy Walshe, Rich Williams, Tiffany Yuan, Mark Runco",https://arxiv.org/abs/2108.12759v2,https://github.com/ericberlow/creative-diversity,9153,2021-08-29T06:34:02Z,2026-09-10T13:59:17.571589+00:00
1.0,RESEARCH_PAPER,Have I done enough planning or should I plan more?,"Ruiqi He, Yash Raj Jain, Falk Lieder",https://arxiv.org/abs/2201.00764v1,https://github.com/reeche/planningamount,1359,2022-01-03T17:11:07Z,2026-09-10T13:59:17.571598+00:00
1.0,RESEARCH_PAPER,"Shared Heritage, Distinct Writing: Rethinking Resource Selection for East Asian Historical Documents","Seyoung Song, Haneul Yoo, Jiho Jin, Kyunghyun Cho, Alice Oh",https://arxiv.org/abs/2411.04822v1,https://github.com/seyoungsong/classical-chinese-transfer,8412,2024-11-07T15:59:54Z,2026-09-10T13:59:17.571607+00:00
1.0,RESEARCH_PAPER,The Newspaper Navigator Dataset: Extracting And Analyzing Visual Content from 16 Million Historic Newspaper Pages in Chronicling America,"Benjamin Charles Germain Lee, Jaime Mears, Eileen Jakeway, Meghan Ferriter, Chris Adams, Nathan Yarasavage, Deborah Thomas, Kate Zwaard, Daniel S. Weld",https://arxiv.org/abs/2005.01583v1,https://github.com/parthasarathy-ss/newspaper-navigator,2940,2020-05-04T15:51:13Z,2026-09-10T13:59:17.571616+00:00
1.0,RESEARCH_PAPER,Online Generalized Method of Moments for Time Series,"Man Fung Leung, Kin Wai Chan, Xiaofeng Shao",https://arxiv.org/abs/2502.00751v1,https://github.com/hemanlmf/gmwm,7023,2025-02-02T11:16:20Z,2026-09-10T13:59:17.571625+00:00
1.0,RESEARCH_PAPER,BERT-Assisted Semantic Annotation Correction for Emotion-Related Questions,Abe Kazemzadeh,https://arxiv.org/abs/2204.00916v1,https://github.com/abecode/emo20q,1917,2022-04-02T18:00:49Z,2026-09-10T13:59:17.571634+00:00
1.0,RESEARCH_PAPER,Scalable Feature Matching Across Large Data Collections,David Degras,https://arxiv.org/abs/2101.02035v1,https://github.com/ddegras/matchFeat,2481,2021-01-06T13:52:30Z,2026-09-10T13:59:17.571644+00:00
1.0,RESEARCH_PAPER,Learning Phrase Representations using RNN Encoder-Decoder for Statistical Machine Translation,"Kyunghyun Cho, Bart van Merrienboer, Caglar Gulcehre, Dzmitry Bahdanau, Fethi Bougares, Holger Schwenk, Yoshua Bengio",http://arxiv.org/abs/1406.1078v3,https://github.com/mindspore-ai/models/tree/master/official/nlp/gru,2699,2014-06-03T17:47:08Z,2026-09-10T13:59:17.571655+00:00
